path,title,authors,description,context,role,confidence,original_location_in_dropbox,sha1
classwork/graduate/2015-1-adaptive-control/code/Controle Máquina CC 2 - PID - Terra Mágica do Natal.psimsch,DC machine speed loop with PID (plant reused for MRAC),"Pedro, adapted from a 2012 undergrad group project ('NOSSO' = 'ours', so originally co-authored with classmates of the Acionamentos course)","Closed-loop speed control of a separately-excited DC machine with a conventional PID, derived from the DC-machine PID model in the inherited drives-course material (Pedro's corrected copy 'Controle em Malha Fechada da Máquina CC 2 - PID (Corrigido)' is dated 2015-03-30, the day after Lista 1 of this course; no evidence Pedro authored the 2012 original). In the adaptive-control course it served as ","Controle Adaptativo (PPGEE/UFRN, 2015-1, Prof. Aldayr Dantas de Araújo per programa_controle_adaptativo.pdf); Lista 1 starting point (lista_controle_adaptativo_1.pdf (1o Trabalho: direct MRAC with measurable states, a) MIT rule, b) gradient))",reference-material,medium,Documentos/Mestrado/Controle Adaptativo/Controle Máquina CC 2 - PID - Terra Mágica do Natal.psimsch,83bf28db2bb2889daba574d23ecfc240a5b80dcd
classwork/graduate/2015-1-adaptive-control/code/Experimentos/Experimento - Quarta Ordem try 2.psimsch,"4th-order plant experiment, second try",Pedro (Pedro Yochinori Gushiken) - single-author reports credit only him; no other names found,"Second attempt at the 4th-order PE-attenuation/estimation experiment. Pedro then moved on to a 3rd-order plant the next day, which suggests the 4th-order case was dropped as not converging.",Personal experiment / TCC precursor,failed,low,Documentos/Mestrado/Controle Adaptativo/Experimentos/Experimento - Quarta Ordem try 2.psimsch,db6017748dc05ea77aca75215494ac5045c55447
classwork/graduate/2015-1-adaptive-control/code/Experimentos/Experimento - Quarta Ordem.psimsch,4th-order plant PE-attenuation experiment (first try),Pedro (Pedro Yochinori Gushiken) - single-author reports credit only him; no other names found,Experiment applying the parallel-model estimator with PE switch-off to a 4th-order plant. This was the first attempt to scale the Bonus idea above 1st order. No waveforms were kept.,"Personal experiment after the List 2 report, a precursor of the TCC 'Estimação de Parâmetros' series (folders 4.1/4.2 'Quarta Ordem' in the TCC stayed empty)",experiment,medium,Documentos/Mestrado/Controle Adaptativo/Experimentos/Experimento - Quarta Ordem.psimsch,ec0b07542cbf17159c4f8dca2d9dc18cc74b8c9d
classwork/graduate/2015-1-adaptive-control/code/Experimentos/Experimento-Terceira ORdem - No Convergence.psimsch,3rd-order experiment 'No Convergence',Pedro (Pedro Yochinori Gushiken) - single-author reports credit only him; no other names found,"Version of the 3rd-order estimator saved to document a configuration in which the estimates do not converge. The file name records the outcome. Pedro kept it on purpose and reran it in September 2015 (51 MB smv) while writing the TCC, perhaps as a counter-example.",Personal experiment; TCC 3.1,failed,medium,Documentos/Mestrado/Controle Adaptativo/Experimentos/Experimento-Terceira ORdem - No Convergence.psimsch,81a01e2988f08413e14799ba9d69d5f67d82c6ca
classwork/graduate/2015-1-adaptive-control/code/Experimentos/Experimento-Terceira ORdem - try to converge.psimsch,3rd-order experiment 'try to converge',Pedro (Pedro Yochinori Gushiken) - single-author reports credit only him; no other names found,Attempt to get the 3rd-order lumped-parameter estimator to converge by tweaking gains or initial values.,Personal experiment / TCC 3.1,intermediate-version,medium,Documentos/Mestrado/Controle Adaptativo/Experimentos/Experimento-Terceira ORdem - try to converge.psimsch,d7dbf9ab81ad5b3631847c0482ef30bd7c603ebb
classwork/graduate/2015-1-adaptive-control/code/Experimentos/Experimento-Terceira ORdem impl.psimsch,3rd-order experiment 'impl' (basis for Unit 3),Pedro (Pedro Yochinori Gushiken) - single-author reports credit only him; no other names found,"June re-save of the 3rd-order estimator ('impl' = implementation), made one hour before the Unit 3 (List 3) schematics. It was most likely the template that was cut down to the 2nd-order plant (a, b, c) used in the List 3 report.","Bridge between the May experiments and lista_controle_adaptativo_3.pdf (3o Trabalho: identification of the 2nd-order plant, a) instantaneous gradient, b) +projection, c) integral cost, d) pure LS, e) LS with forgetting) + RelatórioUN3 e 4/relatório/Q1.tex (PDF 2015-06-22 22:32)",intermediate-version,low,Documentos/Mestrado/Controle Adaptativo/Experimentos/Experimento-Terceira ORdem impl.psimsch,20bee1ad6745687695faefdc2a752683ef690cfc
classwork/graduate/2015-1-adaptive-control/code/Experimentos/Experimento-Terceira Ordem - 131barra110 - lembrar.psimsch,"3rd-order experiment, '131/110 – remember' version",Pedro (Pedro Yochinori Gushiken) - single-author reports credit only him; no other names found,"3rd-order plant estimator with lumped parameters (ÂCHAPEU..DCHAPEU, four parameters) and ε1 PE attenuation (a2q1..d2q1 terms, ε1 filtered). The suffix '131barra110 - lembrar' ('131/110 - remember') is a note-to-self about a value or ratio, possibly a gain or plant coefficient, whose meaning is lost.","Personal experiment; Later reused for Pedro's undergraduate TCC 'Identificação de Parâmetros através de Sinal PE com Esquema de Desligamento Automático' (advisor Aldayr, TCC - Main.pdf Nov 2015), copied into Mestrado/TCC/Experimentos/Estimação de Parâmetros (folder tree created 2015-08-20) (3.1 Terceira Ordem - Parâmetros Aglutinados)",experiment,medium,Documentos/Mestrado/Controle Adaptativo/Experimentos/Experimento-Terceira Ordem - 131barra110 - lembrar.psimsch,6c76961dda5b52dd8a5a5090e66620bacba68046
classwork/graduate/2015-1-adaptive-control/code/Experimentos/Experimento-Terceira Ordem - Final - Ganho.psimsch,3rd-order experiment 'Final – Ganho',Pedro (Pedro Yochinori Gushiken) - single-author reports credit only him; no other names found,"3rd-order PE-attenuation estimator, an early 'final' candidate with gain changes ('Ganho'). It is the largest of the series (44.9 KB), probably because of extra gain blocks or parameters.",Personal experiment / TCC 3.1,intermediate-version,medium,Documentos/Mestrado/Controle Adaptativo/Experimentos/Experimento-Terceira Ordem - Final - Ganho.psimsch,c451a6e3571811be02ecb897934198d9ed661147
classwork/graduate/2015-1-adaptive-control/code/Experimentos/Experimento-Terceira Ordem - Final.psimsch,"3rd-order PE-attenuation experiment, Final",Pedro (Pedro Yochinori Gushiken) - single-author reports credit only him; no other names found,"Final May version of the 3rd-order (lumped-parameter) estimator with automatic PE attenuation. It was saved after the non-converging variants, so it is presumably the converging configuration.",Personal experiment; TCC 3.1,final,medium,Documentos/Mestrado/Controle Adaptativo/Experimentos/Experimento-Terceira Ordem - Final.psimsch,0514449dd27892502acd21bfce0606677532e39b
classwork/graduate/2015-1-adaptive-control/code/Experimentos/Q2 - Relé - Astrom Hagglund.psimsch,Relay auto-tuning (Åström–Hägglund) PID test,Pedro (Pedro Yochinori Gushiken) - single-author reports credit only him; no other names found,"Relay-feedback experiment for Åström–Hägglund PID auto-tuning: a relay induces a limit cycle and the ultimate gain/period gives the PID settings. The tuning note Experimentos/para-untitled1.txt (16:18 the same day) holds kc=0.02, taui=17, taud=4.25 (Ti/Td=4, Ziegler–Nichols style).","Likely lista_controle_adaptativo_4.pdf (4o Trabalho: 1) pole-placement STC, 2) MRAC, 3) Astrom-Hagglund adaptive PID) item 3 (Astrom-Hagglund adaptive PID), although the file is prefixed 'Q2'. No List 4 report was found, so the mapping is unconfirmed.",experiment,medium,Documentos/Mestrado/Controle Adaptativo/Experimentos/Q2 - Relé - Astrom Hagglund.psimsch,8a2934ea49a0fdf11252cc3f503be7792a40c80c
classwork/graduate/2015-1-adaptive-control/code/Experimentos/Q2-Atenuação-Parâmetros da planta senoidais.psimsch,Bonus with sinusoidally varying plant parameters,Pedro (Pedro Yochinori Gushiken) - single-author reports credit only him; no other names found,"Variant in which the RL-plant parameters vary sinusoidally ('senoidais'), testing estimator tracking and PE re-activation. The root note para-untitled1.txt (saved 1 minute earlier) re-derives Ẋ=-XR/L+U/L for this plant.",Robustness experiment; TCC 1.1,experiment,medium,Documentos/Mestrado/Controle Adaptativo/Experimentos/Q2-Atenuação-Parâmetros da planta senoidais.psimsch,0e777d913c358a5b693a4ffcd9baf5114643279a
classwork/graduate/2015-1-adaptive-control/code/Experimentos/Q2-Atenuação-Parâmetros da planta variáveis - Noise.psimsch,Bonus with varying plant + measurement noise,Pedro (Pedro Yochinori Gushiken) - single-author reports credit only him; no other names found,"The time-varying-plant PE-attenuation estimator with added measurement noise, a robustness test of the ε1 switch-off (noise keeps the update rates from vanishing).",Robustness experiment; TCC 1.1,experiment,medium,Documentos/Mestrado/Controle Adaptativo/Experimentos/Q2-Atenuação-Parâmetros da planta variáveis - Noise.psimsch,b926c36f94d7ebe86e7f068ac1a66d3a0d970515
classwork/graduate/2015-1-adaptive-control/code/Experimentos/Q2-Atenuação-Parâmetros da planta variáveis - Projeção - NoFilterEpsilon.psimsch,"Varying plant + projection, no ε filter (course copy)",Pedro (Pedro Yochinori Gushiken) - single-author reports credit only him; no other names found,"Projection version with the low-pass filter on ε1 removed ('NoFilterEpsilon'), to see the PE switch-off without filtering. This is the June version kept in the course folder.","Robustness experiment, Controle Adaptativo (PPGEE/UFRN, 2015-1, Prof. Aldayr Dantas de Araújo per programa_controle_adaptativo.pdf)",experiment,medium,Documentos/Mestrado/Controle Adaptativo/Experimentos/Q2-Atenuação-Parâmetros da planta variáveis - Projeção - NoFilterEpsilon.psimsch,13c41c57ce16a3c511491aa04a52679e01969520
classwork/graduate/2015-1-adaptive-control/code/Experimentos/Q2-Atenuação-Parâmetros da planta variáveis - Projeção.psimsch,Bonus with varying plant + parameter projection,Pedro (Pedro Yochinori Gushiken) - single-author reports credit only him; no other names found,"Adds parameter projection (bounding â and b̂ between limits) to the time-varying-plant PE-attenuation estimator. This is the first use of the projection that reappears in the List 3 report (U3 Letra B, 'Projeção' figure).",Robustness experiment; precursor of List 3 b) projection; TCC 1.1,experiment,medium,Documentos/Mestrado/Controle Adaptativo/Experimentos/Q2-Atenuação-Parâmetros da planta variáveis - Projeção.psimsch,7de30ab3d1e1137a8981ced66834568dfb02b7c3
classwork/graduate/2015-1-adaptive-control/code/Experimentos/Q2-Atenuação-Parâmetros da planta variáveis.psimsch,Bonus on a time-varying plant,Pedro (Pedro Yochinori Gushiken) - single-author reports credit only him; no other names found,"PE-attenuation estimator on the 1st-order RL plant whose true parameters vary in time ('Parâmetros da planta variáveis'), to test whether the ε1 scheme switches the PE signal back on when the plant changes. The 'Q2' prefix refers to Unit 2 Question 2 (the RL plant).","Robustness experiment after List 2; Later reused for Pedro's undergraduate TCC 'Identificação de Parâmetros através de Sinal PE com Esquema de Desligamento Automático' (advisor Aldayr, TCC - Main.pdf Nov 2015), copied into Mestrado/TCC/Experimentos/Estimação de Parâmetros (folder tree created 2015-08-20)",experiment,medium,Documentos/Mestrado/Controle Adaptativo/Experimentos/Q2-Atenuação-Parâmetros da planta variáveis.psimsch,9d3b1ffde8be80cd55c142ed136610a8c39be03e
classwork/graduate/2015-1-adaptive-control/code/Experimentos/Unidade2-Q2-Bonus-Atenuação-FrequênciaVariável.psimsch,Bonus experiment: PE attenuation with variable frequency,Pedro (Pedro Yochinori Gushiken) - single-author reports credit only him; no other names found,"A further variant of the PE-attenuation scheme in which the PE sinusoid frequency changes over time ('Frequência Variável'), presumably to test convergence and switch-off with a richer or varying excitation on the RL plant.","Personal/TCC exploration, Controle Adaptativo (PPGEE/UFRN, 2015-1, Prof. Aldayr Dantas de Araújo per programa_controle_adaptativo.pdf); Later reused for Pedro's undergraduate TCC 'Identificação de Parâmetros através de Sinal PE com Esquema de Desligamento Automático' (advisor Aldayr, TCC - Main.pdf Nov 2015), copied into Mestrado/TCC/Experimentos/Estimação de Parâmetros (folder tree created 2015-0",experiment,medium,Documentos/Mestrado/Controle Adaptativo/Experimentos/Unidade2-Q2-Bonus-Atenuação-FrequênciaVariável.psimsch,b810e466057ae914ad9ba616d2a4eede1ada0842
classwork/graduate/2015-1-adaptive-control/code/Experimentos/Unidade2-Q2-Bonus-Atenuação-Lei de Frequência.psimsch,Bonus experiment: PE attenuation with a frequency law,Pedro (Pedro Yochinori Gushiken) - single-author reports credit only him; no other names found,"Experimental extension of the U2 Bonus: on top of attenuating the PE amplitude through ε1, the frequency of the PE sinusoid is also governed by a law ('Lei de Frequência'). Same 1st-order RL plant and parallel estimator.","Personal experiments after the List 2 report (Controle Adaptativo (PPGEE/UFRN, 2015-1, Prof. Aldayr Dantas de Araújo per programa_controle_adaptativo.pdf)). Later reused for Pedro's undergraduate TCC 'Identificação de Parâmetros através de Sinal PE com Esquema de Desligamento Automático' (advisor Aldayr, TCC - Main.pdf Nov 2015), copied into Mestrado/TCC/Experimentos/Estimação de Parâmetros (folde",experiment,medium,Documentos/Mestrado/Controle Adaptativo/Experimentos/Unidade2-Q2-Bonus-Atenuação-Lei de Frequência.psimsch,4d74534da9f2f6855665ff9601cd6ec2f6154a32
classwork/graduate/2015-1-adaptive-control/code/Experimentos/Unidade2-Q2-Bonus-Atenuação.psimsch,"Bonus PE-attenuation, revised (experiments/TCC copy)",Pedro (Pedro Yochinori Gushiken) - single-author reports credit only him; no other names found,"Revised version of the Unit-2 Bonus model (30.5 KB vs 26.5 KB). It contains the probes epsilon1, a2q1/b2q1 (squared update rates times q) and epsilon1filtered alongside E0, X, XCHAPEU, ACHAPEU, BCHAPEU. It is the base model for the TCC first-order case.","Experiments after the List 2 report; Later reused for Pedro's undergraduate TCC 'Identificação de Parâmetros através de Sinal PE com Esquema de Desligamento Automático' (advisor Aldayr, TCC - Main.pdf Nov 2015), copied into Mestrado/TCC/Experimentos/Estimação de Parâmetros (folder tree created 2015-08-20)",experiment,medium,Documentos/Mestrado/Controle Adaptativo/Experimentos/Unidade2-Q2-Bonus-Atenuação.psimsch,943aa5edf77e71819904d4a6f7ce8ec0094df577
classwork/graduate/2015-1-adaptive-control/code/Experimentos/para-untitled1.txt,PSIM parameter file (variable definitions loaded by a Parameter File element in the schematic),same as the simulations in this folder,,companion file of the simulations in this folder,companion,high,Documentos/Mestrado/Controle Adaptativo/Experimentos/para-untitled1.txt,d79fc3291e4113f250f088273456b0f2cfd9ab84
classwork/graduate/2015-1-adaptive-control/code/Experimentos/untitled5.psimsch,Untitled scratch schematic,Pedro (Pedro Yochinori Gushiken) - single-author reports credit only him; no other names found,"Small (5.9 KB) unnamed PSIM sheet saved at 04:42 in the middle of the 3rd/4th-order experiments, probably a scratch test of a sub-block. Its content cannot be determined.","Experimentos folder, May 2015",test/scratch,low,Documentos/Mestrado/Controle Adaptativo/Experimentos/untitled5.psimsch,87a7a15eed1e6f085f81ca1a8454e31cc106817d
classwork/graduate/2015-1-adaptive-control/code/RelatórioUN3 e 4/relatório/smv/MínimosQuadradosSIMVIEW.smv,Waveforms: List 3 least squares (report attachment),Pedro (Pedro Yochinori Gushiken) - single-author reports credit only him; no other names found,"SIMVIEW data stored inside the UN3/4 report folder for the least-squares run: E0, X, X̂, Â, B̂, Ĉ, ε1, U and the adaptive gains Gama1..Gama3.","Controle Adaptativo (PPGEE/UFRN, 2015-1, Prof. Aldayr Dantas de Araújo per programa_controle_adaptativo.pdf); lista_controle_adaptativo_3.pdf (3o Trabalho: identification of the 2nd-order plant, a) instantaneous gradient, b) +projection, c) integral cost, d) pure LS, e) LS with forgetting) + RelatórioUN3 e 4/relatório/Q1.tex (PDF 2015-06-22 22:32) item e) (report 'Lista 3, Letra E')",results-data,high,Documentos/Mestrado/Controle Adaptativo/RelatórioUN3 e 4/relatório/smv/MínimosQuadradosSIMVIEW.smv,920bc54af63204e217566958e5781d35834b5878
classwork/graduate/2015-1-adaptive-control/code/Unidade 2/Unidade2-Q1-A.psimsch,U2 Q1-A: estimate R in V=Ri with u=e^-t,Pedro (Pedro Yochinori Gushiken) - single-author reports credit only him; no other names found,"Parallel-model gradient estimator for a static plant V=R·i (R=5 Ω) with the input u=e^-t. The output error e0 goes to zero, but the estimate Teta does not reach R because the decaying input is not persistently exciting. It shows Y, Teta, Ychapeu and e0.","Controle Adaptativo (PPGEE/UFRN, 2015-1, Prof. Aldayr Dantas de Araújo per programa_controle_adaptativo.pdf); Lista 2 item 1 = report 'Questão 1 Letra A' (lista_controle_adaptativo_2.pdf (2o Trabalho) + Unidade 2/Relatório/Relatorio.tex ('Lista de Exercícios 2', Pedro Yochinori Gushiken, PDF 2015-05-31))",final,high,Documentos/Mestrado/Controle Adaptativo/Unidade 2/Unidade2-Q1-A.psimsch,77e86f2165dc21a4e0c3b06b2301a87d1d1bba3a
classwork/graduate/2015-1-adaptive-control/code/Unidade 2/Unidade2-Q1-B.psimsch,U2 Q1-B: estimate R with u=1 (PE),Pedro (Pedro Yochinori Gushiken) - single-author reports credit only him; no other names found,"Same parallel-model estimator for V=Ri, but with a constant input u=1. That input is persistently exciting for a static plant, so Teta converges to R=5 Ω.","Controle Adaptativo (PPGEE/UFRN, 2015-1, Prof. Aldayr Dantas de Araújo per programa_controle_adaptativo.pdf); Lista 2 item 2 = report Questão 1 Letra B",final,high,Documentos/Mestrado/Controle Adaptativo/Unidade 2/Unidade2-Q1-B.psimsch,3098a353868f1a267f1411800e29039f954b7e76
classwork/graduate/2015-1-adaptive-control/code/Unidade 2/Unidade2-Q1-C.psimsch,U2 Q1-C: normalised estimator for u=e^t,Pedro (Pedro Yochinori Gushiken) - single-author reports credit only him; no other names found,"Estimator for V=Ri with an unbounded input u=e^t. It uses normalisation m=sqrt(1+u^2), so the normalised signals (ū=u/m, ȳ=y/m; probes Yb, Ychapeub) stay in L∞ and the estimate stays bounded and converges.","Controle Adaptativo (PPGEE/UFRN, 2015-1, Prof. Aldayr Dantas de Araújo per programa_controle_adaptativo.pdf); Lista 2 item 3 = report Questão 1 Letra C",final,high,Documentos/Mestrado/Controle Adaptativo/Unidade 2/Unidade2-Q1-C.psimsch,44621c6897dd429cb9ed0bf619f1513342d432cf
classwork/graduate/2015-1-adaptive-control/code/Unidade 2/Unidade2-Q1-C.smv,Waveforms: U2 Q1-C,Pedro (Pedro Yochinori Gushiken) - single-author reports credit only him; no other names found,"SIMVIEW data for the normalised Q1-C run: Teta, normalised model output Ychapeub, normalised plant output Yb and error e0.","Controle Adaptativo (PPGEE/UFRN, 2015-1, Prof. Aldayr Dantas de Araújo per programa_controle_adaptativo.pdf); Lista 2 item 3",results-data,high,Documentos/Mestrado/Controle Adaptativo/Unidade 2/Unidade2-Q1-C.smv,aedceb662b2424fb7571e9bdf6c2631eddf7cd8c
classwork/graduate/2015-1-adaptive-control/code/Unidade 2/Unidade2-Q2-A-Paralelo-Não-Normalizado.psimsch,"U2 Q2-A: parallel model, un-normalised, RL plant with u=1",Pedro (Pedro Yochinori Gushiken) - single-author reports credit only him; no other names found,"Parallel-model gradient estimator for the RL plant (R=12 Ω, L=1 H; a=R/L, b=1/L) with a constant input. The output converges, but â and b̂ need not converge to the true values because u=1 is not PE for a 1st-order plant.","Controle Adaptativo (PPGEE/UFRN, 2015-1, Prof. Aldayr Dantas de Araújo per programa_controle_adaptativo.pdf); Lista 2 item 4 = report Questão 2 Letra A",final,high,Documentos/Mestrado/Controle Adaptativo/Unidade 2/Unidade2-Q2-A-Paralelo-Não-Normalizado.psimsch,6ef5eadfec60f77ea8ecd9b98c1ed9bb8a1f6cc1
classwork/graduate/2015-1-adaptive-control/code/Unidade 2/Unidade2-Q2-A.psimsch,"U2 Q2-A, first version (RL plant, u=1)",Pedro (Pedro Yochinori Gushiken) - single-author reports credit only him; no other names found,"Early version (30 April) of the first-order RL-plant estimator: ẋ=-ax+bu with a=R/L, b=1/L, estimates ACHAPEU/BCHAPEU, model XCHAPEU and error E0. The run was short (18 KB smv), with an extra probe VP2.","Controle Adaptativo (PPGEE/UFRN, 2015-1, Prof. Aldayr Dantas de Araújo per programa_controle_adaptativo.pdf); Lista 2 item 4 (stable 1st-order plant, u=1)",intermediate-version,medium,Documentos/Mestrado/Controle Adaptativo/Unidade 2/Unidade2-Q2-A.psimsch,0302b8b2341996701e014aad4602807b12831b79
classwork/graduate/2015-1-adaptive-control/code/Unidade 2/Unidade2-Q2-A.smv,Waveforms: U2 Q2-A first version,Pedro (Pedro Yochinori Gushiken) - single-author reports credit only him; no other names found,"Short SIMVIEW run of the early Q2-A estimator: VP2, E0, X, XCHAPEU, ACHAPEU, BCHAPEU.","Controle Adaptativo (PPGEE/UFRN, 2015-1, Prof. Aldayr Dantas de Araújo per programa_controle_adaptativo.pdf); Lista 2 item 4",results-data,high,Documentos/Mestrado/Controle Adaptativo/Unidade 2/Unidade2-Q2-A.smv,8dd4d7a3e4c6339c0ecf94ecc1f0ae361ac5473f
classwork/graduate/2015-1-adaptive-control/code/Unidade 2/Unidade2-Q2-B-Paralelo-Não-Normalizado.psimsch,"U2 Q2-B: parallel model, un-normalised, RL plant with sine input",Pedro (Pedro Yochinori Gushiken) - single-author reports credit only him; no other names found,"Same estimator with R=1.2 Ω, L=0.01 H and a sinusoidal input. The sine is PE for a 1st-order plant, so â→R/L and b̂→1/L. It shows E0, X, XCHAPEU, ACHAPEU, BCHAPEU plus two auxiliary probes 'h' and 'Gáz' whose meaning cannot be told.","Controle Adaptativo (PPGEE/UFRN, 2015-1, Prof. Aldayr Dantas de Araújo per programa_controle_adaptativo.pdf); Lista 2 item 5 = report Questão 2 Letra B",final,high,Documentos/Mestrado/Controle Adaptativo/Unidade 2/Unidade2-Q2-B-Paralelo-Não-Normalizado.psimsch,37524d0d2cba8fdda4a1dc9b9b62651fba8d7d76
classwork/graduate/2015-1-adaptive-control/code/Unidade 2/Unidade2-Q2-B-Paralelo-Não-Normalizado.smv,Waveforms: U2 Q2-B,Pedro (Pedro Yochinori Gushiken) - single-author reports credit only him; no other names found,"SIMVIEW data for Q2-B: E0, X, XCHAPEU, ACHAPEU, BCHAPEU, h, Gáz.","Controle Adaptativo (PPGEE/UFRN, 2015-1, Prof. Aldayr Dantas de Araújo per programa_controle_adaptativo.pdf); Lista 2 item 5",results-data,high,Documentos/Mestrado/Controle Adaptativo/Unidade 2/Unidade2-Q2-B-Paralelo-Não-Normalizado.smv,030c337c11bd72b211be5629a39460b8074deb5f
classwork/graduate/2015-1-adaptive-control/code/Unidade 2/Unidade2-Q2-Bonus-Atenuação.psimsch,U2 Bonus: PE-signal attenuation/switch-off (as reported),Pedro (Pedro Yochinori Gushiken) - single-author reports credit only him; no other names found,"Pedro's own 'bonus' idea: the RL plant of Q2-B (R=1.2 Ω, L=0.01 H) is driven by u=100·ε1·sin(20πt)+100. The amplitude ε1 = θ̇ᵀQθ̇/(1+θ̇ᵀQθ̇) (gains q1, q2) is low-pass filtered at 1 Hz, so the PE component turns off once the parameter updates die out. It shows X, X̂, ε1, filtered ε1, the estimates and the output error.","Controle Adaptativo (PPGEE/UFRN, 2015-1, Prof. Aldayr Dantas de Araújo per programa_controle_adaptativo.pdf); Unit 2 report chapter 'Bonus - Método de Atenuação do Sinal Persistentemente Excitante' (Bonus.tex)",final,high,Documentos/Mestrado/Controle Adaptativo/Unidade 2/Unidade2-Q2-Bonus-Atenuação.psimsch,c8409ebd3d100ceb35c4de78db76791c7f6bdf78
classwork/graduate/2015-1-adaptive-control/code/Unidade 2/Unidade2-Q3-A-Normalizado.psimsch,"U2 Q3-A: normalised estimator, unstable plant 2/(s-10), constant input",Pedro (Pedro Yochinori Gushiken) - single-author reports credit only him; no other names found,"Normalised gradient estimator (m^2=1+x^2) for the unstable plant G(s)=2/(s-10) (a=10, b=2), with a constant input. It shows the normalised error ε0 going to zero and the bounded log-difference ln x - ln x̂.","Controle Adaptativo (PPGEE/UFRN, 2015-1, Prof. Aldayr Dantas de Araújo per programa_controle_adaptativo.pdf); Lista 2 item 6 = report Questão 3 Letra A",final,high,Documentos/Mestrado/Controle Adaptativo/Unidade 2/Unidade2-Q3-A-Normalizado.psimsch,7ffc1eaa4e94f797627d023deb7101c1872e2f81
classwork/graduate/2015-1-adaptive-control/code/Unidade 2/Unidade2-Q3-B-Normalizado.psimsch,"U2 Q3-B: normalised estimator, unstable plant, sine input",Pedro (Pedro Yochinori Gushiken) - single-author reports credit only him; no other names found,Same normalised estimator for 2/(s-10) driven by a sinusoid. The report says it gives similar results: the normalised error converges and the log-difference stays bounded.,"Controle Adaptativo (PPGEE/UFRN, 2015-1, Prof. Aldayr Dantas de Araújo per programa_controle_adaptativo.pdf); Lista 2 item 7 = report Questão 3 Letra B",final,high,Documentos/Mestrado/Controle Adaptativo/Unidade 2/Unidade2-Q3-B-Normalizado.psimsch,767f08304117ab6b973e53faa15a82c95ec22c8e
classwork/graduate/2015-1-adaptive-control/code/Unidade 2/dur.txt,Companion text file for the simulations in this folder,same as the simulations in this folder,,companion file of the simulations in this folder,companion,high,Documentos/Mestrado/Controle Adaptativo/Unidade 2/dur.txt,42d632f4523fc74a96f1257f31966feb8c6ffced
classwork/graduate/2015-1-adaptive-control/code/Unidade 3/L.psimsch,Unit 3 'L' small schematic,Pedro (Pedro Yochinori Gushiken) - single-author reports credit only him; no other names found,"Small (8 KB) schematic of unclear purpose saved the morning of 06-17. The same day Unidade 3/para-untitled1.txt was written with tau=1e-4, am1=5, am2=10 (a reference model s²+5s+10?) and a1=200, a2=10000 (the plant), which hints at an early MRAC/Lyapunov test for the 2nd-order plant. 'L' might stand for Lyapunov, but this is a guess.","Controle Adaptativo (PPGEE/UFRN, 2015-1, Prof. Aldayr Dantas de Araújo per programa_controle_adaptativo.pdf); Unit 3/4",test/scratch,low,Documentos/Mestrado/Controle Adaptativo/Unidade 3/L.psimsch,7f5dbd689662e41f61acc277de594b808f90e50b
classwork/graduate/2015-1-adaptive-control/code/Unidade 3/LetraA.psimsch,Unit 3 Letra A: first 2nd-order estimator draft,Pedro (Pedro Yochinori Gushiken) - single-author reports credit only him; no other names found,"First substantial draft (30 KB) of List 3 item a): instantaneous-cost gradient estimator, without projection, for the 2nd-order plant H(s)=9999.44/(s²+200s+9999.44) (parameters a, b, c).","Controle Adaptativo (PPGEE/UFRN, 2015-1, Prof. Aldayr Dantas de Araújo per programa_controle_adaptativo.pdf); lista_controle_adaptativo_3.pdf (3o Trabalho: identification of the 2nd-order plant, a) instantaneous gradient, b) +projection, c) integral cost, d) pure LS, e) LS with forgetting) + RelatórioUN3 e 4/relatório/Q1.tex (PDF 2015-06-22 22:32) item a)",intermediate-version,medium,Documentos/Mestrado/Controle Adaptativo/Unidade 3/LetraA.psimsch,9887e095283ec00ec7aa295ed0c3a9202370b20a
classwork/graduate/2015-1-adaptive-control/code/Unidade 3/LetraB.psimsch,Unit 3 Letra B placeholder (empty),Pedro (Pedro Yochinori Gushiken) - single-author reports credit only him; no other names found,"3.5 KB schematic created as a placeholder for List 3 item b) on 2015-05-22. All four placeholders B-E are the same size and were made within a minute, so they are essentially empty sheets that were never developed. The real item work was done in the 'U3-Q1-Letra …' files.","Controle Adaptativo (PPGEE/UFRN, 2015-1, Prof. Aldayr Dantas de Araújo per programa_controle_adaptativo.pdf); lista_controle_adaptativo_3.pdf (3o Trabalho: identification of the 2nd-order plant, a) instantaneous gradient, b) +projection, c) integral cost, d) pure LS, e) LS with forgetting) + RelatórioUN3 e 4/relatório/Q1.tex (PDF 2015-06-22 22:32)",test/scratch,medium,Documentos/Mestrado/Controle Adaptativo/Unidade 3/LetraB.psimsch,695f0b95af1649379c904154245547ec40e6f111
classwork/graduate/2015-1-adaptive-control/code/Unidade 3/LetraC.psimsch,Unit 3 Letra C placeholder (empty),Pedro (Pedro Yochinori Gushiken) - single-author reports credit only him; no other names found,"3.5 KB schematic created as a placeholder for List 3 item c) on 2015-05-22. All four placeholders B-E are the same size and were made within a minute, so they are essentially empty sheets that were never developed. The real item work was done in the 'U3-Q1-Letra …' files.","Controle Adaptativo (PPGEE/UFRN, 2015-1, Prof. Aldayr Dantas de Araújo per programa_controle_adaptativo.pdf); lista_controle_adaptativo_3.pdf (3o Trabalho: identification of the 2nd-order plant, a) instantaneous gradient, b) +projection, c) integral cost, d) pure LS, e) LS with forgetting) + RelatórioUN3 e 4/relatório/Q1.tex (PDF 2015-06-22 22:32)",test/scratch,medium,Documentos/Mestrado/Controle Adaptativo/Unidade 3/LetraC.psimsch,5c7822e7651405b9e86e6f60b8af297892ee54dd
classwork/graduate/2015-1-adaptive-control/code/Unidade 3/LetraD.psimsch,Unit 3 Letra D placeholder (empty),Pedro (Pedro Yochinori Gushiken) - single-author reports credit only him; no other names found,"3.5 KB schematic created as a placeholder for List 3 item d) on 2015-05-22. All four placeholders B-E are the same size and were made within a minute, so they are essentially empty sheets that were never developed. The real item work was done in the 'U3-Q1-Letra …' files.","Controle Adaptativo (PPGEE/UFRN, 2015-1, Prof. Aldayr Dantas de Araújo per programa_controle_adaptativo.pdf); lista_controle_adaptativo_3.pdf (3o Trabalho: identification of the 2nd-order plant, a) instantaneous gradient, b) +projection, c) integral cost, d) pure LS, e) LS with forgetting) + RelatórioUN3 e 4/relatório/Q1.tex (PDF 2015-06-22 22:32)",test/scratch,medium,Documentos/Mestrado/Controle Adaptativo/Unidade 3/LetraD.psimsch,d5a8fba0130b2385faa62f07891f35a4447524cd
classwork/graduate/2015-1-adaptive-control/code/Unidade 3/LetraE.psimsch,Unit 3 Letra E placeholder (empty),Pedro (Pedro Yochinori Gushiken) - single-author reports credit only him; no other names found,"3.5 KB schematic created as a placeholder for List 3 item e) on 2015-05-22. All four placeholders B-E are the same size and were made within a minute, so they are essentially empty sheets that were never developed. The real item work was done in the 'U3-Q1-Letra …' files.","Controle Adaptativo (PPGEE/UFRN, 2015-1, Prof. Aldayr Dantas de Araújo per programa_controle_adaptativo.pdf); lista_controle_adaptativo_3.pdf (3o Trabalho: identification of the 2nd-order plant, a) instantaneous gradient, b) +projection, c) integral cost, d) pure LS, e) LS with forgetting) + RelatórioUN3 e 4/relatório/Q1.tex (PDF 2015-06-22 22:32)",test/scratch,medium,Documentos/Mestrado/Controle Adaptativo/Unidade 3/LetraE.psimsch,ecb16260bd0552c4324068dec933201f2a5ef811
classwork/graduate/2015-1-adaptive-control/code/Unidade 3/U3-Q1-Letra A e B-PE Atenuado-Projeção-Gradiente Instantâneo-Normalizado.psimsch,"U3 Q1 items a/b: attenuated PE, projection, instantaneous gradient, normalised (reported)",Pedro (Pedro Yochinori Gushiken) - single-author reports credit only him; no other names found,"Normalised parallel-model gradient estimator with an instantaneous cost for the plant 9999.44/(s²+200s+9999.44). Input U=100+ε1·Sq (15 Hz square wave), ε1=1/(1+Σq_i·θ̇_i²) with q=(0.015, 0.006, 0.007); projection on a, b, c; γ=(15000, 45000, 1500). It shows the A/B/C estimates, E0, ε1, U and X.","Controle Adaptativo (PPGEE/UFRN, 2015-1, Prof. Aldayr Dantas de Araújo per programa_controle_adaptativo.pdf); lista_controle_adaptativo_3.pdf (3o Trabalho: identification of the 2nd-order plant, a) instantaneous gradient, b) +projection, c) integral cost, d) pure LS, e) LS with forgetting) + RelatórioUN3 e 4/relatório/Q1.tex (PDF 2015-06-22 22:32) item b) — reported as 'Lista 3, Letra B' in Relató",final,high,Documentos/Mestrado/Controle Adaptativo/Unidade 3/U3-Q1-Letra A e B-PE Atenuado-Projeção-Gradiente Instantâneo-Normalizado.psimsch,390f4d03289238811ca9701309a530041058a606
classwork/graduate/2015-1-adaptive-control/code/Unidade 3/U3-Q1-Letra A e B-PE Atenuado-Projeção-Gradiente Integral-Normalizado.psimsch,U3 Q1 'Letra A e B' renamed to integral cost (intermediate),Pedro (Pedro Yochinori Gushiken) - single-author reports credit only him; no other names found,"Copy of the items a/b model with the integral cost function (∇J with β=2) put in, but still carrying the old 'Letra A e B' name. Forty-two minutes later it was re-saved as 'Letra C', and the two files differ by only 4 bytes.","Controle Adaptativo (PPGEE/UFRN, 2015-1, Prof. Aldayr Dantas de Araújo per programa_controle_adaptativo.pdf); lista_controle_adaptativo_3.pdf (3o Trabalho: identification of the 2nd-order plant, a) instantaneous gradient, b) +projection, c) integral cost, d) pure LS, e) LS with forgetting) + RelatórioUN3 e 4/relatório/Q1.tex (PDF 2015-06-22 22:32) item c)",intermediate-version,medium,Documentos/Mestrado/Controle Adaptativo/Unidade 3/U3-Q1-Letra A e B-PE Atenuado-Projeção-Gradiente Integral-Normalizado.psimsch,929151be096f76fe26bae258a595b6ed698f4ccd
classwork/graduate/2015-1-adaptive-control/code/Unidade 3/U3-Q1-Letra C-PE Atenuado-Projeção-Gradiente Integral-Normalizado.psimsch,U3 Q1 item c: integral-cost gradient with projection (reported),Pedro (Pedro Yochinori Gushiken) - single-author reports credit only him; no other names found,"Integral-cost gradient estimator (β=2, γ=(300, 250, 80), initial a,b,c=(14000, 6000, 120)) with projection and attenuated PE, for the same 2nd-order plant. Step 1e-3 s; the report notes slow convergence.","Controle Adaptativo (PPGEE/UFRN, 2015-1, Prof. Aldayr Dantas de Araújo per programa_controle_adaptativo.pdf); lista_controle_adaptativo_3.pdf (3o Trabalho: identification of the 2nd-order plant, a) instantaneous gradient, b) +projection, c) integral cost, d) pure LS, e) LS with forgetting) + RelatórioUN3 e 4/relatório/Q1.tex (PDF 2015-06-22 22:32) item c) — reported as 'Lista 3, Letra C'",final,high,Documentos/Mestrado/Controle Adaptativo/Unidade 3/U3-Q1-Letra C-PE Atenuado-Projeção-Gradiente Integral-Normalizado.psimsch,dcfde0e914b5c7afe2868353dc353d99b858883a
classwork/graduate/2015-1-adaptive-control/code/Unidade 3/U3-Q1-Letra E-PE Atenuado-Projeção-Mínimos Quadrados-Normalizado.psimsch,"U3 Q1 item e: least squares with forgetting factor, projection (reported)",Pedro (Pedro Yochinori Gushiken) - single-author reports credit only him; no other names found,"Least-squares estimator with a forgetting factor. The covariance/gains γ1..γ3 are bounded by projection instead of resetting P, and the parameter estimates are also projected; attenuated PE input. It shows the A/B/C estimates, γ1-γ3, E0, ε1, U and X. The report admits that fast convergence was not achieved.","Controle Adaptativo (PPGEE/UFRN, 2015-1, Prof. Aldayr Dantas de Araújo per programa_controle_adaptativo.pdf); lista_controle_adaptativo_3.pdf (3o Trabalho: identification of the 2nd-order plant, a) instantaneous gradient, b) +projection, c) integral cost, d) pure LS, e) LS with forgetting) + RelatórioUN3 e 4/relatório/Q1.tex (PDF 2015-06-22 22:32) items d)/e) — reported as 'Lista 3, Letra E'",final,high,Documentos/Mestrado/Controle Adaptativo/Unidade 3/U3-Q1-Letra E-PE Atenuado-Projeção-Mínimos Quadrados-Normalizado.psimsch,1b1f89f54126bb7777fb3a3a726092f4415d7ffd
classwork/graduate/2015-1-adaptive-control/code/Unidade 3/U3-Q1-LetraA-PE-Projeção-Gradiente.psimsch,U3 Q1 Letra A with PE + projection (gradient),Pedro (Pedro Yochinori Gushiken) - single-author reports credit only him; no other names found,Same as U3-Q1-LetraA-PE but with parameter projection added (item b). This is probably where the report figures Projecao.png and adaptacao.png (06-21 17:38-17:44) were captured.,"Controle Adaptativo (PPGEE/UFRN, 2015-1, Prof. Aldayr Dantas de Araújo per programa_controle_adaptativo.pdf); lista_controle_adaptativo_3.pdf (3o Trabalho: identification of the 2nd-order plant, a) instantaneous gradient, b) +projection, c) integral cost, d) pure LS, e) LS with forgetting) + RelatórioUN3 e 4/relatório/Q1.tex (PDF 2015-06-22 22:32) items a)/b)",intermediate-version,medium,Documentos/Mestrado/Controle Adaptativo/Unidade 3/U3-Q1-LetraA-PE-Projeção-Gradiente.psimsch,f0bc89346f9b6e574f35fa3ba1d651c0549c6cd8
classwork/graduate/2015-1-adaptive-control/code/Unidade 3/U3-Q1-LetraA-PE.psimsch,U3 Q1 Letra A with PE input,Pedro (Pedro Yochinori Gushiken) - single-author reports credit only him; no other names found,"List 3 item a): instantaneous-cost gradient estimator for the 2nd-order plant, driven by a PE input (square wave added to the DC reference).","Controle Adaptativo (PPGEE/UFRN, 2015-1, Prof. Aldayr Dantas de Araújo per programa_controle_adaptativo.pdf); lista_controle_adaptativo_3.pdf (3o Trabalho: identification of the 2nd-order plant, a) instantaneous gradient, b) +projection, c) integral cost, d) pure LS, e) LS with forgetting) + RelatórioUN3 e 4/relatório/Q1.tex (PDF 2015-06-22 22:32) item a)",intermediate-version,medium,Documentos/Mestrado/Controle Adaptativo/Unidade 3/U3-Q1-LetraA-PE.psimsch,f105395120befb163c427fc2e24119bc6c24d865
classwork/graduate/2015-1-adaptive-control/code/Unidade 3/para-untitled1.txt,PSIM parameter file (variable definitions loaded by a Parameter File element in the schematic),same as the simulations in this folder,,companion file of the simulations in this folder,companion,high,Documentos/Mestrado/Controle Adaptativo/Unidade 3/para-untitled1.txt,2c6e52853a6bb3862d2617c801d6d40ddefda6b9
classwork/graduate/2015-1-adaptive-control/code/Unidade 4/mrac.psimsch,Unit 4 MRAC for the 2nd-order plant,Pedro (Pedro Yochinori Gushiken) - single-author reports credit only him; no other names found,"Largest schematic of the course (78 KB): a model-reference adaptive controller for the 2nd-order plant of Lists 3/4 (a1=200, a2=10000). The reference model is likely s²+5s+10 according to the Unit 3 parameter note (am1=5, am2=10).","Controle Adaptativo (PPGEE/UFRN, 2015-1, Prof. Aldayr Dantas de Araújo per programa_controle_adaptativo.pdf); lista_controle_adaptativo_4.pdf (4o Trabalho: 1) pole-placement STC, 2) MRAC, 3) Astrom-Hagglund adaptive PID) item 2 (MRAC)",final,medium,Documentos/Mestrado/Controle Adaptativo/Unidade 4/mrac.psimsch,36570067360928f9f91fe2b1abd793059db65c00
classwork/graduate/2015-1-adaptive-control/code/mrac_eqsanaliticas.psimsch,MRAC with analytical equations (fork of mrac_start),Pedro (Pedro Yochinori Gushiken) - single-author reports credit only him; no other names found,"Copy of mrac_start saved one minute later under the name 'equações analíticas', presumably to add the analytically derived MRAC/MIT-rule equations (sensitivity derivatives) for the DC machine. The content differs by only 8 bytes, so it was probably saved before much was changed.","Controle Adaptativo (PPGEE/UFRN, 2015-1, Prof. Aldayr Dantas de Araújo per programa_controle_adaptativo.pdf); Lista 1",intermediate-version,low,Documentos/Mestrado/Controle Adaptativo/mrac_eqsanaliticas.psimsch,5b6620cbba71d291698f814f69a49fffd821dac2
classwork/graduate/2015-1-adaptive-control/code/mrac_impl_passo1.psimsch,MRAC implementation step 1 (three adaptive gains),Pedro (Pedro Yochinori Gushiken) - single-author reports credit only him; no other names found,"First working MRAC implementation for the DC machine: the control voltage is built from three adaptive parameters Teta1..Teta3, and the machine speed Wr is compared with the model output Ym. Called 'passo 1' (step 1) because the adaptation structure is not the final MIT-rule version yet.","Controle Adaptativo (PPGEE/UFRN, 2015-1, Prof. Aldayr Dantas de Araújo per programa_controle_adaptativo.pdf); Lista 1 a) (lista_controle_adaptativo_1.pdf (1o Trabalho: direct MRAC with measurable states, a) MIT rule, b) gradient))",intermediate-version,medium,Documentos/Mestrado/Controle Adaptativo/mrac_impl_passo1.psimsch,ee187d8785afc685b60aef02e7e54ca1b767727e
classwork/graduate/2015-1-adaptive-control/code/mrac_implementado_MIT&Sensibilidade.psimsch,MRAC with MIT rule and sensitivity model (most complete List 1 version),Pedro (Pedro Yochinori Gushiken) - single-author reports credit only him; no other names found,"The most complete List 1 MRAC: MIT rule where the sensitivity derivatives (Teta1Sens..Teta3Sens) come from a sensitivity/plant-estimate model (Wrchapeu) and a filtered speed Wrf, instead of being approximated by the reference model. It shows the speed vs the model, the error e, the normalised error epsilon and the adaptive PID gains. It follows the Drexel 'MRAC Theory' tutorial saved in the same f","Controle Adaptativo (PPGEE/UFRN, 2015-1, Prof. Aldayr Dantas de Araújo per programa_controle_adaptativo.pdf); Lista 1 (lista_controle_adaptativo_1.pdf (1o Trabalho: direct MRAC with measurable states, a) MIT rule, b) gradient)). Possibly the attempt at item b) or the refined a); no List 1 report was found, so the exact mapping is unknown.",final,medium,Documentos/Mestrado/Controle Adaptativo/mrac_implementado_MIT&Sensibilidade.psimsch,632a0a199500f166c98e69e4e7be49b60bc41a57
classwork/graduate/2015-1-adaptive-control/code/mrac_implementado_MIT&Sensibilidade.smv,Waveforms: MRAC MIT rule + sensitivity,Pedro (Pedro Yochinori Gushiken) - single-author reports credit only him; no other names found,"SIMVIEW output of mrac_implementado_MIT&Sensibilidade: speed tracking (Wr vs Wrm), the error and normalised error, the sensitivity-filter states Teta1Sens..Teta3Sens, Wrchapeu, and the adaptive Kp/Ki/Kd.","Controle Adaptativo (PPGEE/UFRN, 2015-1, Prof. Aldayr Dantas de Araújo per programa_controle_adaptativo.pdf); Lista 1",results-data,high,Documentos/Mestrado/Controle Adaptativo/mrac_implementado_MIT&Sensibilidade.smv,801f477c27d182c0c24957a80d2141f962bd88fe
classwork/graduate/2015-1-adaptive-control/code/mrac_implementado_MIT_Sem_Texto.psimsch,"MRAC with MIT rule, cleaned up (no text annotations)",Pedro (Pedro Yochinori Gushiken) - single-author reports credit only him; no other names found,"MIT-rule MRAC for the DC machine with the explanatory text labels removed ('Sem Texto'), which shrinks the file to 33 KB. The waveforms show the speed Wr against the model speed Wrm, the error e, the adaptive parameters Teta1..Teta3 and the equivalent PID gains Kp, Kd, Ki, so the adaptive law seems to tune a PID-structured controller.","Controle Adaptativo (PPGEE/UFRN, 2015-1, Prof. Aldayr Dantas de Araújo per programa_controle_adaptativo.pdf); Lista 1 a) MIT rule",intermediate-version,medium,Documentos/Mestrado/Controle Adaptativo/mrac_implementado_MIT_Sem_Texto.psimsch,fd8d7d6c8d9323f6371ff84beaa06e53e55825a2
classwork/graduate/2015-1-adaptive-control/code/mrac_implementado_MIT_Sem_Texto.smv,Waveforms: MRAC MIT rule (no-text version),Pedro (Pedro Yochinori Gushiken) - single-author reports credit only him; no other names found,"SIMVIEW output of mrac_implementado_MIT_Sem_Texto. It shows Vref, Wr, the model speed Wrm, Teta1..3, the error e and the PID-equivalent gains Kp, Kd, Ki.","Controle Adaptativo (PPGEE/UFRN, 2015-1, Prof. Aldayr Dantas de Araújo per programa_controle_adaptativo.pdf); Lista 1 a)",results-data,high,Documentos/Mestrado/Controle Adaptativo/mrac_implementado_MIT_Sem_Texto.smv,0bd8c20c7f5d6c9e619ac0fdd7d105a2c69062cc
classwork/graduate/2015-1-adaptive-control/code/mrac_implementado_regradoMIT.psimsch,MRAC with the MIT rule (first complete version),Pedro (Pedro Yochinori Gushiken) - single-author reports credit only him; no other names found,"First full direct MRAC of the DC machine using the MIT rule (gradient of the squared tracking error with sensitivity derivatives). No waveform file was kept, so we cannot say which signals it showed.","Controle Adaptativo (PPGEE/UFRN, 2015-1, Prof. Aldayr Dantas de Araújo per programa_controle_adaptativo.pdf); Lista 1 a) MIT rule (lista_controle_adaptativo_1.pdf (1o Trabalho: direct MRAC with measurable states, a) MIT rule, b) gradient))",intermediate-version,medium,Documentos/Mestrado/Controle Adaptativo/mrac_implementado_regradoMIT.psimsch,6dc6e76000448dd5f710c9ca3e80cba1a497e530
classwork/graduate/2015-1-adaptive-control/code/mrac_modelo.psimsch,MRAC reference model only,Pedro (Pedro Yochinori Gushiken) - single-author reports credit only him; no other names found,Very small schematic (3.9 KB) that most likely holds only the reference model (desired closed-loop speed dynamics) for the DC-machine MRAC of List 1. First file of the MRAC series.,"Controle Adaptativo (PPGEE/UFRN, 2015-1, Prof. Aldayr Dantas de Araújo per programa_controle_adaptativo.pdf); Lista 1 (lista_controle_adaptativo_1.pdf (1o Trabalho: direct MRAC with measurable states, a) MIT rule, b) gradient))",intermediate-version,medium,Documentos/Mestrado/Controle Adaptativo/mrac_modelo.psimsch,74a0de7042dc507fee5e0329ccf0e4ada4d0896b
classwork/graduate/2015-1-adaptive-control/code/mrac_start.psimsch,MRAC start: DC machine plus reference model,Pedro (Pedro Yochinori Gushiken) - single-author reports credit only him; no other names found,"Starting MRAC set-up: the DC-machine plant driven by a speed reference next to the reference model; no adaptation yet. Its waveform file shows only Vref, Wr (machine speed) and UM (model output).","Controle Adaptativo (PPGEE/UFRN, 2015-1, Prof. Aldayr Dantas de Araújo per programa_controle_adaptativo.pdf); Lista 1 (lista_controle_adaptativo_1.pdf (1o Trabalho: direct MRAC with measurable states, a) MIT rule, b) gradient))",intermediate-version,medium,Documentos/Mestrado/Controle Adaptativo/mrac_start.psimsch,484840f064b2d6c109e10a3c888108630ab85c91
classwork/graduate/2015-1-adaptive-control/code/mrac_start.smv,Waveforms: MRAC start (plant vs model),Pedro (Pedro Yochinori Gushiken) - single-author reports credit only him; no other names found,"SIMVIEW output of mrac_start.psimsch: reference Vref, DC-machine speed Wr and reference-model output UM, used to compare the unadapted plant with the desired response.","Controle Adaptativo (PPGEE/UFRN, 2015-1, Prof. Aldayr Dantas de Araújo per programa_controle_adaptativo.pdf); Lista 1",results-data,high,Documentos/Mestrado/Controle Adaptativo/mrac_start.smv,6b74840cd6ac04f9350886d26fbd73264140e3c6
classwork/graduate/2015-1-adaptive-control/code/para-untitled1.txt,PSIM parameter file (variable definitions loaded by a Parameter File element in the schematic),same as the simulations in this folder,,companion file of the simulations in this folder,companion,high,Documentos/Mestrado/Controle Adaptativo/para-untitled1.txt,abba217e1e3e14c91ddf3ddd63210662ea6c1732
classwork/graduate/2015-1-adaptive-control/reports/drafts/LogoUFRN.png,,,,,latex,,Documentos/Arquivo Elétrica/LaTeX/LogoUFRN.png,bdf6f20f18090973d7c3a6b473d06534a642c418
classwork/graduate/2015-1-adaptive-control/reports/drafts/MRAC.tex,,,,,latex,,Documentos/Arquivo Elétrica/LaTeX/MRAC.tex,69659a0d3e56cd0f5c00b5783e3683e24d560aca
classwork/graduate/2015-1-adaptive-control/reports/drafts/goworktex.pdf,,,,,latex,,Documentos/Arquivo Elétrica/LaTeX/goworktex.pdf,dad901623d0c5f84b15d86fb4e54d31f4a7e2733
classwork/graduate/2015-1-adaptive-control/reports/drafts/goworktex.tex,,,,,latex,,Documentos/Arquivo Elétrica/LaTeX/goworktex.tex,e9756f51a48aea98b61a9a1645250b759058b36f
classwork/graduate/2015-1-adaptive-control/reports/drafts/tex/comc.tex,,,,,latex,,Documentos/Arquivo Elétrica/LaTeX/tex/comc.tex,0387d149a1ab87b80cbff29c4e67209ce3e19a22
classwork/graduate/2015-1-adaptive-control/reports/unit2/Bonus.tex,,,,,latex,,Documentos/Mestrado/Controle Adaptativo/Unidade 2/Relatório/Bonus.tex,4ef3f213c01231444cb5d6b4cec42fb4e733e5a7
classwork/graduate/2015-1-adaptive-control/reports/unit2/Q1.tex,,,,,latex,,Documentos/Mestrado/Controle Adaptativo/Unidade 2/Relatório/Q1.tex,49b52e742879f5089664327cee051ab71ffe0516
classwork/graduate/2015-1-adaptive-control/reports/unit2/Q2.tex,,,,,latex,,Documentos/Mestrado/Controle Adaptativo/Unidade 2/Relatório/Q2.tex,47152ada18490966c58008233778af623d1bb53c
classwork/graduate/2015-1-adaptive-control/reports/unit2/Q3.tex,,,,,latex,,Documentos/Mestrado/Controle Adaptativo/Unidade 2/Relatório/Q3.tex,ec3638273b46c7a567af1c8860eb3d58bdbf79d5
classwork/graduate/2015-1-adaptive-control/reports/unit2/Questão 1.tex,,,,,latex,,Documentos/Mestrado/Controle Adaptativo/Unidade 2/Relatório/Questão 1.tex,e202f51825e8ade64f38839f7748e844cd47c0b8
classwork/graduate/2015-1-adaptive-control/reports/unit2/Questão 2.tex,,,,,latex,,Documentos/Mestrado/Controle Adaptativo/Unidade 2/Relatório/Questão 2.tex,2a09b4620421e21cb34edfb3233e8cd89ae56f63
classwork/graduate/2015-1-adaptive-control/reports/unit2/Questão 3.tex,,,,,latex,,Documentos/Mestrado/Controle Adaptativo/Unidade 2/Relatório/Questão 3.tex,bdc6bbae3e380ef3cccb805f77c028b9ebb750d0
classwork/graduate/2015-1-adaptive-control/reports/unit2/Relatorio.pdf,,,,,latex,,Documentos/Mestrado/Controle Adaptativo/Unidade 2/Relatório/Relatorio.pdf,ded387d51b3d05752de188f1728dd1fdfed97c7d
classwork/graduate/2015-1-adaptive-control/reports/unit2/Relatorio.tex,,,,,latex,,Documentos/Mestrado/Controle Adaptativo/Unidade 2/Relatório/Relatorio.tex,9e66bfe9ed25c8d634aa3fb9a567fd703581cef2
classwork/graduate/2015-1-adaptive-control/reports/unit2/pic/BonusMontagem.png,,,,,latex,,Documentos/Mestrado/Controle Adaptativo/Unidade 2/Relatório/pic/BonusMontagem.png,9d29c106e965182d79841db7236cffcee8b5f8ee
classwork/graduate/2015-1-adaptive-control/reports/unit2/pic/BonusTeta1.png,,,,,latex,,Documentos/Mestrado/Controle Adaptativo/Unidade 2/Relatório/pic/BonusTeta1.png,cf22ce4b1f1067194b0ef41574dbf863498d6469
classwork/graduate/2015-1-adaptive-control/reports/unit2/pic/BonusTeta2.png,,,,,latex,,Documentos/Mestrado/Controle Adaptativo/Unidade 2/Relatório/pic/BonusTeta2.png,5daa246c569486b2fb93d976da0b73faadb64685
classwork/graduate/2015-1-adaptive-control/reports/unit2/pic/BonusX.png,,,,,latex,,Documentos/Mestrado/Controle Adaptativo/Unidade 2/Relatório/pic/BonusX.png,870f805bcc70b6d17a4e6c59cfe5c338afc1969d
classwork/graduate/2015-1-adaptive-control/reports/unit2/pic/BonusXChapeu.png,,,,,latex,,Documentos/Mestrado/Controle Adaptativo/Unidade 2/Relatório/pic/BonusXChapeu.png,062ef2863f10e4cdb5508e5462c29e7c3fb9c9f6
classwork/graduate/2015-1-adaptive-control/reports/unit2/pic/Bonuse0.png,,,,,latex,,Documentos/Mestrado/Controle Adaptativo/Unidade 2/Relatório/pic/Bonuse0.png,daab4bd56c5489baba042e08d685b9c0b33f08eb
classwork/graduate/2015-1-adaptive-control/reports/unit2/pic/Bonusepsilon1.png,,,,,latex,,Documentos/Mestrado/Controle Adaptativo/Unidade 2/Relatório/pic/Bonusepsilon1.png,55da005dd398064a517907b90b24a90d30b1eb39
classwork/graduate/2015-1-adaptive-control/reports/unit2/pic/Bonusepsilon1filtered.png,,,,,latex,,Documentos/Mestrado/Controle Adaptativo/Unidade 2/Relatório/pic/Bonusepsilon1filtered.png,736b9bd51e0a0b157ea3796707158576521f6ffb
classwork/graduate/2015-1-adaptive-control/reports/unit2/pic/Bonusesaida.png,,,,,latex,,Documentos/Mestrado/Controle Adaptativo/Unidade 2/Relatório/pic/Bonusesaida.png,daab4bd56c5489baba042e08d685b9c0b33f08eb
classwork/graduate/2015-1-adaptive-control/reports/unit2/pic/Q1LetraAMontagem.png,,,,,latex,,Documentos/Mestrado/Controle Adaptativo/Unidade 2/Relatório/pic/Q1LetraAMontagem.png,0af8d627cc2c487a5a1c8c2f264c448cb37eacb4
classwork/graduate/2015-1-adaptive-control/reports/unit2/pic/Q1LetraATeta.png,,,,,latex,,Documentos/Mestrado/Controle Adaptativo/Unidade 2/Relatório/pic/Q1LetraATeta.png,ab66bbc5c7c72fd9957d39935f574ad66bb0cc90
classwork/graduate/2015-1-adaptive-control/reports/unit2/pic/Q1LetraAe0.png,,,,,latex,,Documentos/Mestrado/Controle Adaptativo/Unidade 2/Relatório/pic/Q1LetraAe0.png,2fc18bb1043335d6750bac860398b36eba8bbf06
classwork/graduate/2015-1-adaptive-control/reports/unit2/pic/Q1LetraBTeta.png,,,,,latex,,Documentos/Mestrado/Controle Adaptativo/Unidade 2/Relatório/pic/Q1LetraBTeta.png,0d2a4a3fddb858e688d9b624c5982ffb71353bbc
classwork/graduate/2015-1-adaptive-control/reports/unit2/pic/Q1LetraBe0.png,,,,,latex,,Documentos/Mestrado/Controle Adaptativo/Unidade 2/Relatório/pic/Q1LetraBe0.png,e02a9c0d16f307432a4117dc1d75a24aa7154126
classwork/graduate/2015-1-adaptive-control/reports/unit2/pic/Q1LetraBmontagem.png,,,,,latex,,Documentos/Mestrado/Controle Adaptativo/Unidade 2/Relatório/pic/Q1LetraBmontagem.png,12632a30d361023bd7f17db40bec076c9eb74131
classwork/graduate/2015-1-adaptive-control/reports/unit2/pic/Q1LetraCe0.png,,,,,latex,,Documentos/Mestrado/Controle Adaptativo/Unidade 2/Relatório/pic/Q1LetraCe0.png,936fbfbf56ff36814ff2e0e9f47353a242940aff
classwork/graduate/2015-1-adaptive-control/reports/unit2/pic/Q1LetraCmontagem.png,,,,,latex,,Documentos/Mestrado/Controle Adaptativo/Unidade 2/Relatório/pic/Q1LetraCmontagem.png,26e8f1699498a60777ff771f22493ceb63539708
classwork/graduate/2015-1-adaptive-control/reports/unit2/pic/Q1LetraCteta.png,,,,,latex,,Documentos/Mestrado/Controle Adaptativo/Unidade 2/Relatório/pic/Q1LetraCteta.png,c27e73d113bb79d54c4e2ff475c391edbdf5b769
classwork/graduate/2015-1-adaptive-control/reports/unit2/pic/Q2LetraAMontagem.png,,,,,latex,,Documentos/Mestrado/Controle Adaptativo/Unidade 2/Relatório/pic/Q2LetraAMontagem.png,cab5abadbb1d4d39f5f0ad377ab477104e4b61a4
classwork/graduate/2015-1-adaptive-control/reports/unit2/pic/Q2LetraATeta1.png,,,,,latex,,Documentos/Mestrado/Controle Adaptativo/Unidade 2/Relatório/pic/Q2LetraATeta1.png,47da45ae2d5aeafca12b1c19acd1257e0bf0270a
classwork/graduate/2015-1-adaptive-control/reports/unit2/pic/Q2LetraATeta2.png,,,,,latex,,Documentos/Mestrado/Controle Adaptativo/Unidade 2/Relatório/pic/Q2LetraATeta2.png,a327c7129295982b5570731e0aa2297747bed05f
classwork/graduate/2015-1-adaptive-control/reports/unit2/pic/Q2LetraAe0.png,,,,,latex,,Documentos/Mestrado/Controle Adaptativo/Unidade 2/Relatório/pic/Q2LetraAe0.png,274de7a1892f3d2cc583844c7b703901b1bddbbe
classwork/graduate/2015-1-adaptive-control/reports/unit2/pic/Q2LetraBTeta1.png,,,,,latex,,Documentos/Mestrado/Controle Adaptativo/Unidade 2/Relatório/pic/Q2LetraBTeta1.png,2f6157446193e582e26ee1bb708b782a7b3e4e70
classwork/graduate/2015-1-adaptive-control/reports/unit2/pic/Q2LetraBTeta2.png,,,,,latex,,Documentos/Mestrado/Controle Adaptativo/Unidade 2/Relatório/pic/Q2LetraBTeta2.png,bd94a70c21d782b1b9c6e06afce847bb8a37930b
classwork/graduate/2015-1-adaptive-control/reports/unit2/pic/Q2LetraBe0.png,,,,,latex,,Documentos/Mestrado/Controle Adaptativo/Unidade 2/Relatório/pic/Q2LetraBe0.png,c3b1c18554b4fdc51d81fbe535ddd5ed7ac616c1
classwork/graduate/2015-1-adaptive-control/reports/unit2/pic/Q2LetraBmontagem.png,,,,,latex,,Documentos/Mestrado/Controle Adaptativo/Unidade 2/Relatório/pic/Q2LetraBmontagem.png,878d6a0daabf7ca055e8b8ffb9ded68428f7c93a
classwork/graduate/2015-1-adaptive-control/reports/unit2/pic/Q3LetraALxLxc.png,,,,,latex,,Documentos/Mestrado/Controle Adaptativo/Unidade 2/Relatório/pic/Q3LetraALxLxc.png,fb3635bbea19f6d7b6a6069f928a8fac7fb801fb
classwork/graduate/2015-1-adaptive-control/reports/unit2/pic/Q3LetraAMontagem.png,,,,,latex,,Documentos/Mestrado/Controle Adaptativo/Unidade 2/Relatório/pic/Q3LetraAMontagem.png,e83d074ff1df6edb598f6cccee4ba662b06bcdeb
classwork/graduate/2015-1-adaptive-control/reports/unit2/pic/Q3LetraATeta1.png,,,,,latex,,Documentos/Mestrado/Controle Adaptativo/Unidade 2/Relatório/pic/Q3LetraATeta1.png,5618dd2ea815184ee7d602dbf9b6ae84c5fe337b
classwork/graduate/2015-1-adaptive-control/reports/unit2/pic/Q3LetraATeta2.png,,,,,latex,,Documentos/Mestrado/Controle Adaptativo/Unidade 2/Relatório/pic/Q3LetraATeta2.png,8ce8ea6a65027d3e37ab91aa8d30dd5e0af91589
classwork/graduate/2015-1-adaptive-control/reports/unit2/pic/Q3LetraAeps0.png,,,,,latex,,Documentos/Mestrado/Controle Adaptativo/Unidade 2/Relatório/pic/Q3LetraAeps0.png,66a8f26a1239d5d1ebf7362ecd6550db97b0e62c
classwork/graduate/2015-1-adaptive-control/reports/unit2/pic/Q3LetraBLxLxc.png,,,,,latex,,Documentos/Mestrado/Controle Adaptativo/Unidade 2/Relatório/pic/Q3LetraBLxLxc.png,d6c97504658c71e55488a121990e0ccc764c2783
classwork/graduate/2015-1-adaptive-control/reports/unit2/pic/Q3LetraBMontagem.png,,,,,latex,,Documentos/Mestrado/Controle Adaptativo/Unidade 2/Relatório/pic/Q3LetraBMontagem.png,ff24b2790ddd18edc2758d54a129c05e911b1729
classwork/graduate/2015-1-adaptive-control/reports/unit2/pic/Q3LetraBTeta1.png,,,,,latex,,Documentos/Mestrado/Controle Adaptativo/Unidade 2/Relatório/pic/Q3LetraBTeta1.png,ba7035c3fb47c372c7bd0eba6c3776738a5bab14
classwork/graduate/2015-1-adaptive-control/reports/unit2/pic/Q3LetraBTeta2.png,,,,,latex,,Documentos/Mestrado/Controle Adaptativo/Unidade 2/Relatório/pic/Q3LetraBTeta2.png,8ce8ea6a65027d3e37ab91aa8d30dd5e0af91589
classwork/graduate/2015-1-adaptive-control/reports/unit2/pic/Q3LetraBeps0.png,,,,,latex,,Documentos/Mestrado/Controle Adaptativo/Unidade 2/Relatório/pic/Q3LetraBeps0.png,7eed77d3c2c96f8a6c6e66fe7bb249eb7a7707e9
classwork/graduate/2015-1-adaptive-control/reports/unit3-4/Q1.tex,,,,,latex,,Documentos/Mestrado/Controle Adaptativo/RelatórioUN3 e 4/relatório/Q1.tex,84cb3d088001dddd9499a65aeae8b8bb3d5a3de2
classwork/graduate/2015-1-adaptive-control/reports/unit3-4/Relatorio.pdf,,,,,latex,,Documentos/Mestrado/Controle Adaptativo/RelatórioUN3 e 4/relatório/Relatorio.pdf,96100cd8b6fd07fa6afeef83d7dfc60b1d8dd2d8
classwork/graduate/2015-1-adaptive-control/reports/unit3-4/Relatorio.tex,,,,,latex,,Documentos/Mestrado/Controle Adaptativo/RelatórioUN3 e 4/relatório/Relatorio.tex,dd2131c744f9d7625e24cc34665d6d5fbed8df7d
classwork/graduate/2015-1-adaptive-control/reports/unit3-4/pics/ACletraA.png,,,,,latex,,Documentos/Mestrado/Controle Adaptativo/RelatórioUN3 e 4/relatório/pics/ACletraA.png,3434d6ede1f73165360c804e74d9500b76d3bfd2
classwork/graduate/2015-1-adaptive-control/reports/unit3-4/pics/ACletraC.png,,,,,latex,,Documentos/Mestrado/Controle Adaptativo/RelatórioUN3 e 4/relatório/pics/ACletraC.png,b06a12dbdcdf1c1c9f1fadc86b0e394521d46a2d
classwork/graduate/2015-1-adaptive-control/reports/unit3-4/pics/ACletraE.png,,,,,latex,,Documentos/Mestrado/Controle Adaptativo/RelatórioUN3 e 4/relatório/pics/ACletraE.png,4f048b0e31fa27b0d01068c756b2a0d66e6373f0
classwork/graduate/2015-1-adaptive-control/reports/unit3-4/pics/AtenuacaoPE.png,,,,,latex,,Documentos/Mestrado/Controle Adaptativo/RelatórioUN3 e 4/relatório/pics/AtenuacaoPE.png,e63a9afc2cc3530e9e9ea75c9c9b4bfa69c83044
classwork/graduate/2015-1-adaptive-control/reports/unit3-4/pics/BCletraA.png,,,,,latex,,Documentos/Mestrado/Controle Adaptativo/RelatórioUN3 e 4/relatório/pics/BCletraA.png,16143ae01878706c8deeb2f6ec103c6a587295a6
classwork/graduate/2015-1-adaptive-control/reports/unit3-4/pics/BCletraC.png,,,,,latex,,Documentos/Mestrado/Controle Adaptativo/RelatórioUN3 e 4/relatório/pics/BCletraC.png,d678b71c0d31f13770dec4ccb1fd799a6973678d
classwork/graduate/2015-1-adaptive-control/reports/unit3-4/pics/BCletraE.png,,,,,latex,,Documentos/Mestrado/Controle Adaptativo/RelatórioUN3 e 4/relatório/pics/BCletraE.png,d950b7198a55e932e4fd8c844cf2a4016dc988c2
classwork/graduate/2015-1-adaptive-control/reports/unit3-4/pics/CCletraA.png,,,,,latex,,Documentos/Mestrado/Controle Adaptativo/RelatórioUN3 e 4/relatório/pics/CCletraA.png,ea6213a5c07a2a68b7a75b2cffd19da979c25678
classwork/graduate/2015-1-adaptive-control/reports/unit3-4/pics/CCletraC.png,,,,,latex,,Documentos/Mestrado/Controle Adaptativo/RelatórioUN3 e 4/relatório/pics/CCletraC.png,1d9bf9c2a06af1e025dce914abd36c0e1825a953
classwork/graduate/2015-1-adaptive-control/reports/unit3-4/pics/CCletraE.png,,,,,latex,,Documentos/Mestrado/Controle Adaptativo/RelatórioUN3 e 4/relatório/pics/CCletraE.png,160640fa5b9bc1d2acdf407d3568d6721b9d1b63
classwork/graduate/2015-1-adaptive-control/reports/unit3-4/pics/E0letraA.png,,,,,latex,,Documentos/Mestrado/Controle Adaptativo/RelatórioUN3 e 4/relatório/pics/E0letraA.png,3512caab998a793527cf8ce7f07a78c57693b564
classwork/graduate/2015-1-adaptive-control/reports/unit3-4/pics/E0letraC.png,,,,,latex,,Documentos/Mestrado/Controle Adaptativo/RelatórioUN3 e 4/relatório/pics/E0letraC.png,47409b5644ccf2fcfa1f27950e6ee66828f66b4f
classwork/graduate/2015-1-adaptive-control/reports/unit3-4/pics/E0letraE.png,,,,,latex,,Documentos/Mestrado/Controle Adaptativo/RelatórioUN3 e 4/relatório/pics/E0letraE.png,6544935b432df01d3c015d492b73588542bb9bfb
classwork/graduate/2015-1-adaptive-control/reports/unit3-4/pics/FCustoIntegrativo.png,,,,,latex,,Documentos/Mestrado/Controle Adaptativo/RelatórioUN3 e 4/relatório/pics/FCustoIntegrativo.png,5982224c01505f389049ec51b8b12160e0ec5e73
classwork/graduate/2015-1-adaptive-control/reports/unit3-4/pics/FCustoIntegrativoAdaptacao.png,,,,,latex,,Documentos/Mestrado/Controle Adaptativo/RelatórioUN3 e 4/relatório/pics/FCustoIntegrativoAdaptacao.png,f6a096474286f8d89f17433aa705210a7750bd2e
classwork/graduate/2015-1-adaptive-control/reports/unit3-4/pics/G1letraE.png,,,,,latex,,Documentos/Mestrado/Controle Adaptativo/RelatórioUN3 e 4/relatório/pics/G1letraE.png,806e8016d4bec845cd81f57f58a8f9b28ee79795
classwork/graduate/2015-1-adaptive-control/reports/unit3-4/pics/G2letraE.png,,,,,latex,,Documentos/Mestrado/Controle Adaptativo/RelatórioUN3 e 4/relatório/pics/G2letraE.png,24bf0b13d655467074872976710dbf539d3499ee
classwork/graduate/2015-1-adaptive-control/reports/unit3-4/pics/G3letraE.png,,,,,latex,,Documentos/Mestrado/Controle Adaptativo/RelatórioUN3 e 4/relatório/pics/G3letraE.png,3a04e46084bf53d8c491cfeb302f77cc9a9bdee5
classwork/graduate/2015-1-adaptive-control/reports/unit3-4/pics/Modelos.png,,,,,latex,,Documentos/Mestrado/Controle Adaptativo/RelatórioUN3 e 4/relatório/pics/Modelos.png,8f91fa188246954417b4e446780dfcc8df5ee8d0
classwork/graduate/2015-1-adaptive-control/reports/unit3-4/pics/ProGamaletraE.png,,,,,latex,,Documentos/Mestrado/Controle Adaptativo/RelatórioUN3 e 4/relatório/pics/ProGamaletraE.png,eafa91926741a65a0e517e87a796480512120ef9
classwork/graduate/2015-1-adaptive-control/reports/unit3-4/pics/Projecao.png,,,,,latex,,Documentos/Mestrado/Controle Adaptativo/RelatórioUN3 e 4/relatório/pics/Projecao.png,cce299bf3c03e12a1246dbb5827d9435fb4ac2bb
classwork/graduate/2015-1-adaptive-control/reports/unit3-4/pics/UletraA.png,,,,,latex,,Documentos/Mestrado/Controle Adaptativo/RelatórioUN3 e 4/relatório/pics/UletraA.png,b7a5fb5a3fb7af6c59f3e147e7014fac0e9f8775
classwork/graduate/2015-1-adaptive-control/reports/unit3-4/pics/UletraC.png,,,,,latex,,Documentos/Mestrado/Controle Adaptativo/RelatórioUN3 e 4/relatório/pics/UletraC.png,51210ddb16616064d3df6f72079f7a76e88911d9
classwork/graduate/2015-1-adaptive-control/reports/unit3-4/pics/UletraE.png,,,,,latex,,Documentos/Mestrado/Controle Adaptativo/RelatórioUN3 e 4/relatório/pics/UletraE.png,87d9d9155171703e74991695b64f27909f81f482
classwork/graduate/2015-1-adaptive-control/reports/unit3-4/pics/XletraA.png,,,,,latex,,Documentos/Mestrado/Controle Adaptativo/RelatórioUN3 e 4/relatório/pics/XletraA.png,58403c180d836d2ed1ceb8ce436ef79b037580f2
classwork/graduate/2015-1-adaptive-control/reports/unit3-4/pics/XletraC.png,,,,,latex,,Documentos/Mestrado/Controle Adaptativo/RelatórioUN3 e 4/relatório/pics/XletraC.png,3cfc50024482c7a3e21619942cc24992ca453e63
classwork/graduate/2015-1-adaptive-control/reports/unit3-4/pics/XletraE.png,,,,,latex,,Documentos/Mestrado/Controle Adaptativo/RelatórioUN3 e 4/relatório/pics/XletraE.png,f32fa51732a1c4bc90ae123e9d4425c6cea89549
classwork/graduate/2015-1-adaptive-control/reports/unit3-4/pics/adaptacao.png,,,,,latex,,Documentos/Mestrado/Controle Adaptativo/RelatórioUN3 e 4/relatório/pics/adaptacao.png,c0718dec04d75d16dab59ac3d1607f558ecd8a7d
classwork/graduate/2015-1-adaptive-control/reports/unit3-4/pics/atGamaletraE.png,,,,,latex,,Documentos/Mestrado/Controle Adaptativo/RelatórioUN3 e 4/relatório/pics/atGamaletraE.png,c62e7f56f0e873ca290d0b2a641caae2b61e13a5
classwork/graduate/2015-1-adaptive-control/reports/unit3-4/pics/epsilon1letraA.png,,,,,latex,,Documentos/Mestrado/Controle Adaptativo/RelatórioUN3 e 4/relatório/pics/epsilon1letraA.png,48e6315dba6ff3b4ad1de67800594dd527bca8ad
classwork/graduate/2015-1-adaptive-control/reports/unit3-4/pics/epsilon1letraC.png,,,,,latex,,Documentos/Mestrado/Controle Adaptativo/RelatórioUN3 e 4/relatório/pics/epsilon1letraC.png,5923d95a1dd0093114bb7e47b819fb78ae07693c
classwork/graduate/2015-1-adaptive-control/reports/unit3-4/pics/epsilon1letraE.png,,,,,latex,,Documentos/Mestrado/Controle Adaptativo/RelatórioUN3 e 4/relatório/pics/epsilon1letraE.png,40b9d9a89a4a51d6ff16e8de15f6e443d16e1f70
classwork/graduate/2015-1-adaptive-control/reports/unit3-4/smv/MínimosQuadradosSIMVIEW.smv,,,,,latex,,Documentos/Mestrado/Controle Adaptativo/RelatórioUN3 e 4/relatório/smv/MínimosQuadradosSIMVIEW.smv,920bc54af63204e217566958e5781d35834b5878
classwork/graduate/2015-2-nonlinear-systems/code/SimP.slx,Tiny delay-recurrence toy model (Pop / Reinc. / %C),"Pedro (his Simulink user ""user""; purpose unknown)","It computes x(t) = 0.001*Pop + 0.7*x(t-8): a constant 'Pop' times a '%C' gain of 0.001, plus a 'Reinc.' gain of 0.7 on the output delayed by 8 time units, shown on two scopes. The names suggest a population with an incidence percentage and a recurrence or recidivism ('reincidencia') rate, but no document explains the model.","Unknown. Made Oct 1 2015, the same day as several Sistemas Nao Lineares Trabalho 1 models, but not in that report",test/scratch,low,MATLAB/MATLAB_Files_Old.rar!/SimP.slx,e51b969d573dd9811d7b15e654ef91f62e745888
classwork/graduate/2015-2-nonlinear-systems/code/Simulink/Caso10EDOLipschitzLocalGlobal.slx,"SNL Trabalho 1, case 10: globally vs locally Lipschitz ODEs",Pedro,"It simulates x' = sin(e^{sin x}) (globally Lipschitz) and u' = u^2 limited by relays to 0 or -4 outside |u|<=4 (locally Lipschitz). Several initial conditions (-1000, 0, 1, 50) are plotted on TimeScopes. This produced LipschitzLocal1/2.png and LipschitzGlobal1/2.png.","Sistemas Nao Lineares, MSc course 2015.2, Lista/Trabalho 1 'Fenomenos e Exemplos de Nao-Linearidades' (Documentos/Mestrado/Sistemas Nao Lineares/Trabalho 1 - Sistemas Nao Lineares.tex, author Pedro Yochinori Gushiken). Its PSIM siblings (Chua, finite escape, jump) are described in Simulacoes MATLAB e PSIM/06, section 'Condicao de Lipschitz Local e Condicao de Lipschitz Global'",final,high,MATLAB/MATLAB_Files_Old.rar!/Trabalho 1 Sistemas Não Lineares/Caso10EDOLipschitzLocalGlobal.slx,5408b06bb3e7c151bc41570634e7364a02ab229d
classwork/graduate/2015-2-nonlinear-systems/code/Simulink/Caso1SemPrincipioSuperposicao.slx,"SNL Trabalho 1, case 1: superposition fails, sphere under drag",Pedro,"Two copies of m*v' = F - 0.5*rho*Cd*A*v^2 (Cd=0.47 for a sphere, fluid density, unit area and mass) are driven by separate and combined forces. The terminal velocity of the sum is not the sum of the terminal velocities. Blocks are named 'Coeficiente de arraste(esfera)', 'Forca Aplicada 1..4', 'Velocidade 1/2'.","Sistemas Nao Lineares, MSc course 2015.2, Lista/Trabalho 1 'Fenomenos e Exemplos de Nao-Linearidades' (Documentos/Mestrado/Sistemas Nao Lineares/Trabalho 1 - Sistemas Nao Lineares.tex, author Pedro Yochinori Gushiken). Its PSIM siblings (Chua, finite escape, jump) are described in Simulacoes MATLAB e PSIM/06, section 'Viola o Principio da Superposicao, Forcas de Arraste' (FArrasteV1/V2.png)",final,high,MATLAB/MATLAB_Files_Old.rar!/Trabalho 1 Sistemas Não Lineares/Caso1SemPrincipioSuperposicao.slx,af3324bf47c6137e944d19d7cb9d7a7d950d2842
classwork/graduate/2015-2-nonlinear-systems/code/Simulink/Caso2EscapeTempoFinito.slx,"SNL Trabalho 1, case 2: finite escape time (empty placeholder)",Pedro,"This is an empty Simulink model: no blocks, revision 1.0, created and saved in the same minute on Sep 21 2015. The finite-escape-time example (MIT-rule estimator) was built in PSIM instead ('Escape em tempo finito(A chapeu).psimsch', folder 06).","Sistemas Nao Lineares, MSc course 2015.2, Lista/Trabalho 1 'Fenomenos e Exemplos de Nao-Linearidades' (Documentos/Mestrado/Sistemas Nao Lineares/Trabalho 1 - Sistemas Nao Lineares.tex, author Pedro Yochinori Gushiken). Its PSIM siblings (Chua, finite escape, jump) are described in Simulacoes MATLAB e PSIM/06, section 'Escape em Tempo Finito'",failed,high,MATLAB/MATLAB_Files_Old.rar!/Trabalho 1 Sistemas Não Lineares/Caso2EscapeTempoFinito.slx,6549eb1c4edcbf090c8bea75cb7eff3d3a3de8a4
classwork/graduate/2015-2-nonlinear-systems/code/Simulink/Caso3MultiplosPontosEquilibrio.slx,"SNL Trabalho 1, case 3: multiple equilibria, thermal-vacuum chamber",Pedro,It integrates y' = 2.13e-12 u^4 - 2.41e-12 y^4 + 3.46e-10 y^3 - 2.63e-10 y^2 u (thermal-vacuum chamber model from Aguirre's identification textbook) with input 1 K and initial temperatures 0/300 K. Different initial conditions settle at distinct equilibria.,"Sistemas Nao Lineares, MSc course 2015.2, Lista/Trabalho 1 'Fenomenos e Exemplos de Nao-Linearidades' (Documentos/Mestrado/Sistemas Nao Lineares/Trabalho 1 - Sistemas Nao Lineares.tex, author Pedro Yochinori Gushiken). Its PSIM siblings (Chua, finite escape, jump) are described in Simulacoes MATLAB e PSIM/06, section 'Multiplos Pontos de Equilibrio, Camara de vacuo termica' (MultEqTemp1/2.png)",final,high,MATLAB/MATLAB_Files_Old.rar!/Trabalho 1 Sistemas Não Lineares/Caso3MultiplosPontosEquilibrio.slx,d9261d01f4d7698bbc0b66e54326d00290161c03
classwork/graduate/2015-2-nonlinear-systems/code/Simulink/Caso4CicloLimite.slx,"SNL Trabalho 1, case 4: limit cycle, air-conditioned room",Pedro,"Room temperature T' = 300 - 200*relay, where the relay switches on above 290 K and off below 287 K (hysteresis). Initial temperatures 250 and 320 K both converge to the same oscillation.","Sistemas Nao Lineares, MSc course 2015.2, Lista/Trabalho 1 'Fenomenos e Exemplos de Nao-Linearidades' (Documentos/Mestrado/Sistemas Nao Lineares/Trabalho 1 - Sistemas Nao Lineares.tex, author Pedro Yochinori Gushiken). Its PSIM siblings (Chua, finite escape, jump) are described in Simulacoes MATLAB e PSIM/06, section 'Ciclo Limite, Temperatura numa sala vazia e refrigerada' (CicloLimiteTemp1/2.png",final,high,MATLAB/MATLAB_Files_Old.rar!/Trabalho 1 Sistemas Não Lineares/Caso4CicloLimite.slx,3f081979ef017e99bf9d7107e599c0a70d23179d
classwork/graduate/2015-2-nonlinear-systems/code/Simulink/Caso8PInaolinear.slx,"SNL Trabalho 1, case 8: linear PI vs nonlinear (cubic-error) PI",Pedro,"Plant 1/(s^2+8s+1) under a linear PI (Kp=Ki=1) and under a PI with an extra term proportional to e^3, reference 10. A 1/(s^2+2s+1) block is also present (a leftover or extra test). It compares the transient responses.","Sistemas Nao Lineares, MSc course 2015.2, Lista/Trabalho 1 'Fenomenos e Exemplos de Nao-Linearidades' (Documentos/Mestrado/Sistemas Nao Lineares/Trabalho 1 - Sistemas Nao Lineares.tex, author Pedro Yochinori Gushiken). Its PSIM siblings (Chua, finite escape, jump) are described in Simulacoes MATLAB e PSIM/06, section 'Controlador PI nao linear' (PInLinear*.png)",final,high,MATLAB/MATLAB_Files_Old.rar!/Trabalho 1 Sistemas Não Lineares/Caso8PInaolinear.slx,f7ea26ee708cf93155b260669b15631764a09576
classwork/graduate/2015-2-nonlinear-systems/code/Simulink/Caso9ControleRele.slx,"SNL Trabalho 1, case 9: relay VS-MRAC of an unstable plant",Pedro,"VS-MRAC of the unstable plant 1/(s-1) with reference model 1/(s+1) and theta-bar = 500 (gains -500). The adaptive law is a pure sign function (Signum) in one copy and a relay with hysteresis +-0.05 in another, showing the chattering frequency vs amplitude trade-off.","Sistemas Nao Lineares, MSc course 2015.2, Lista/Trabalho 1 'Fenomenos e Exemplos de Nao-Linearidades' (Documentos/Mestrado/Sistemas Nao Lineares/Trabalho 1 - Sistemas Nao Lineares.tex, author Pedro Yochinori Gushiken). Its PSIM siblings (Chua, finite escape, jump) are described in Simulacoes MATLAB e PSIM/06, section 'Controle com Rele, VS-MRAC' (ControleReleVSSaidaSem/ComHisterese.png)",final,high,MATLAB/MATLAB_Files_Old.rar!/Trabalho 1 Sistemas Não Lineares/Caso9ControleRele.slx,6b8a7d3bdee3390647d9a21b226382011d2fc711
classwork/graduate/2015-2-nonlinear-systems/code/Simulink/CuriosidadeVS.slx.original,Simulink backup of CuriosidadeVS.slx made when the model was upgraded to a newer MATLAB release,same as the code in this folder,,companion file,companion,high,MATLAB/Simulink Files/Trabalho 1 Sistemas Não Lineares/CuriosidadeVS.slx.original,99b8b712a8885c12ae1ec287796b64fe0c955677
classwork/graduate/2015-2-nonlinear-systems/code/Trabalho 1/Circuito de Chua.psimsch,Chua's circuit (chaos & bifurcation),Pedro (Pedro Yochinori Gushiken) - single-author reports credit only him; no other names found,"Chua's circuit built from L1=1 mH, C1=1 mF, C2=0.1 mF, R=12 Ω and a diode/op-amp negative-resistance (RA=12 Ω). Two nearby initial conditions (Vc2(0)=0 vs 0.01 V) show chaos, and C2=0.1 vs 0.101 mF shows bifurcation (VC2-1 vs VC2-2).","Sistemas Não Lineares (MSc course, 2015-2), Trabalho/Lista 1 'Fenômenos e Exemplos de Não-Linearidades' — Mestrado/Sistemas Não Lineares/Trabalho 1 - Sistemas Não Lineares.tex (author Pedro Yochinori Gushiken), section 'Caos e Bifurcação, Circuito de Chua'",final,high,Documentos/Mestrado/Sistemas Não Lineares/Trabalho 1/Circuito de Chua.psimsch,50926ea32e32fbef1a73003ccaea3b613d1873de
classwork/graduate/2015-2-nonlinear-systems/code/Trabalho 1/Escape em tempo finito(A chapéu).psimsch,Finite escape time in an MIT-rule estimator (â),Pedro (Pedro Yochinori Gushiken) - single-author reports credit only him; no other names found,"RL-circuit parallel-model estimator with the MIT-rule laws θ1=γ1·e0·u, θ2=-γ2·e0·y (R=1.2 Ω, L=0.1 mH, γ1=1e6, γ2=20, θ(0)=(45, 80)). These gains make the estimate â ('A chapéu') escape to infinity in finite time.","Sistemas Não Lineares (MSc course, 2015-2), Trabalho/Lista 1 'Fenômenos e Exemplos de Não-Linearidades' — Mestrado/Sistemas Não Lineares/Trabalho 1 - Sistemas Não Lineares.tex (author Pedro Yochinori Gushiken), section 'Escape em Tempo Finito, Estimador de Parâmetros via Regra do MIT'",final,high,Documentos/Mestrado/Sistemas Não Lineares/Trabalho 1/Escape em tempo finito(A chapéu).psimsch,752f6a3663e15e956f82912692b9e41f4d1b5d6f
classwork/graduate/2015-2-nonlinear-systems/code/Trabalho 1/Fenômeno do salto.psimsch,Jump phenomenon: piecewise mass-spring with contact,Pedro (Pedro Yochinori Gushiken) - single-author reports credit only him; no other names found,"Forced nonlinear mass-spring with a contact stop at u≥0.8 (from Savi's 'Dinâmica Não-Linear e Caos'): w0=1, ws=3.16, ξ=0.025, ξs=0.0475, forcing μcos(Ωt) with a parameter sweep over Ω=0.7, 1.1, 1.5 rad/s. A comparator and MUX switch the equations to show the jump/resonance-lock behaviour.","Sistemas Não Lineares (MSc course, 2015-2), Trabalho/Lista 1 'Fenômenos e Exemplos de Não-Linearidades' — Mestrado/Sistemas Não Lineares/Trabalho 1 - Sistemas Não Lineares.tex (author Pedro Yochinori Gushiken), section 'Salto, Sistema massa mola com ressonância'",final,high,Documentos/Mestrado/Sistemas Não Lineares/Trabalho 1/Fenômeno do salto.psimsch,98573a54e178e52ce83f7e0e2bdd7486787b7731
classwork/graduate/2015-2-nonlinear-systems/code/mfase.m,Broken quiver attempt for the Van der Pol vector field,Pedro,"It tries to draw a quiver of the Van der Pol field on a 9x9 grid, but writes x2d = -mi(1-x1^2)*x2-x1. That indexes mi with a matrix and uses matrix power, so it errors immediately. The working phase plots are the my_phase-style scripts.","EEC1110 Sistemas de Controle (PPgEEC/UFRN, 2016.1, Prof. Carlos Eduardo Trabuco Dorea), project 'Projeto de Sistema de Controle via Lugar das Raizes e Resposta em Frequencia' (Trabalho Sistemas de Controle/roteiro_projeto_EEC1110_2016-1.pdf; partial presentation 02/05/2016, report due 05/06/2016). Team: Pedro Gushiken, Isaac Dantas, Luan Garcia. Report: Documentos/Relatorio Sistemas de Controle/ar",failed,high,MATLAB/MATLAB_Files_Old.rar!/mfase.m,09d0254cf81b1238c16dd30f5ce68c4e17b9ce2b
classwork/graduate/2015-2-nonlinear-systems/code/my_phase.m,"Van der Pol phase portrait, mu=1.5, x0=(0.1,0.1), 15 s",Pedro,"Same as the rar's my_phase.m (Van der Pol, mu=1.5, start (0.1, 0.1)) but integrated over only 15 s, so only the outward spiral is shown.","Reused in Aug 2016, around the Sistemas Lineares classes and the traject_test.m limit-cycle idea (Aug 19); originally EEC1110 Sistemas de Controle (PPgEEC/UFRN, 2016.1, Prof. Carlos Eduardo Trabuco Dorea), project 'Projeto de Sistema de Controle via Lugar das Raizes e Resposta em Frequencia' (Trabalho Sistemas de Controle/roteiro_projeto_EEC1110_2016-1.pdf; partial presentation 02/05/2016, report ",experiment,high,MATLAB/Mfase.zip!/m Files/Sistemas Nao Lineares/my_phase.m,6941c3c027abff515ba6694eb970bd44aad0b6f6
classwork/graduate/2015-2-nonlinear-systems/code/q1L2.m,"SNL Lista 2, Q1: phase portrait of x'' = (1-e^{-x^2})(x-1)(x-2)",Pedro,"ode45 phase portrait of x1'=x2, x2'=(1-exp(-x1^2))(x1-1)(x1-2) from (1.8, 0) over 500 s; the system has 3 singular points (0, 1, 2). The legend 'partindo do interior do ciclo' is a leftover from another script. Uses the generic 'my_phase' template: a function my_phase() with ode45 and a sub-function EOM, with leftover unused variables. Because the internal name differs from the file name, MATLAB r","Sistemas Nao Lineares, MSc course 2015.2, Listas 2 e 3 (Documentos/Sistemas Nao Lineares Trabalhos/Relatorio3T.tex 'Listas de Exercicios 2 e 3 - Sistemas Nao Lineares', author Pedro; question texts in lista_sistemas_nao_lineares_2_2015.pdf and lista_sistemas_nao_lineares_3.pdf; figures PlanodeFaseQ*.png dated Dec 12 2015). Q1 asks for a 2nd-order system with at least 3 singular points (figures Pla",final,high,MATLAB/MATLAB_Files_Old.rar!/Projetos a Organizar/q1L2.m,93faa3c92e2fc011e22e580a5bb867c987ea9fd7
classwork/graduate/2015-2-nonlinear-systems/code/q2L2.m,"SNL Lista 2, Q2: conservative system x'' = -x (circle phase portrait)",Pedro,"ode45 phase portrait of the harmonic oscillator x1'=x2, x2'=-x1 from (1, 0) over 10 s; the trajectory is a circle, so energy is conserved. Uses the generic 'my_phase' template: a function my_phase() with ode45 and a sub-function EOM, with leftover unused variables. Because the internal name differs from the file name, MATLAB runs it under the file name.","Sistemas Nao Lineares, MSc course 2015.2, Listas 2 e 3 (Documentos/Sistemas Nao Lineares Trabalhos/Relatorio3T.tex 'Listas de Exercicios 2 e 3 - Sistemas Nao Lineares', author Pedro; question texts in lista_sistemas_nao_lineares_2_2015.pdf and lista_sistemas_nao_lineares_3.pdf; figures PlanodeFaseQ*.png dated Dec 12 2015). Q2 asks for a conservative physical system (PlanodeFaseQ2.png). Found in 'P",final,high,MATLAB/MATLAB_Files_Old.rar!/Projetos a Organizar/q2L2.m,3978f5d9103b92e71b98eb80b19d980ca8b83a76
classwork/graduate/2015-2-nonlinear-systems/code/q3L2.m,"SNL Lista 2, Q3: Rayleigh equation limit cycle",Pedro,"ode45 phase portrait of the Rayleigh equation x1'=x2, x2'=-x1+x2-x2^3/3 from (1, -3) over 100 s, showing convergence to the limit cycle. It has a leftover unused c=1.03. Uses the generic 'my_phase' template: a function my_phase() with ode45 and a sub-function EOM, with leftover unused variables. Because the internal name differs from the file name, MATLAB runs it under the file name.","Sistemas Nao Lineares, MSc course 2015.2, Listas 2 e 3 (Documentos/Sistemas Nao Lineares Trabalhos/Relatorio3T.tex 'Listas de Exercicios 2 e 3 - Sistemas Nao Lineares', author Pedro; question texts in lista_sistemas_nao_lineares_2_2015.pdf and lista_sistemas_nao_lineares_3.pdf; figures PlanodeFaseQ*.png dated Dec 12 2015). Q3 (isoclines and Poincare-Bendixson for the Rayleigh equation; PlanodeFase",final,high,MATLAB/MATLAB_Files_Old.rar!/Projetos a Organizar/q3L2.m,416495f447352485d4afe7114749b84652fba7d9
classwork/graduate/2015-2-nonlinear-systems/code/q3L3.m,"SNL Lista 3: linear system x1'=-K x1-3x2, x2'=K x1-2x2 (K=0.001)",Pedro,"ode45 trajectory of x1' = -K x1 - 3 x2, x2' = K x1 - 2 x2 with K=0.001, from (100, 200) over 5000 s, to check stability for a small K. Uses the generic 'my_phase' template: a function my_phase() with ode45 and a sub-function EOM, with leftover unused variables. Because the internal name differs from the file name, MATLAB runs it under the file name.","Sistemas Nao Lineares, MSc course 2015.2, Listas 2 e 3 (Documentos/Sistemas Nao Lineares Trabalhos/Relatorio3T.tex 'Listas de Exercicios 2 e 3 - Sistemas Nao Lineares', author Pedro; question texts in lista_sistemas_nao_lineares_2_2015.pdf and lista_sistemas_nao_lineares_3.pdf; figures PlanodeFaseQ*.png dated Dec 12 2015). It matches the parametric system in Lista 3 (the question numbering is garb",final,medium,MATLAB/MATLAB_Files_Old.rar!/Projetos a Organizar/q3L3.m,bce4b4a9d723b55250d5557ee88ef1831447f947
classwork/graduate/2015-2-nonlinear-systems/reports/CaosBifurcBifVariaveis.png,,,,,latex,,Documentos/Mestrado/Sistemas Não Lineares/*.png,34f8fc9a64cf48c1db8162b5071c65297ed17294
classwork/graduate/2015-2-nonlinear-systems/reports/CaosBifurcCaoVariaveis.png,,,,,latex,,Documentos/Mestrado/Sistemas Não Lineares/*.png,075e9941ccd484c1cd5c47dcf8874aef0c6103f4
classwork/graduate/2015-2-nonlinear-systems/reports/CaosBifurcEsquema.png,,,,,latex,,Documentos/Mestrado/Sistemas Não Lineares/*.png,03e9cb8c54ac51fee7dfce70d1624a96aeb484f7
classwork/graduate/2015-2-nonlinear-systems/reports/CicloLimiteEsquema.png,,,,,latex,,Documentos/Mestrado/Sistemas Não Lineares/*.png,9023d2b85b1198677e9dab79de8c3d77d9025617
classwork/graduate/2015-2-nonlinear-systems/reports/CicloLimiteTemp1.png,,,,,latex,,Documentos/Mestrado/Sistemas Não Lineares/*.png,c78f65a1a0176c8a0a3cf0a2613d90ac214f1f49
classwork/graduate/2015-2-nonlinear-systems/reports/CicloLimiteTemp2.png,,,,,latex,,Documentos/Mestrado/Sistemas Não Lineares/*.png,3248f7c394385846c3e52288a8a2b42a3c19b82a
classwork/graduate/2015-2-nonlinear-systems/reports/ControleReleVSEsquema.png,,,,,latex,,Documentos/Mestrado/Sistemas Não Lineares/*.png,cd6bfbb529b9d3be3c7fe5901836d7c8c8231625
classwork/graduate/2015-2-nonlinear-systems/reports/ControleReleVSSaidaComHisterese.png,,,,,latex,,Documentos/Mestrado/Sistemas Não Lineares/*.png,9a58980d8a4f7adc6550212283feb5ffeaf58479
classwork/graduate/2015-2-nonlinear-systems/reports/ControleReleVSSaidaSemHisterese.png,,,,,latex,,Documentos/Mestrado/Sistemas Não Lineares/*.png,144be113c6a770b9824c20a5b65b57b822f33f24
classwork/graduate/2015-2-nonlinear-systems/reports/EscapeTempoFinitoEsquema.png,,,,,latex,,Documentos/Mestrado/Sistemas Não Lineares/*.png,4c7a25d8daee7cdcb4c2f6fb41229cb26c0de791
classwork/graduate/2015-2-nonlinear-systems/reports/EscapeTempoFinitoVariaveis.png,,,,,latex,,Documentos/Mestrado/Sistemas Não Lineares/*.png,fce9b30cd170d30ff644d145e32007bf12c856ae
classwork/graduate/2015-2-nonlinear-systems/reports/FArrasteEsquema.png,,,,,latex,,Documentos/Mestrado/Sistemas Não Lineares/*.png,a911fe00fcab72851b2c90e57771386933e55d2a
classwork/graduate/2015-2-nonlinear-systems/reports/FArrasteV1.png,,,,,latex,,Documentos/Mestrado/Sistemas Não Lineares/*.png,6996f95a6bddd696169d443fbe4d2d65bcaab30d
classwork/graduate/2015-2-nonlinear-systems/reports/FArrasteV2.png,,,,,latex,,Documentos/Mestrado/Sistemas Não Lineares/*.png,149f08d18795c0279f38d440e1d1b6122c6f7933
classwork/graduate/2015-2-nonlinear-systems/reports/FenomenoSaltoEsquema.png,,,,,latex,,Documentos/Mestrado/Sistemas Não Lineares/*.png,8307a8b370d6c3a5278d9b68a7f93cc146be3443
classwork/graduate/2015-2-nonlinear-systems/reports/FenomenoSaltoVariaveis.png,,,,,latex,,Documentos/Mestrado/Sistemas Não Lineares/*.png,96a3c96ab1033535bf682172030105ab84a8c88c
classwork/graduate/2015-2-nonlinear-systems/reports/LipschitzEsquema.png,,,,,latex,,Documentos/Mestrado/Sistemas Não Lineares/*.png,c9ba3c38ca8411b9116e74a0332f20181a2feca2
classwork/graduate/2015-2-nonlinear-systems/reports/LipschitzGlobal1.png,,,,,latex,,Documentos/Mestrado/Sistemas Não Lineares/*.png,54267f0f404b1fe3c4b0e3945c861bcbd5550cf0
classwork/graduate/2015-2-nonlinear-systems/reports/LipschitzGlobal2.png,,,,,latex,,Documentos/Mestrado/Sistemas Não Lineares/*.png,26224e46dcb8cb7182d283ef45f9ed5ac01236fa
classwork/graduate/2015-2-nonlinear-systems/reports/LipschitzLocal1.png,,,,,latex,,Documentos/Mestrado/Sistemas Não Lineares/*.png,2d68ce4e98c9e8d73af1a5073ab5c3a20dc28072
classwork/graduate/2015-2-nonlinear-systems/reports/LipschitzLocal2.png,,,,,latex,,Documentos/Mestrado/Sistemas Não Lineares/*.png,c63492cdd27b9a97b8b305610f94d14fb0e853f8
classwork/graduate/2015-2-nonlinear-systems/reports/MultEqEsquema.png,,,,,latex,,Documentos/Mestrado/Sistemas Não Lineares/*.png,25894c5437b6ec19abedceb99bde89e340e61f04
classwork/graduate/2015-2-nonlinear-systems/reports/MultEqTemp1.png,,,,,latex,,Documentos/Mestrado/Sistemas Não Lineares/*.png,22c6568c9a267e82817a326a24519b6e8eef85a4
classwork/graduate/2015-2-nonlinear-systems/reports/MultEqTemp2.png,,,,,latex,,Documentos/Mestrado/Sistemas Não Lineares/*.png,f70ae4a41594489d52b81ef05bd11df237dc3a23
classwork/graduate/2015-2-nonlinear-systems/reports/PInLinearCuboErro.png,,,,,latex,,Documentos/Mestrado/Sistemas Não Lineares/*.png,a5e037635fcc2fffeb99e0020b8d38d93ef1e2bb
classwork/graduate/2015-2-nonlinear-systems/reports/PInLinearEsquema.png,,,,,latex,,Documentos/Mestrado/Sistemas Não Lineares/*.png,b2e8e0a8a5a417a298a8eb969d33584e39f6904c
classwork/graduate/2015-2-nonlinear-systems/reports/PInLinearResposta.png,,,,,latex,,Documentos/Mestrado/Sistemas Não Lineares/*.png,526df8a9a5e6a08a1e2596b825554e8223247d53
classwork/graduate/2015-2-nonlinear-systems/reports/PInLinearRespostaLinear.png,,,,,latex,,Documentos/Mestrado/Sistemas Não Lineares/*.png,757341ea93e4da9624331a36f7e7d279dc3a8893
classwork/graduate/2015-2-nonlinear-systems/reports/PlanoDeFaseQ4C05P1.png,,,,,latex,,Documentos/Sistemas Não Lineares Trabalhos/PlanodeFase*.png | Documentos/Sistemas Não Lineares Trabalhos/PlanoDeFase*.png,f170c1d514a4d94618ab16712d13074b731127fb
classwork/graduate/2015-2-nonlinear-systems/reports/PlanoDeFaseQ4C05P2.png,,,,,latex,,Documentos/Sistemas Não Lineares Trabalhos/PlanodeFase*.png | Documentos/Sistemas Não Lineares Trabalhos/PlanoDeFase*.png,8df10d688a8f27eeb6dc090760139c079734d452
classwork/graduate/2015-2-nonlinear-systems/reports/PlanoDeFaseQ4C103P1.png,,,,,latex,,Documentos/Sistemas Não Lineares Trabalhos/PlanodeFase*.png | Documentos/Sistemas Não Lineares Trabalhos/PlanoDeFase*.png,ca645309b0ce1391804074b7c278ed4767b7a652
classwork/graduate/2015-2-nonlinear-systems/reports/PlanoDeFaseQ4C108P2.png,,,,,latex,,Documentos/Sistemas Não Lineares Trabalhos/PlanodeFase*.png | Documentos/Sistemas Não Lineares Trabalhos/PlanoDeFase*.png,9f4b778ae788d9ae835b21b8b1ca12b2262873f3
classwork/graduate/2015-2-nonlinear-systems/reports/PlanoDeFaseQ4C10P1.png,,,,,latex,,Documentos/Sistemas Não Lineares Trabalhos/PlanodeFase*.png | Documentos/Sistemas Não Lineares Trabalhos/PlanoDeFase*.png,7e4bef0b5a7a1dae3a130add363428cf6412e1fb
classwork/graduate/2015-2-nonlinear-systems/reports/PlanoDeFaseQ4C10P2.png,,,,,latex,,Documentos/Sistemas Não Lineares Trabalhos/PlanodeFase*.png | Documentos/Sistemas Não Lineares Trabalhos/PlanoDeFase*.png,b8e95c8fa448e917e57067be5df653c132209cd0
classwork/graduate/2015-2-nonlinear-systems/reports/PlanoDeFaseQ4C20P1.png,,,,,latex,,Documentos/Sistemas Não Lineares Trabalhos/PlanodeFase*.png | Documentos/Sistemas Não Lineares Trabalhos/PlanoDeFase*.png,330f1e4bb3850f9d41a4c4a96dc78b61328dbe8e
classwork/graduate/2015-2-nonlinear-systems/reports/PlanoDeFaseQ4C20P2.png,,,,,latex,,Documentos/Sistemas Não Lineares Trabalhos/PlanodeFase*.png | Documentos/Sistemas Não Lineares Trabalhos/PlanoDeFase*.png,5b4821e0297661dcede33975bead0ef5e520de0a
classwork/graduate/2015-2-nonlinear-systems/reports/PlanodeFaseQ1V0.png,,,,,latex,,Documentos/Sistemas Não Lineares Trabalhos/PlanodeFase*.png | Documentos/Sistemas Não Lineares Trabalhos/PlanoDeFase*.png,d874d26146cf78bb0f76d9f990ed2f1d39a019ce
classwork/graduate/2015-2-nonlinear-systems/reports/PlanodeFaseQ1V1.png,,,,,latex,,Documentos/Sistemas Não Lineares Trabalhos/PlanodeFase*.png | Documentos/Sistemas Não Lineares Trabalhos/PlanoDeFase*.png,192dde2f4cbc6fe13c8053b9ff833d86a0a882ae
classwork/graduate/2015-2-nonlinear-systems/reports/PlanodeFaseQ1V2.png,,,,,latex,,Documentos/Sistemas Não Lineares Trabalhos/PlanodeFase*.png | Documentos/Sistemas Não Lineares Trabalhos/PlanoDeFase*.png,beefa554b7fe65001777ed5a69c7f4aaac7034f0
classwork/graduate/2015-2-nonlinear-systems/reports/PlanodeFaseQ2.png,,,,,latex,,Documentos/Sistemas Não Lineares Trabalhos/PlanodeFase*.png | Documentos/Sistemas Não Lineares Trabalhos/PlanoDeFase*.png,6b60ef93289a9ff954f2ea177b649dfb4f81f983
classwork/graduate/2015-2-nonlinear-systems/reports/PlanodeFaseQ3Dentro.png,,,,,latex,,Documentos/Sistemas Não Lineares Trabalhos/PlanodeFase*.png | Documentos/Sistemas Não Lineares Trabalhos/PlanoDeFase*.png,270ff35e186efff151d2e1e772a99c33aef229ee
classwork/graduate/2015-2-nonlinear-systems/reports/PlanodeFaseQ3Fora.png,,,,,latex,,Documentos/Sistemas Não Lineares Trabalhos/PlanodeFase*.png | Documentos/Sistemas Não Lineares Trabalhos/PlanoDeFase*.png,9b1b7e79eb65b41a73e0645825b58252e2c00060
classwork/graduate/2015-2-nonlinear-systems/reports/Relatorio3T.pdf,,,,,latex,,Documentos/Sistemas Não Lineares Trabalhos/Relatorio3T.pdf,c3587e665e32566c11d4b32b7ec459cbaea65933
classwork/graduate/2015-2-nonlinear-systems/reports/Relatorio3T.tex,,,,,latex,,Documentos/Sistemas Não Lineares Trabalhos/Relatorio3T.tex,a2d301b247878300fd867e3e13589a17defa34d4
classwork/graduate/2015-2-nonlinear-systems/reports/Trabalho 1 - Sistemas Não Lineares.pdf,,,,,latex,,Documentos/Mestrado/Sistemas Não Lineares/Trabalho 1 - Sistemas Não Lineares.pdf,92e04645c4315415328c8fc31dc7a318b963b33d
classwork/graduate/2015-2-nonlinear-systems/reports/Trabalho 1 - Sistemas Não Lineares.tex,,,,,latex,,Documentos/Mestrado/Sistemas Não Lineares/Trabalho 1 - Sistemas Não Lineares.tex,851e6084455093f5e677faaa4b9781119c29e8eb
classwork/graduate/2015-2-nonlinear-systems/reports/Trabalho1.tex,,,,,latex,,Documentos/Sistemas Não Lineares Trabalhos/Trabalho1.tex,12d7b4cecfc2ab15906d596a44c0f0dbdc2b5da1
classwork/graduate/2015-2-nonlinear-systems/reports/Trabalho2.tex,,,,,latex,,Documentos/Sistemas Não Lineares Trabalhos/Trabalho2.tex,2ac10037cfa835201eb14ee9bd2a1c033266b202
classwork/graduate/2015-2-systems-optimization/reports/CodPost.tex,,,,,latex,,Documentos/Mestrado/Otimização de Sistemas/Relatório Av. 2/CodPost.tex,d0723f4d1b58d40f693e7dac4623b1429f6b878f
classwork/graduate/2015-2-systems-optimization/reports/CodUsado.tex,,,,,latex,,Documentos/Mestrado/Otimização de Sistemas/Relatório Av. 2/CodUsado.tex,c31a0a5649a1f4f2c0b0de4efc97168f66fd05cf
classwork/graduate/2015-2-systems-optimization/reports/Just.tex,,,,,latex,,Documentos/Mestrado/Otimização de Sistemas/Relatório Av. 2/Just.tex,8a08ac093d7195e23d7582ae4d7bad2529cb86a2
classwork/graduate/2015-2-systems-optimization/reports/Just2.tex,,,,,latex,,Documentos/Mestrado/Otimização de Sistemas/Relatório Av. 2/Just2.tex,9f91c39b74ba8aa601e11bf4b1547b41cbd8de35
classwork/graduate/2015-2-systems-optimization/reports/Relatorio.pdf,,,,,latex,,Documentos/Mestrado/Otimização de Sistemas/Relatório Av. 2/Relatorio.pdf,81a241cd8b430fe68be1f3fd58c7998b02de607a
classwork/graduate/2015-2-systems-optimization/reports/Relatorio.tex,,,,,latex,,Documentos/Mestrado/Otimização de Sistemas/Relatório Av. 2/Relatorio.tex,6e3d165a220f220d42a7521c2ca71d7cdbfef6da
classwork/graduate/2015-2-systems-optimization/reports/Result.tex,,,,,latex,,Documentos/Mestrado/Otimização de Sistemas/Relatório Av. 2/Result.tex,f26dea4fe007048f89b2cd66cbc19095183e69b5
classwork/graduate/2015-2-systems-optimization/reports/Result2.tex,,,,,latex,,Documentos/Mestrado/Otimização de Sistemas/Relatório Av. 2/Result2.tex,8372d950a1e167a5ee9a8dab024ab235e2af206f
classwork/graduate/2016-1-adaptive-control/code/Estrategias Controle Adaptativo/APPC.m,"APPC, m Files version (true plant used in the Diophantine equation)",Pedro (header 'Aluno: Pedro Gushiken'),"Same APPC as the AC_Metodos archive, but with the polynomial filter (tf2ss), Lambda-sized controller filters, and theta estimates clamped to >=0.1. Ls/Ps are clamped to >=0, and the Sylvester system is solved with the TRUE plant polynomials Rs_estrela/Zs_estrela (det check >=0). The controller is therefore not adaptive any more; this looks like a debugging step to validate the pole-placement part.","June 2016 'AC_Metodos' (adaptive-control methods) set, built in the same struct-in/struct-out style as the identification set; the tabbedGUI (Sep 2016) lists APPC as a back-end for the 'App Controle Adaptativo'. Course/assignment not documented. The input struct field order (t_inicial,t_final,h,filtroW,~,~,ordem,P0,Plinha,cond_p,cond_est,teta_inicial,Beta,PMax,minp,refF,refA,Qms,Zs_estrela,Rs_estr",final,high,MATLAB/MATLAB_Files_Old.rar!/AC_Metodos/APPC.m,798bde462c752ce26d10d8084027585c0951f055
classwork/graduate/2016-1-adaptive-control/code/Estrategias Controle Adaptativo/Astrom_Hagglund.m,Relay (Astrom-Hagglund) auto-tuned PID with time-varying plant,Pedro (probable; stub header 'Summary of this function goes here'),"A PID with derivative filter N (tf2ss) controls a plant whose denominator varies slowly (s^2+2s+cos(0.001t)+1.1). When |e| exceeds 'lim' (after a waiting period) the loop switches to relay control +/-M. After two peak intervals it estimates Tcr and Kcr=4M/(pi X) and re-tunes by Ziegler-Nichols (Kp=0.6Kcr, Ti=Tcr/2, Td=Tcr/8).","June 2016 'AC_Metodos' (adaptive-control methods) set, built in the same struct-in/struct-out style as the identification set; the tabbedGUI (Sep 2016) lists APPC as a back-end for the 'App Controle Adaptativo'. Course/assignment not documented. Same topic as the relay autotuning experiment of the 2015 Controle Adaptativo course (PSIM, README 04).",final,medium,MATLAB/Apps/AC_Metodos.rar!/AC_Metodos/Astrom_Hagglund.m,2edd765abb1db54e05610ee1e7ab7b13d43410f9
classwork/graduate/2016-1-adaptive-control/code/Estrategias Controle Adaptativo/Astrom_Hagglund_Thales.m,"Relay auto-tuned PID, fixed plant 1/(s^2+2s) ('Thales' variant)",Pedro (probable); the name refers to an unidentified 'Thales',"Identical to Astrom_Hagglund.m except that the plant is fixed, s^2+2s (an integrating plant), instead of time-varying. 'Thales' is presumably the person it was prepared for or who suggested the case (a colleague?); nobody named Thales appears in Documentos.","June 2016 'AC_Metodos' (adaptive-control methods) set, built in the same struct-in/struct-out style as the identification set; the tabbedGUI (Sep 2016) lists APPC as a back-end for the 'App Controle Adaptativo'. Course/assignment not documented.",experiment,medium,MATLAB/MATLAB_Files_Old.rar!/AC_Metodos/Astrom_Hagglund_Thales.m,11df13097d934dff0868ba1c25b28f985e934554
classwork/graduate/2016-1-adaptive-control/code/Estrategias Controle Adaptativo/MRAC_NRQ.m,"MRAC for arbitrary relative degree (augmented error), m Files version",Pedro (probable; no author line),"Same augmented-error MRAC as the archived MRAC_NRQ (see 07): filters v1, v2, regressor w, L^{-1} filtering, augmented error e_a and the extra adaptive gain theta_2n+1. It returns its outputs via make_struct_out_MRAC.","June 2016 'AC_Metodos' (adaptive-control methods) set, built in the same struct-in/struct-out style as the identification set; the tabbedGUI (Sep 2016) lists APPC as a back-end for the 'App Controle Adaptativo'. Course/assignment not documented.",final,high,MATLAB/MATLAB_Files_Old.rar!/AC_Metodos/MRAC_NRQ.m,b3220da3f901e8315a7925220d5a53d0454c93fb
classwork/graduate/2016-1-adaptive-control/code/Estrategias Controle Adaptativo/M_sylv.m,Sylvester matrix for the continuous APPC Diophantine equation,Pedro (Portuguese header),"Builds the Sylvester matrix to solve Qm R L + Z P = A* for given plant order n and internal-model order q, from the coefficient vectors of QmR and Z.","June 2016 'AC_Metodos' (adaptive-control methods) set, built in the same struct-in/struct-out style as the identification set; the tabbedGUI (Sep 2016) lists APPC as a back-end for the 'App Controle Adaptativo'. Course/assignment not documented.",library/function,high,MATLAB/Apps/AC_Metodos.rar!/AC_Metodos/M_sylv.m,4586388c3da9b363cbaff036cdb05371f0726e1b
classwork/graduate/2016-1-adaptive-control/code/Estrategias Controle Adaptativo/can.m,Companion-form matrix builder can(),Pedro,Builds the n x n companion matrix whose last row is the given vector (ones on the superdiagonal). Shared helper.,"MSc (PPgEEC/UFRN, advisor Prof. Aldayr Dantas de Araujo), 2016: Narendra-style second-level adaptation (SLA, Han & Narendra 2012; Narendra, Wang & Chen, ACC 2014, cited in the header) for indirect MRAC of companion-form plants with accessible states.",library/function,high,MATLAB/Apps/AC_Metodos.rar!/AC_Metodos/can.m,9d1a8fa818005bba1000c3f61eab649dd913aeab
classwork/graduate/2016-1-adaptive-control/code/Estrategias Controle Adaptativo/convert_struct.m,convert_struct (Estrategias copy),Pedro,Same struct-to-varargout helper as the toolbox copy; only blank lines differ.,"June 2016 'AC_Metodos' (adaptive-control methods) set, built in the same struct-in/struct-out style as the identification set; the tabbedGUI (Sep 2016) lists APPC as a back-end for the 'App Controle Adaptativo'. Course/assignment not documented.",library/function,high,MATLAB/MATLAB_Files_Old.rar!/AC_Metodos/convert_struct.m,c695f6139fa70be23b704fd7b89bbbae6bf83bee
classwork/graduate/2016-1-adaptive-control/code/Estrategias Controle Adaptativo/make_struct_MRAC_NRQ.m,Input-struct builder for MRAC_NRQ (buggy),Pedro,"Packs stoptime, h, filters, plant numerator/denominator, initial conditions, reference, P, gamma, kp, km into a struct. It references est_theta_inic, which is not an argument, and omits theta_2nm1_0 and alfa, which MRAC_NRQ expects. Calling it errors.","June 2016 'AC_Metodos' (adaptive-control methods) set, built in the same struct-in/struct-out style as the identification set; the tabbedGUI (Sep 2016) lists APPC as a back-end for the 'App Controle Adaptativo'. Course/assignment not documented.",library/function,high,MATLAB/Apps/AC_Metodos.rar!/AC_Metodos/make_struct_MRAC_NRQ.m,2a44adc66a3a3c5bf3b10b8dabf2f2176b2315e7
classwork/graduate/2016-1-adaptive-control/code/Estrategias Controle Adaptativo/make_struct_out_MRAC.m,Output struct builder for MRAC/Astrom-Hagglund (renamed),Pedro,"Renamed copy of the AC_Metodos make_struct_out (x_p_out, x_m_out, theta, e_o, u, r, tempo, endk).","June 2016 'AC_Metodos' (adaptive-control methods) set, built in the same struct-in/struct-out style as the identification set; the tabbedGUI (Sep 2016) lists APPC as a back-end for the 'App Controle Adaptativo'. Course/assignment not documented.",library/function,high,MATLAB/MATLAB_Files_Old.rar!/AC_Metodos/make_struct_out_MRAC.m,2968e2cb31b7b67f4695bbdbb39318f8fa77d00a
classwork/graduate/2016-1-adaptive-control/code/Estrategias Controle Adaptativo/plot_adap_figures_APPC.m,Plot APPC results (6 panels),Pedro,"Plots z vs z_hat, the parameter estimates, the output error, the plant output, the normalisation m and the control u from the APPC output struct, in a 3x2 subplot.","June 2016 'AC_Metodos' (adaptive-control methods) set, built in the same struct-in/struct-out style as the identification set; the tabbedGUI (Sep 2016) lists APPC as a back-end for the 'App Controle Adaptativo'. Course/assignment not documented.",library/function,high,MATLAB/Apps/AC_Metodos.rar!/AC_Metodos/plot_adap_figures_APPC.m,a1185b2888d36d358629ea678b14cbb778c3472b
classwork/graduate/2016-1-adaptive-control/code/Estrategias Controle Adaptativo/plot_adap_figures_AstHagg.m,Plot Astrom-Hagglund relay/PID results,Pedro,"Plots plant output vs reference, output error and plant input (3x1).","June 2016 'AC_Metodos' (adaptive-control methods) set, built in the same struct-in/struct-out style as the identification set; the tabbedGUI (Sep 2016) lists APPC as a back-end for the 'App Controle Adaptativo'. Course/assignment not documented.",library/function,high,MATLAB/Apps/AC_Metodos.rar!/AC_Metodos/plot_adap_figures_AstHagg.m,45de28b7661dc73b14a6af43340911e413913152
classwork/graduate/2016-1-adaptive-control/code/Estrategias Controle Adaptativo/plot_adap_figures_MRAC_NRQ.m,Plot MRAC_NRQ results (2x2),Pedro,"Plots model vs plant output, the controller parameters, the control signal and the output error in one 2x2 figure.","June 2016 'AC_Metodos' (adaptive-control methods) set, built in the same struct-in/struct-out style as the identification set; the tabbedGUI (Sep 2016) lists APPC as a back-end for the 'App Controle Adaptativo'. Course/assignment not documented.",library/function,high,MATLAB/MATLAB_Files_Old.rar!/AC_Metodos/plot_adap_figures_MRAC_NRQ.m,9c82ab96cb12654345c6ab2e12d9a3f76f99e7bc
classwork/graduate/2016-1-adaptive-control/code/Estrategias Controle Adaptativo/preallocate_memory.m,Preallocation helper for SLA simulations,Pedro,"Preallocates all time-series arrays (tempo, r, eta, u, alpha, x_i, x_p, x_m, theta_i, A_i, E, e_i, …) for an n-th-order system with n+1 models.","MSc (PPgEEC/UFRN, advisor Prof. Aldayr Dantas de Araujo), 2016: Narendra-style second-level adaptation (SLA, Han & Narendra 2012; Narendra, Wang & Chen, ACC 2014, cited in the header) for indirect MRAC of companion-form plants with accessible states.",library/function,high,MATLAB/Apps/AC_Metodos.rar!/AC_Metodos/preallocate_memory.m,d551aaf5b053346abadb6ffef627a37a2cab907b
classwork/graduate/2016-1-adaptive-control/code/Identificação/Gradiente.m,"Pure-gradient identifier, latest (Sep 30 2016)",Pedro with Isaac Dantas (header),"Final copy of the pure-gradient identifier (see 50). It differs only by two debug outputs (missing semicolon on tf2ss, a bare 'Aw' line). It was touched on Sep 30 2016, the same day as tabbedGUI.m, when Pedro was wiring the methods into the GUI.","June 2016 set of identification algorithms (Ioannou & Sun-style parametric models: gradient, integral-cost gradient, least squares variants), header 'Alunos: Pedro Gushiken e Isaac Dantas / Orientador: Aldayr Dantas de Araujo'. Which course or assignment it was for is not documented; it is the same family of methods as Controle Adaptativo Lista 3 (2015, PSIM). Sep 2016 tabbedGUI lists 'Metodo do G",final,high,MATLAB/m Files/Identificação/Gradiente.m,5c37058c9700f983c08e26cb1989a62eda73efc4
classwork/graduate/2016-1-adaptive-control/code/Identificação/Gradiente_FCI.m,"Integral-cost gradient identifier, latest",Pedro with Isaac Dantas (header),"Gradient with integral cost (R, Q filters with forgetting beta; theta'=-gamma(Q+R theta)), polynomial filter via tf2ss. Initial R and Q are hard-coded 4x4/4x1, so it handles 2nd-order plants only. Header 'Alunos: Pedro Gushiken e Isaac Dantas'.","June 2016 set of identification algorithms (Ioannou & Sun-style parametric models: gradient, integral-cost gradient, least squares variants), header 'Alunos: Pedro Gushiken e Isaac Dantas / Orientador: Aldayr Dantas de Araujo'. Which course or assignment it was for is not documented; it is the same family of methods as Controle Adaptativo Lista 3 (2015, PSIM). Sep 2016 tabbedGUI lists 'Metodo do G",final,high,MATLAB/Apps/Identificação.rar!/Identificação/Gradiente_FCI.m,acca440270878cdfa5679dcdca6310ae5ee0e839
classwork/graduate/2016-1-adaptive-control/code/Identificação/Gradiente_Proj.m,Gradient identifier with parameter projection (experimental),Pedro with Isaac Dantas (header),Pure gradient plus a projection onto a region around a HARD-CODED true parameter vector [0 1 3 2] (radius 0.2). It uses an odd boundary function g=3*C.^C. The condition 'norm(...)<=0' means the projection is almost always active. It is an unfinished experiment.,"June 2016 set of identification algorithms (Ioannou & Sun-style parametric models: gradient, integral-cost gradient, least squares variants), header 'Alunos: Pedro Gushiken e Isaac Dantas / Orientador: Aldayr Dantas de Araujo'. Which course or assignment it was for is not documented; it is the same family of methods as Controle Adaptativo Lista 3 (2015, PSIM). Sep 2016 tabbedGUI lists 'Metodo do G",experiment,high,Identificação.rar!/Identificação/Gradiente_Proj.m,61f2d5a92c0289fb22ce55d53c03d8cf0c3c2924
classwork/graduate/2016-1-adaptive-control/code/Identificação/MinQuad_FE.m,"Least squares with forgetting factor, latest",Pedro with Isaac Dantas (header),"Continuous least squares with forgetting factor (see 02), with polynomial filter via tf2ss. It also prints the plant transfer function via ss2tf for checking.","June 2016 set of identification algorithms (Ioannou & Sun-style parametric models: gradient, integral-cost gradient, least squares variants), header 'Alunos: Pedro Gushiken e Isaac Dantas / Orientador: Aldayr Dantas de Araujo'. Which course or assignment it was for is not documented; it is the same family of methods as Controle Adaptativo Lista 3 (2015, PSIM). Sep 2016 tabbedGUI lists 'Metodo do G",final,high,MATLAB/Apps/Identificação.rar!/Identificação/MinQuad_FE.m,28a6ca4d216ebd9a92a43c6bd6c17cf052ba38e2
classwork/graduate/2016-1-adaptive-control/code/Identificação/MinQuad_FE_PSaturado.m,"Least squares with forgetting and saturated covariance, latest",Pedro with Isaac Dantas (header),"As MinQuad_FE, with P' frozen when norm(P)>=Pmax. Polynomial filter via tf2ss.","June 2016 set of identification algorithms (Ioannou & Sun-style parametric models: gradient, integral-cost gradient, least squares variants), header 'Alunos: Pedro Gushiken e Isaac Dantas / Orientador: Aldayr Dantas de Araujo'. Which course or assignment it was for is not documented; it is the same family of methods as Controle Adaptativo Lista 3 (2015, PSIM). Sep 2016 tabbedGUI lists 'Metodo do G",final,high,MATLAB/Apps/Identificação.rar!/Identificação/MinQuad_FE_PSaturado.m,864a0619eca25bd028175b35ffb995ef64b21044
classwork/graduate/2016-1-adaptive-control/code/Identificação/MinQuad_Puro.m,"Pure least squares, latest",Pedro with Isaac Dantas (header),"Pure continuous least squares (no forgetting), polynomial filter via tf2ss.","June 2016 set of identification algorithms (Ioannou & Sun-style parametric models: gradient, integral-cost gradient, least squares variants), header 'Alunos: Pedro Gushiken e Isaac Dantas / Orientador: Aldayr Dantas de Araujo'. Which course or assignment it was for is not documented; it is the same family of methods as Controle Adaptativo Lista 3 (2015, PSIM). Sep 2016 tabbedGUI lists 'Metodo do G",final,high,MATLAB/Apps/Identificação.rar!/Identificação/MinQuad_Puro.m,9db01a9fc2000a601ad852cd7498c307c75d359f
classwork/graduate/2016-1-adaptive-control/code/Identificação/MinQuad_Puro_RCov.m,"Least squares with covariance resetting, latest",Pedro with Isaac Dantas (header),Pure least squares with P reset to P0 when min(eig(P))<=minp. Polynomial filter via tf2ss.,"June 2016 set of identification algorithms (Ioannou & Sun-style parametric models: gradient, integral-cost gradient, least squares variants), header 'Alunos: Pedro Gushiken e Isaac Dantas / Orientador: Aldayr Dantas de Araujo'. Which course or assignment it was for is not documented; it is the same family of methods as Controle Adaptativo Lista 3 (2015, PSIM). Sep 2016 tabbedGUI lists 'Metodo do G",final,high,MATLAB/Apps/Identificação.rar!/Identificação/MinQuad_Puro_RCov.m,e80a359e011f650c5489ec2cf534cc03ff51fcbd
classwork/graduate/2016-1-adaptive-control/code/Identificação/R_MIT.m,"MIT-rule MRAC, n-th order, state feedback (unfinished)",Pedro (probable),"Direct MRAC with the MIT rule for a 3rd-order companion-form plant (b known, no zeros): u=r+k'x with k=theta_m - theta, theta'=Gamma*e_o*(states filtered through the reference model). It plots model vs plant. The header says 'Precisa de um pouco de trabalho' (needs work), and b and h are hard-coded for order 3.","MSc 2016 adaptive-control exercises (May 2016), in the spirit of the 2015 Controle Adaptativo Lista 1 (MIT rule). Exact assignment unknown.",experiment,medium,MATLAB/MATLAB_Files_Old.rar!/R_MIT.m,8ce864a51602eae74b8d66bd0e20a0359fbd3715
classwork/graduate/2016-1-adaptive-control/code/Identificação/convert_names_to_fields.m,convert_names_to_fields: struct from variables using their names,Pedro (probable),Builds a struct whose field names are the caller's argument variable names (inputname) and whose values are the arguments.,"June 2016 set of identification algorithms (Ioannou & Sun-style parametric models: gradient, integral-cost gradient, least squares variants), header 'Alunos: Pedro Gushiken e Isaac Dantas / Orientador: Aldayr Dantas de Araujo'. Which course or assignment it was for is not documented; it is the same family of methods as Controle Adaptativo Lista 3 (2015, PSIM). Sep 2016 tabbedGUI lists 'Metodo do G",library/function,high,Identificação.rar!/Identificação/convert_names_to_fields.m,3bbf0e1330022f7a899dfffa4b49e0ae385c86b8
classwork/graduate/2016-1-adaptive-control/code/Identificação/make_struct_Grad.m,Input-struct builder for gradient identifiers,Pedro (probable),"Packs t_inicial, t_final, h, filter, Ap, bp, order, P, gamma, initial conditions, theta0, beta, refA, refF into a struct (field order matches Gradiente/Gradiente_FCI).","June 2016 set of identification algorithms (Ioannou & Sun-style parametric models: gradient, integral-cost gradient, least squares variants), header 'Alunos: Pedro Gushiken e Isaac Dantas / Orientador: Aldayr Dantas de Araujo'. Which course or assignment it was for is not documented; it is the same family of methods as Controle Adaptativo Lista 3 (2015, PSIM). Sep 2016 tabbedGUI lists 'Metodo do G",library/function,high,Identificação.rar!/Identificação/make_struct_Grad.m,b20e7872cd99766d080e53195f79c7e4f9f60e00
classwork/graduate/2016-1-adaptive-control/code/Identificação/make_struct_MQ.m,Input-struct builder for least-squares identifiers (incomplete),Pedro (probable),"Packs the least-squares parameters (…,P0,Plinha,…,Beta,PMax,minp) but omits refA/refF, which the MinQuad_* functions unpack. Structs made with it are short by two fields.","June 2016 set of identification algorithms (Ioannou & Sun-style parametric models: gradient, integral-cost gradient, least squares variants), header 'Alunos: Pedro Gushiken e Isaac Dantas / Orientador: Aldayr Dantas de Araujo'. Which course or assignment it was for is not documented; it is the same family of methods as Controle Adaptativo Lista 3 (2015, PSIM). Sep 2016 tabbedGUI lists 'Metodo do G",library/function,high,Identificação.rar!/Identificação/make_struct_MQ.m,3e32ae68021ecc224f206c5f6659b01950cf8cd3
classwork/graduate/2016-1-adaptive-control/code/Identificação/make_struct_out.m,Output-struct builder for identifiers,Pedro (probable),"Packs theta, time, z, z_hat, eo, plant output, m and u into a struct using the caller's variable names.","June 2016 set of identification algorithms (Ioannou & Sun-style parametric models: gradient, integral-cost gradient, least squares variants), header 'Alunos: Pedro Gushiken e Isaac Dantas / Orientador: Aldayr Dantas de Araujo'. Which course or assignment it was for is not documented; it is the same family of methods as Controle Adaptativo Lista 3 (2015, PSIM). Sep 2016 tabbedGUI lists 'Metodo do G",library/function,high,Identificação.rar!/Identificação/make_struct_out.m,f1bc7bf914b298703e6994c7fce31e039e40b7d9
classwork/graduate/2016-1-adaptive-control/code/Identificação/plot_adap_figures_Ident.m,Plot identification results (6 panels),Pedro (probable),"Unpacks the identifier output struct by order (teta, x(=time), z1, z1e, eo, y, m, u) and plots z vs z_hat, parameter estimates, normalised error, output, normalisation signal and input in a 3x2 figure.","June 2016 set of identification algorithms (Ioannou & Sun-style parametric models: gradient, integral-cost gradient, least squares variants), header 'Alunos: Pedro Gushiken e Isaac Dantas / Orientador: Aldayr Dantas de Araujo'. Which course or assignment it was for is not documented; it is the same family of methods as Controle Adaptativo Lista 3 (2015, PSIM). Sep 2016 tabbedGUI lists 'Metodo do G",library/function,high,Identificação.rar!/Identificação/plot_adap_figures_Ident.m,a76babbc16440b6df8e6249bb4c361ea18fbe6da
classwork/graduate/2016-1-adaptive-control/code/Identificação/varname.m,varname helper,Pedro (probable),Returns the name of the variable passed in (inputname(1)). A small experiment that led to convert_names_to_fields.,"June 2016 set of identification algorithms (Ioannou & Sun-style parametric models: gradient, integral-cost gradient, least squares variants), header 'Alunos: Pedro Gushiken e Isaac Dantas / Orientador: Aldayr Dantas de Araujo'. Which course or assignment it was for is not documented; it is the same family of methods as Controle Adaptativo Lista 3 (2015, PSIM). Sep 2016 tabbedGUI lists 'Metodo do G",test/scratch,high,Identificação.rar!/Identificação/varname.m,980a145d79dea59a5a19f8e06b88ea9357e174f1
classwork/graduate/2016-1-adaptive-control/code/MRACDireto_Trab1_Regra_MIT_Pedro.slx,"Direct MRAC with MIT rule, 2nd-order plant (Adaptive Control 'Trabalho 1')",Pedro ('_Pedro' suffix in the file name; the assignment was set by Prof. Aldayr Dantas de Araujo),"Direct MRAC tuned by the MIT rule for a 2nd-order plant with poles it(1), it(2) and gain b(2), assuming measurable states. The reference model is a critically damped 2nd-order system whose poles are the plant's scaled by 1.25 and gain b(2)*1.5625. Three adaptive gains (gamma(2..4)) drive integrators initialised from theta_c_ini, and sensitivity filters produce the MIT gradients. The reference is a","Assignment '1o TRABALHO' of Prof. Aldayr Dantas de Araujo's CONTROLE ADAPTATIVO course: 'Projete um controlador MRAC direto supondo que as variaveis de estado sao mensuraveis usando a) a regra do MIT' (Mestrado/TCC/Controle Adaptativo/lista_controle_adaptativo_1.pdf; programa lists professor Aldayr, 2015-1). Pedro's 2015 attempts at this course were PSIM files. This Simulink file was created Oct 2",final,medium,Documentos/Mestrado/MRACDireto_Trab1_Regra_MIT_Pedro.slx,ed48a54819c7d6137bce87fcb9e1a7c54f4f941a
classwork/graduate/2016-1-adaptive-control/code/Simulink/Trabalho 1/MRACDiretoTrab1AutoCriterio2.slx,MRAC Trabalho 1: MIT-rule direct MRAC with automatic stop criterion (variant 2),Pedro,"Direct MRAC with the MIT rule for a plant with poles it(1), it(2) and gain b(2). The reference model is critically damped (poles x1.25, gain 1.5625), with sensitivity filters and three adaptive gains gamma(2..4). Compare-to-constant and Stop ('Pare') blocks end the run automatically once the output error is small. The stop time goes to SimStopTime, which a gamma-tuning loop reads. The reference ha","Controle Adaptativo, MSc course (PPgEEC/UFRN, 2016.1, Prof. Aldayr Dantas de Araujo). Pedro's write-up is Documentos/Controle Adaptativo - Re/Relatorio_Unidade1_Controle_Adaptativo.tex (Jun 20 2016), with figures in MATLAB/Figures/Trabalho 3 Controle Adaptativo. Trabalho 1, 'MRAC direto (regra do MIT) e Gradiente'. The report's MIT-rule section uses plant b=[11 0], a=[11 10] (poles -1, -10) and a ",experiment,high,MATLAB/MATLAB_Files_Old.rar!/Codigo Véi/Trabalho 1/MRACDiretoTrab1AutoCriterio2.slx,1a8418a5000180f276ef7f7bdca56db77e8e31f4
classwork/graduate/2016-1-adaptive-control/code/Simulink/Trabalho 1/MRACDiretoTrab1Start.slx,"MRAC Trabalho 1: MIT-rule direct MRAC, first auto-stop version",Pedro,"Same MIT-rule MRAC, with an annotated stop rule 'Se Epsilon/ref < 0.1*(tau mais lento) ou t>180s Pare' built from Abs, MinMax, relational and Stop blocks. It uses variable transport delays ('Atraso itmin*1/2') to compare errors over time, and the reference-model numerators are b(2)*0.64 and b(2)*0.8 here.","Controle Adaptativo, MSc course (PPgEEC/UFRN, 2016.1, Prof. Aldayr Dantas de Araujo). Pedro's write-up is Documentos/Controle Adaptativo - Re/Relatorio_Unidade1_Controle_Adaptativo.tex (Jun 20 2016), with figures in MATLAB/Figures/Trabalho 3 Controle Adaptativo. Trabalho 1, 'MRAC direto (regra do MIT) e Gradiente'. The report's MIT-rule section uses plant b=[11 0], a=[11 10] (poles -1, -10) and a ",intermediate-version,high,MATLAB/MATLAB_Files_Old.rar!/Codigo Véi/Trabalho 1/MRACDiretoTrab1Start.slx,096ee6c329947d9d32354c8ea624e5686d752aac
classwork/graduate/2016-1-adaptive-control/code/Simulink/Trabalho 1/MRACDireto_Gradiente_Deducao_Winnie.slx,MRAC Trabalho 1: gradient-law direct MRAC following Winnie's derivation,"Pedro (built on his machine with his variables it/b/gamma), following Winnie de Lima Torres' derivation","This is a new model (created Mar 17 2016) with subsystems 'Filtro MRAC', 'Modelo Ref' and 'Lei de Controle'. It implements the gradient (not MIT) adaptive law for the same plant b(2)/(s^2+(it1+it2)s+it1*it2), with the reference model 1.5625*b(2)/(s^2+1.25(it1+it2)s+1.5625 it1 it2). Derivative blocks build y_dot, square pulses (ref/40) add excitation, and theta ICs are -0.2/0.1. A saturation limit ","Controle Adaptativo, MSc course (PPgEEC/UFRN, 2016.1, Prof. Aldayr Dantas de Araujo). Pedro's write-up is Documentos/Controle Adaptativo - Re/Relatorio_Unidade1_Controle_Adaptativo.tex (Jun 20 2016), with figures in MATLAB/Figures/Trabalho 3 Controle Adaptativo. Trabalho 1, 'MRAC direto (regra do MIT) e Gradiente'. The report's MIT-rule section uses plant b=[11 0], a=[11 10] (poles -1, -10) and a ",experiment,medium,MATLAB/MATLAB_Files_Old.rar!/Codigo Véi/Trabalho 1/MRACDireto_Gradiente_Deducao_Winnie.slx,710f679867289a9755fea100337c8f4989dbe073
classwork/graduate/2016-1-adaptive-control/code/Simulink/Trabalho 1/MRACDireto_Gradiente_Deducao_Winnie.slx.autosave,Simulink autosave of MRACDireto_Gradiente_Deducao_Winnie.slx,same as the code in this folder,,companion file,companion,high,MATLAB/Simulink Files/Trabalho 1/MRACDireto_Gradiente_Deducao_Winnie.slx.autosave,1bade2488cf235094c4eea2091c6c2a6e386fbc7
classwork/graduate/2016-1-adaptive-control/code/Simulink/Trabalho 1/MRACDireto_Trab1_Regra_MIT_Pedro.slx,"MRAC Trabalho 1: MIT-rule direct MRAC, final version used for the report (Apr 3 2016)",Pedro,"This is the MIT-rule direct MRAC with gamma(2..4), theta_c_ini initial conditions and reference-model filters. It adds outputs for gamma auto-tuning: ToWorkspace norma2_tmt (error 2-norm), fiddle_gamma3/4 flags, theta1-3 and SimStopTime, plus sqrt/Mux blocks for the error norm. It is the model run by aprendizado_gamma_ini.m.","Controle Adaptativo, MSc course (PPgEEC/UFRN, 2016.1, Prof. Aldayr Dantas de Araujo). Pedro's write-up is Documentos/Controle Adaptativo - Re/Relatorio_Unidade1_Controle_Adaptativo.tex (Jun 20 2016), with figures in MATLAB/Figures/Trabalho 3 Controle Adaptativo. Trabalho 1, 'MRAC direto (regra do MIT) e Gradiente'. The report's MIT-rule section uses plant b=[11 0], a=[11 10] (poles -1, -10) and a ",final,high,MATLAB/MATLAB_Files_Old.rar!/Codigo Véi/Trabalho 1/MRACDireto_Trab1_Regra_MIT_Pedro.slx,3b5313cd38a4b372a946d8f55b2d1b98936f0057
classwork/graduate/2016-1-adaptive-control/code/Simulink/Trabalho 1/MRACDireto_Trab1_Regra_MIT_Pedro.slx.autosave,Simulink autosave of MRACDireto_Trab1_Regra_MIT_Pedro.slx,same as the code in this folder,,companion file,companion,high,MATLAB/Simulink Files/Trabalho 1/MRACDireto_Trab1_Regra_MIT_Pedro.slx.autosave,d17ac01cdf6211fd747338ad914e9cf932ac0c22
classwork/graduate/2016-1-adaptive-control/code/Simulink/Trabalho 1/MRACDireto_Trab1_Regra_MIT_Pedro.slx.original,Simulink backup of MRACDireto_Trab1_Regra_MIT_Pedro.slx made when the model was upgraded to a newer MATLAB release,same as the code in this folder,,companion file,companion,high,MATLAB/Simulink Files/Trabalho 1/MRACDireto_Trab1_Regra_MIT_Pedro.slx.original,ca6370f1791576228f711e8504709472d89a0143
classwork/graduate/2016-1-adaptive-control/code/aprendizado_gamma.m,Gamma auto-tuning loop driving MRACDiretoTrab1AutoCriterio2,Pedro,"Gamma auto-tuning ('aprendizado') experiment for MRAC Trabalho 1: repeatedly simulate the Simulink MRAC and multiply or divide one adaptive gain by an exponential step (pass_exp) according to the simulation time or error norm. Here the criterion is the auto-stop time SimStopTime: gamma(i) grows while the run gets shorter and is divided back when it gets longer, for each parameter, 20 passes. The s","Controle Adaptativo, MSc course (PPgEEC/UFRN, 2016.1, Prof. Aldayr Dantas de Araujo). Pedro's write-up is Documentos/Controle Adaptativo - Re/Relatorio_Unidade1_Controle_Adaptativo.tex (Jun 20 2016), with figures in MATLAB/Figures/Trabalho 3 Controle Adaptativo. Trabalho 1, 'MRAC direto (regra do MIT) e Gradiente'. The report's MIT-rule section uses plant b=[11 0], a=[11 10] (poles -1, -10) and a ",experiment,high,MATLAB/MATLAB_Files_Old.rar!/Projetos a Organizar/aprendizado_gamma.m,e1f63276e4eb4ba8dc2f9f673fdde677d44ede84
classwork/graduate/2016-1-adaptive-control/code/aprendizado_gamma_ini.m,Gamma auto-tuning setup + loop for MRACDireto_Trab1_Regra_MIT_Pedro (the missing init script),Pedro,"Gamma auto-tuning ('aprendizado') experiment for MRAC Trabalho 1: repeatedly simulate the Simulink MRAC and multiply or divide one adaptive gain by an exponential step (pass_exp) according to the simulation time or error norm. This version minimises the error norm norma2_tmt and picks which gamma to adjust from the fiddle_gamma3/4 flags. It also defines the workspace (it=[10 1], b=[0 11], ref=100,","Controle Adaptativo, MSc course (PPgEEC/UFRN, 2016.1, Prof. Aldayr Dantas de Araujo). Pedro's write-up is Documentos/Controle Adaptativo - Re/Relatorio_Unidade1_Controle_Adaptativo.tex (Jun 20 2016), with figures in MATLAB/Figures/Trabalho 3 Controle Adaptativo. Trabalho 1, 'MRAC direto (regra do MIT) e Gradiente'. The report's MIT-rule section uses plant b=[11 0], a=[11 10] (poles -1, -10) and a ",experiment,high,MATLAB/MATLAB_Files_Old.rar!/Projetos a Organizar/aprendizado_gamma_ini.m,d4265254588cbe41228ef821c3fd960dff017a42
classwork/graduate/2016-1-adaptive-control/code/archived-versions/AC_Metodos.rar/AC_Metodos/APPC.m,"Adaptive pole placement (APPC), archived version",Pedro (header 'Aluno: Pedro Gushiken / Orientador: Aldayr'),"APPC for a plant Zs/Rs with internal model Qm. Plant parameters come from least squares with forgetting factor on filtered regressors. The controller solves Qm*R*L + Z*P = A* through the Sylvester matrix (M_sylv) and implements u = (P/Lambda)e + ((Lambda-Qm L)/Lambda)u with tf2ss filters. This archived version uses the ESTIMATED polynomials (Zs_chapeu, Rs_chapeu) in the Diophantine equation, i.e. ","June 2016 'AC_Metodos' (adaptive-control methods) set, built in the same struct-in/struct-out style as the identification set; the tabbedGUI (Sep 2016) lists APPC as a back-end for the 'App Controle Adaptativo'. Course/assignment not documented.",intermediate-version,high,MATLAB/Apps/AC_Metodos.rar!/AC_Metodos/APPC.m,08fde00b383972a76bad40f719773cafe70590a2
classwork/graduate/2016-1-adaptive-control/code/archived-versions/AC_Metodos.rar/AC_Metodos/MRAC_NRQ.m,"MRAC for arbitrary relative degree (augmented error), archived version",Pedro (no header; same style and naming as his other June 2016 files),"Direct MRAC for a plant of arbitrary relative degree ('NRQ'), using the classic augmented-error scheme: filters v1, v2 (Lambda from the numerator of M(s)), w=[v1;y;v2;r], an L^{-1}-filtered regressor, the augmented output y_a, and the error e_a=e_o - y_a. The laws are theta'=-P e_a L^{-1}w plus an extra gain theta_2n+1'=gamma e_a(...), and the control is u=theta'w.","June 2016 'AC_Metodos' (adaptive-control methods) set, built in the same struct-in/struct-out style as the identification set; the tabbedGUI (Sep 2016) lists APPC as a back-end for the 'App Controle Adaptativo'. Course/assignment not documented.",intermediate-version,medium,MATLAB/Apps/AC_Metodos.rar!/AC_Metodos/MRAC_NRQ.m,ab4965d54a92a58381842d766e257b6d3eb69edc
classwork/graduate/2016-1-adaptive-control/code/archived-versions/AC_Metodos.rar/AC_Metodos/make_struct_out.m,Output-struct packer for MRAC/Astrom-Hagglund (archive),Pedro (probable),"Packs x_p_out, x_m_out, theta (squeezed), e_o, u, r, tempo, endk into a struct for the MRAC_NRQ / Astrom_Hagglund plot functions.","June 2016 'AC_Metodos' (adaptive-control methods) set, built in the same struct-in/struct-out style as the identification set; the tabbedGUI (Sep 2016) lists APPC as a back-end for the 'App Controle Adaptativo'. Course/assignment not documented.",library/function,high,MATLAB/Apps/AC_Metodos.rar!/AC_Metodos/make_struct_out.m,9c1e1e7123eada425db29924d9a17a644f41bbbd
classwork/graduate/2016-1-adaptive-control/code/archived-versions/AC_Metodos.rar/AC_Metodos/plot_adap_figures_MRAC_NRQ.m,"MRAC_NRQ plotting, separate-figure version (archive)",Pedro (probable),"Plots model vs plant output and reference, controller parameters, control signal and output error in separate figures (1, 3, 4, 5).","June 2016 'AC_Metodos' (adaptive-control methods) set, built in the same struct-in/struct-out style as the identification set; the tabbedGUI (Sep 2016) lists APPC as a back-end for the 'App Controle Adaptativo'. Course/assignment not documented.",library/function,high,MATLAB/Apps/AC_Metodos.rar!/AC_Metodos/plot_adap_figures_MRAC_NRQ.m,2ad457284915a10d6adc6b998163c631753714cf
classwork/graduate/2016-1-adaptive-control/code/archived-versions/Identificação.rar/Identificação/Gradiente.m,"Pure-gradient identifier, first version",Pedro with Isaac Dantas (header 'Alunos: Pedro Gushiken e Isaac Dantas'),"Simulates online identification of a plant y=h'x (Ap, bp in state space, Euler step h) excited by u=refA*cos(t*refF). The regressor phi=[W(s)u; -W(s)y] comes from a stable filter, the normalised error is eo=(z-theta'phi)/m^2 with m^2=1+phi'P phi, and the law is theta'=gamma*eo*phi. It returns a struct via make_struct_out for plot_adap_figures_Ident.","June 2016 set of identification algorithms (Ioannou & Sun-style parametric models: gradient, integral-cost gradient, least squares variants), header 'Alunos: Pedro Gushiken e Isaac Dantas / Orientador: Aldayr Dantas de Araujo'. Which course or assignment it was for is not documented; it is the same family of methods as Controle Adaptativo Lista 3 (2015, PSIM). Sep 2016 tabbedGUI lists 'Metodo do G",intermediate-version,high,Identificação.rar!/Identificação/Gradiente.m,830549490c2f0806642b21ad8d99de7f40aaae09
classwork/graduate/2016-1-adaptive-control/code/archived-versions/Identificação.rar/Identificação/Gradiente_FCI.m,"Integral-cost gradient identifier, first version",Pedro with Isaac Dantas (header),"Gradient with integral cost function: R'=-beta R+phi phi'/m^2, Q'=-beta Q - z phi/m^2, theta'=-gamma(Q+R theta). The initial values of R and Q are hard-coded for 4 parameters, so it only works for 2nd-order plants. Same plant/filter set-up as Gradiente.m.","June 2016 set of identification algorithms (Ioannou & Sun-style parametric models: gradient, integral-cost gradient, least squares variants), header 'Alunos: Pedro Gushiken e Isaac Dantas / Orientador: Aldayr Dantas de Araujo'. Which course or assignment it was for is not documented; it is the same family of methods as Controle Adaptativo Lista 3 (2015, PSIM). Sep 2016 tabbedGUI lists 'Metodo do G",intermediate-version,high,Identificação.rar!/Identificação/Gradiente_FCI.m,bc4edd2d4cf93212d4df1bf9c62263e51bc9fea7
classwork/graduate/2016-1-adaptive-control/code/archived-versions/Identificação.rar/Identificação/MinQuad_FE.m,"Least squares with forgetting factor, first version",Pedro with Isaac Dantas (header),"Continuous least squares with forgetting factor: P'=beta P - P phi phi' P/m^2, theta'=P eo phi, with normalisation m^2=1+phi'Plinha phi. Same filtered-regressor set-up as the gradient files.","June 2016 set of identification algorithms (Ioannou & Sun-style parametric models: gradient, integral-cost gradient, least squares variants), header 'Alunos: Pedro Gushiken e Isaac Dantas / Orientador: Aldayr Dantas de Araujo'. Which course or assignment it was for is not documented; it is the same family of methods as Controle Adaptativo Lista 3 (2015, PSIM). Sep 2016 tabbedGUI lists 'Metodo do G",intermediate-version,high,Identificação.rar!/Identificação/MinQuad_FE.m,0142a969d80aeecb9265dcccc0cb1724c7ec3909
classwork/graduate/2016-1-adaptive-control/code/archived-versions/Identificação.rar/Identificação/MinQuad_FE_PSaturado.m,"Least squares with forgetting and saturated covariance, first version",Pedro with Isaac Dantas (header),"Like MinQuad_FE, but P' is set to zero once norm(P)>=Pmax, so the covariance cannot blow up under the forgetting factor.","June 2016 set of identification algorithms (Ioannou & Sun-style parametric models: gradient, integral-cost gradient, least squares variants), header 'Alunos: Pedro Gushiken e Isaac Dantas / Orientador: Aldayr Dantas de Araujo'. Which course or assignment it was for is not documented; it is the same family of methods as Controle Adaptativo Lista 3 (2015, PSIM). Sep 2016 tabbedGUI lists 'Metodo do G",intermediate-version,high,Identificação.rar!/Identificação/MinQuad_FE_PSaturado.m,1c79ad189158f246a89de6c10e2d08ec20e20e7c
classwork/graduate/2016-1-adaptive-control/code/archived-versions/Identificação.rar/Identificação/MinQuad_Puro.m,"Pure least squares, first version",Pedro with Isaac Dantas (header),"Pure continuous least squares P'=-P phi phi' P/m^2, theta'=P eo phi, without forgetting or resetting. Same set-up as the other identifiers.","June 2016 set of identification algorithms (Ioannou & Sun-style parametric models: gradient, integral-cost gradient, least squares variants), header 'Alunos: Pedro Gushiken e Isaac Dantas / Orientador: Aldayr Dantas de Araujo'. Which course or assignment it was for is not documented; it is the same family of methods as Controle Adaptativo Lista 3 (2015, PSIM). Sep 2016 tabbedGUI lists 'Metodo do G",intermediate-version,high,Identificação.rar!/Identificação/MinQuad_Puro.m,18de35a2564f14be31d0f3d20e5ddf3ed5ac7cf5
classwork/graduate/2016-1-adaptive-control/code/archived-versions/Identificação.rar/Identificação/MinQuad_Puro_RCov.m,"Least squares with covariance resetting, first version",Pedro with Isaac Dantas (header),Pure least squares where P is reset to P0 whenever min(eig(P))<=minp (covariance resetting).,"June 2016 set of identification algorithms (Ioannou & Sun-style parametric models: gradient, integral-cost gradient, least squares variants), header 'Alunos: Pedro Gushiken e Isaac Dantas / Orientador: Aldayr Dantas de Araujo'. Which course or assignment it was for is not documented; it is the same family of methods as Controle Adaptativo Lista 3 (2015, PSIM). Sep 2016 tabbedGUI lists 'Metodo do G",intermediate-version,high,Identificação.rar!/Identificação/MinQuad_Puro_RCov.m,0f1a0364a0470685c85b62bede9a5c9a54bbca96
classwork/graduate/2016-1-adaptive-control/code/archived-versions/MATLAB_Files_Old.rar/AC.m,Prototype indirect MRAC with state access and an identification model (Euler loop),Pedro,"Function AC(h,stoptime,bpi0,api0,Ap,bp,Am,bm,...,referencia,P). It simulates a plant, a reference model and a parallel identification model in companion form with forward Euler. The identification-model parameters are adapted by theta_dot = -e1'*P*v, and the controller is u = r + k'v with k = theta_m - theta_hat. The reference is a sinusoid. It is a small first draft: Ai always uses theta(1:2), an","Controle Adaptativo, MSc course (PPgEEC/UFRN, 2016.1, Prof. Aldayr Dantas de Araujo). Pedro's write-up is Documentos/Controle Adaptativo - Re/Relatorio_Unidade1_Controle_Adaptativo.tex (Jun 20 2016), with figures in MATLAB/Figures/Trabalho 3 Controle Adaptativo. Probably a draft for the report's 'Modelo de Referencia' section (Figuras_MRACVarEstado.png, Jun 19 2016)",experiment,medium,MATLAB/MATLAB_Files_Old.rar!/AC.m,3d9b1c94e8567d3d8a43451ee31eae6a13910b7e
classwork/graduate/2016-1-adaptive-control/code/archived-versions/MATLAB_Files_Old.rar/Codigo Véi/GradienteProj.m,Gradient identifier with parameter projection (old positional version),"Pedro (with Isaac Dantas as co-student, per the later versions' headers)","This is a normalized-gradient online estimator for a 2nd-order plant (filter Lambda=s^2+3s+2, regressor phi=[u_f; -y_f], normalization m^2=1+phi'P phi) with an attempted projection onto a ball of radius 0.2 around theta_p=[0 1 3 2]. The projection is not implemented correctly: it uses power(A,A), i.e. A.^A, and a norm(...)<=0 test, so the projection term almost always fires. It also accumulates an","Controle Adaptativo, MSc course (PPgEEC/UFRN, 2016.1, Prof. Aldayr Dantas de Araujo). Pedro's write-up is Documentos/Controle Adaptativo - Re/Relatorio_Unidade1_Controle_Adaptativo.tex (Jun 20 2016), with figures in MATLAB/Figures/Trabalho 3 Controle Adaptativo. Report chapter 'Identificacao de Parametros' (Gradiente Puro, Gradiente com Funcao de Custo Integral, Minimos Quadrados Puro, Reinicializ",intermediate-version,medium,MATLAB/MATLAB_Files_Old.rar!/Codigo Véi/GradienteProj.m,efc9cdecf303bdad284e439cbf8d2921240e5d98
classwork/graduate/2016-1-adaptive-control/code/archived-versions/MATLAB_Files_Old.rar/Codigo Véi/GradientePuro_1.m,Pure normalized-gradient identifier (old positional version),Pedro (with Isaac Dantas as co-student),"This is the baseline estimator of the family: the 2nd-order plant is filtered by Lambda=s^2+3s+2, with regressor phi=[u_f; -y_f], normalized error eo=(z-theta'phi)/m^2 and theta_dot = gamma*eo*phi. It has no projection, forgetting or covariance. Six figures show z vs z_hat, theta, error, plant output, normalization signal and input.","Controle Adaptativo, MSc course (PPgEEC/UFRN, 2016.1, Prof. Aldayr Dantas de Araujo). Pedro's write-up is Documentos/Controle Adaptativo - Re/Relatorio_Unidade1_Controle_Adaptativo.tex (Jun 20 2016), with figures in MATLAB/Figures/Trabalho 3 Controle Adaptativo. Report chapter 'Identificacao de Parametros' (Gradiente Puro, Gradiente com Funcao de Custo Integral, Minimos Quadrados Puro, Reinicializ",intermediate-version,medium,MATLAB/MATLAB_Files_Old.rar!/Codigo Véi/GradientePuro_1.m,07b3640ceb56572bfe3b90d20bcccf226abdc3e5
classwork/graduate/2016-1-adaptive-control/code/archived-versions/MATLAB_Files_Old.rar/Codigo Véi/Gradiente_FCI.m,Gradient identifier with integral cost function (old positional version),Pedro (with Isaac Dantas as co-student),"Integral-cost gradient estimator: R_dot = -B*R + phi*phi'/m^2, Q_dot = -B*Q - z*phi/m^2, theta_dot = -gamma*(R*theta + Q), with forgetting B=0.25 hard-coded. A sample call in the header comment uses a 90 s run, h=1e-3 and gamma=100*I. It also sums the adaptive effort.","Controle Adaptativo, MSc course (PPgEEC/UFRN, 2016.1, Prof. Aldayr Dantas de Araujo). Pedro's write-up is Documentos/Controle Adaptativo - Re/Relatorio_Unidade1_Controle_Adaptativo.tex (Jun 20 2016), with figures in MATLAB/Figures/Trabalho 3 Controle Adaptativo. Report chapter 'Identificacao de Parametros' (Gradiente Puro, Gradiente com Funcao de Custo Integral, Minimos Quadrados Puro, Reinicializ",intermediate-version,medium,MATLAB/MATLAB_Files_Old.rar!/Codigo Véi/Gradiente_FCI.m,6c871e2aba4ea8f220ebdc177c64555aca9ba8bb
classwork/graduate/2016-1-adaptive-control/code/archived-versions/MATLAB_Files_Old.rar/Codigo Véi/MinQuad_FE.m,Least squares with forgetting factor (old positional version),Pedro (with Isaac Dantas as co-student),"Continuous least-squares estimator with forgetting: P_dot = Beta*P - P*phi*phi'*P/m^2 and theta_dot = P*eo*phi. It is the same plant, filter and plots as the gradient siblings, plus a 7th figure of the plant states (mislabelled 'entrada'). 'FE' = fator de esquecimento (forgetting factor).","Controle Adaptativo, MSc course (PPgEEC/UFRN, 2016.1, Prof. Aldayr Dantas de Araujo). Pedro's write-up is Documentos/Controle Adaptativo - Re/Relatorio_Unidade1_Controle_Adaptativo.tex (Jun 20 2016), with figures in MATLAB/Figures/Trabalho 3 Controle Adaptativo. Report chapter 'Identificacao de Parametros' (Gradiente Puro, Gradiente com Funcao de Custo Integral, Minimos Quadrados Puro, Reinicializ",intermediate-version,medium,MATLAB/MATLAB_Files_Old.rar!/Codigo Véi/MinQuad_FE.m,ad040cc9e8261cd64ae71cfa3fd2108c73d7926c
classwork/graduate/2016-1-adaptive-control/code/archived-versions/MATLAB_Files_Old.rar/Codigo Véi/MinQuad_FE_PSaturado.m,Least squares with forgetting and bounded covariance (old positional version),Pedro (with Isaac Dantas as co-student),"This is MinQuad_FE with covariance saturation: P_dot is zeroed when norm(P) >= Pmax, so forgetting cannot make P blow up. It also accumulates the adaptive effort.","Controle Adaptativo, MSc course (PPgEEC/UFRN, 2016.1, Prof. Aldayr Dantas de Araujo). Pedro's write-up is Documentos/Controle Adaptativo - Re/Relatorio_Unidade1_Controle_Adaptativo.tex (Jun 20 2016), with figures in MATLAB/Figures/Trabalho 3 Controle Adaptativo. Report chapter 'Identificacao de Parametros' (Gradiente Puro, Gradiente com Funcao de Custo Integral, Minimos Quadrados Puro, Reinicializ",intermediate-version,medium,MATLAB/MATLAB_Files_Old.rar!/Codigo Véi/MinQuad_FE_PSaturado.m,c0ae5b2f23a9d27cedb596ac45fa64f99c992380
classwork/graduate/2016-1-adaptive-control/code/archived-versions/MATLAB_Files_Old.rar/Codigo Véi/MinQuad_Puro.m,Pure least-squares identifier (old positional version),Pedro (with Isaac Dantas as co-student),"Pure continuous least squares: P_dot = -P*phi*phi'*P/m^2 and theta_dot = P*eo*phi, with no forgetting, so the gain decays to zero. Same plant, filter and plots as the family.","Controle Adaptativo, MSc course (PPgEEC/UFRN, 2016.1, Prof. Aldayr Dantas de Araujo). Pedro's write-up is Documentos/Controle Adaptativo - Re/Relatorio_Unidade1_Controle_Adaptativo.tex (Jun 20 2016), with figures in MATLAB/Figures/Trabalho 3 Controle Adaptativo. Report chapter 'Identificacao de Parametros' (Gradiente Puro, Gradiente com Funcao de Custo Integral, Minimos Quadrados Puro, Reinicializ",intermediate-version,medium,MATLAB/MATLAB_Files_Old.rar!/Codigo Véi/MinQuad_Puro.m,073cb7d6af1f51282cd60369da1c4df7a83f4d68
classwork/graduate/2016-1-adaptive-control/code/archived-versions/MATLAB_Files_Old.rar/Codigo Véi/MinQuad_Puro_RCov.m,Pure least squares with covariance resetting (old positional version),Pedro (with Isaac Dantas as co-student),"This is MinQuad_Puro plus covariance resetting: P is reset to P0 whenever min(eig(P)) <= minp, which keeps the estimator alert.","Controle Adaptativo, MSc course (PPgEEC/UFRN, 2016.1, Prof. Aldayr Dantas de Araujo). Pedro's write-up is Documentos/Controle Adaptativo - Re/Relatorio_Unidade1_Controle_Adaptativo.tex (Jun 20 2016), with figures in MATLAB/Figures/Trabalho 3 Controle Adaptativo. Report chapter 'Identificacao de Parametros' (Gradiente Puro, Gradiente com Funcao de Custo Integral, Minimos Quadrados Puro, Reinicializ",intermediate-version,medium,MATLAB/MATLAB_Files_Old.rar!/Codigo Véi/MinQuad_Puro_RCov.m,a4834c69ca7e26b9ee4311a83546d2642e5d6cb2
classwork/graduate/2016-1-adaptive-control/code/archived-versions/MATLAB_Files_Old.rar/Identificação/Gradiente.m,"Pure-gradient identifier, Jun 20 version (archive)",Pedro with Isaac Dantas (header),"Same pure-gradient identifier as Gradiente.m, now with the filter given as a polynomial filtroW: tf2ss gives the regressor filter (Aw,bw) and the filter of y (Aw1,bw1,Cw1,Dw1).","June 2016 set of identification algorithms (Ioannou & Sun-style parametric models: gradient, integral-cost gradient, least squares variants), header 'Alunos: Pedro Gushiken e Isaac Dantas / Orientador: Aldayr Dantas de Araujo'. Which course or assignment it was for is not documented; it is the same family of methods as Controle Adaptativo Lista 3 (2015, PSIM). Sep 2016 tabbedGUI lists 'Metodo do G",intermediate-version,high,MATLAB/Apps/Identificação.rar!/Identificação/Gradiente.m,b64c96dd7f0aac8a4947ea78bcefae6824ce4c0b
classwork/graduate/2016-1-adaptive-control/code/archived-versions/MATLAB_Files_Old.rar/sat0.m,"Helper: max(arg,0) (lower saturation at zero)",Pedro,"Returns 0 for arg<=0 and arg otherwise (the else branch lacks a semicolon, so it echoes). It is used by calc_gamma_0.m to switch a term on only for the 4th parameter (sat0(i-3)).","Controle Adaptativo, MSc course (PPgEEC/UFRN, 2016.1, Prof. Aldayr Dantas de Araujo). Pedro's write-up is Documentos/Controle Adaptativo - Re/Relatorio_Unidade1_Controle_Adaptativo.tex (Jun 20 2016), with figures in MATLAB/Figures/Trabalho 3 Controle Adaptativo. Trabalho 1, 'MRAC direto (regra do MIT) e Gradiente'. The report's MIT-rule section uses plant b=[11 0], a=[11 10] (poles -1, -10) and a ",library/function,high,MATLAB/MATLAB_Files_Old.rar!/sat0.m,990e45c2abb0e0e0567ca389afc90a8afd2d80a2
classwork/graduate/2016-1-adaptive-control/code/archived-versions/MATLAB_Files_Old.rar/test_mtruct.m,Test: build a struct whose fields are the caller's variable names,Pedro,It loops over varargin and stores each argument in a struct field named inputname(i). It is a prototype of the 'name-to-field' trick behind make_struct_* and convert_names_to_fields.m / varname.m.,"Controle Adaptativo, MSc course (PPgEEC/UFRN, 2016.1, Prof. Aldayr Dantas de Araujo). Pedro's write-up is Documentos/Controle Adaptativo - Re/Relatorio_Unidade1_Controle_Adaptativo.tex (Jun 20 2016), with figures in MATLAB/Figures/Trabalho 3 Controle Adaptativo (refactoring the code into struct inputs/outputs, as the report's 'Reusabilidade e Portabilidade' section describes)",test/scratch,medium,MATLAB/MATLAB_Files_Old.rar!/test_mtruct.m,cbbae0f3dc0dd7397978b221ea65a89145aa8b88
classwork/graduate/2016-1-adaptive-control/code/calc_gamma_0.m,Helper: initial adaptive gains from plant time constants and reference size,Pedro,"gamma_0(i) = 10^floor(log10 K - log10 tau_dom - 2 log(ref) + log10 theta*_i - sat0(i-3) log10 tau_men). It is a heuristic order-of-magnitude starting point for each adaptive gain. It mixes natural log (log(ref)) with log10, probably a slip.","Controle Adaptativo, MSc course (PPgEEC/UFRN, 2016.1, Prof. Aldayr Dantas de Araujo). Pedro's write-up is Documentos/Controle Adaptativo - Re/Relatorio_Unidade1_Controle_Adaptativo.tex (Jun 20 2016), with figures in MATLAB/Figures/Trabalho 3 Controle Adaptativo. Trabalho 1, 'MRAC direto (regra do MIT) e Gradiente'. The report's MIT-rule section uses plant b=[11 0], a=[11 10] (poles -1, -10) and a ",library/function,high,MATLAB/MATLAB_Files_Old.rar!/Projetos a Organizar/calc_gamma_0.m,80e4ce339ab01bb00fdf25d43aa53270d6d7d52f
classwork/graduate/2016-1-adaptive-control/code/calc_tau_dom_seg_ordem.m,Helper: dominant (slow) root of a 2nd-order characteristic polynomial,Pedro,"It returns -real(-theta3 + sqrt(theta3^2 - 4 theta4))/2 from theta*_seg_ordem(3:4), i.e. the dominant time constant (slower pole) of s^2 + theta3 s + theta4.","Controle Adaptativo, MSc course (PPgEEC/UFRN, 2016.1, Prof. Aldayr Dantas de Araujo). Pedro's write-up is Documentos/Controle Adaptativo - Re/Relatorio_Unidade1_Controle_Adaptativo.tex (Jun 20 2016), with figures in MATLAB/Figures/Trabalho 3 Controle Adaptativo. Trabalho 1, 'MRAC direto (regra do MIT) e Gradiente'. The report's MIT-rule section uses plant b=[11 0], a=[11 10] (poles -1, -10) and a ",library/function,medium,MATLAB/MATLAB_Files_Old.rar!/Projetos a Organizar/calc_tau_dom_seg_ordem.m,8f336f94c53e36955a70356e336cec01f75cc355
classwork/graduate/2016-1-adaptive-control/code/calc_tau_men_seg_ordem.m,Helper: faster root of a 2nd-order characteristic polynomial,Pedro,"It returns -real(-theta3 - sqrt(theta3^2 - 4 theta4))/2, the faster pole ('tau menor') of s^2 + theta3 s + theta4.","Controle Adaptativo, MSc course (PPgEEC/UFRN, 2016.1, Prof. Aldayr Dantas de Araujo). Pedro's write-up is Documentos/Controle Adaptativo - Re/Relatorio_Unidade1_Controle_Adaptativo.tex (Jun 20 2016), with figures in MATLAB/Figures/Trabalho 3 Controle Adaptativo. Trabalho 1, 'MRAC direto (regra do MIT) e Gradiente'. The report's MIT-rule section uses plant b=[11 0], a=[11 10] (poles -1, -10) and a ",library/function,medium,MATLAB/MATLAB_Files_Old.rar!/Projetos a Organizar/calc_tau_men_seg_ordem.m,c1db957013bb00609d3782a25a1fd914e84cc6d8
classwork/graduate/2016-1-adaptive-control/code/matlab.mat,GUI save-function test (placeholder numbers),Pedro (probable),"A 'Parameters' struct whose fields hold placeholder values (t_0=2, t_final=3, h=1, modelos=4 … cond_iniciais_i=9, identity matrices). It is a test of the tabbedGUI save/load round-trip, not a real simulation.","Development of the 'App Controle Adaptativo' GUI, Sep 2016.",test/scratch,high,MATLAB/matlab.mat,66ac7589ed9fdf6a170d9f4cdcf2248fe560c3c3
classwork/graduate/2016-1-adaptive-control/code/pass_exp.m,Helper: exponential step factor for gamma tuning,Pedro,"It returns a multiplicative step for gamma: 1.05 by default, then 1.02, 1.01 and 1.001 as the adaptation time tadpt drops below 400, 40 and 4 times the plant time constant. After 3 loop iterations it returns rand() as a crude escape from oscillation.","Controle Adaptativo, MSc course (PPgEEC/UFRN, 2016.1, Prof. Aldayr Dantas de Araujo). Pedro's write-up is Documentos/Controle Adaptativo - Re/Relatorio_Unidade1_Controle_Adaptativo.tex (Jun 20 2016), with figures in MATLAB/Figures/Trabalho 3 Controle Adaptativo. Trabalho 1, 'MRAC direto (regra do MIT) e Gradiente'. The report's MIT-rule section uses plant b=[11 0], a=[11 10] (poles -1, -10) and a ",library/function,high,MATLAB/MATLAB_Files_Old.rar!/Projetos a Organizar/pass_exp.m,2059fe0091e3ba34da26e4dd7cb240a4c557ffc2
classwork/graduate/2016-1-adaptive-control/reports/Relatorio_Unidade1_Controle_Adaptativo.pdf,,,,,latex,,Documentos/Controle Adaptativo - Re/Relatorio_Unidade1_Controle_Adaptativo.pdf,a5eeb747692a142b2cc9de872478a1cd3acf2f1f
classwork/graduate/2016-1-adaptive-control/reports/Relatorio_Unidade1_Controle_Adaptativo.tex,,,,,latex,,Documentos/Controle Adaptativo - Re/Relatorio_Unidade1_Controle_Adaptativo.tex,14582318e0f78a9a8961f4858d840902d83ce271
classwork/graduate/2016-1-adaptive-control/reports/Trabalho1.tex,,,,,latex,,Documentos/Controle Adaptativo - Re/Trabalho1.tex,68ae0a0f0766b701c21e645f366a0645e4aa9c5a
classwork/graduate/2016-1-adaptive-control/reports/pics/Erro_de_saida_MRAC_MIT_10seg.png,,,,,latex,,Documentos/Controle Adaptativo - Re/pics/Erro_de_saida_MRAC_MIT_10seg.png,430bb7b1e35b4bfe7aaa8c41b61e1402cd010dda
classwork/graduate/2016-1-adaptive-control/reports/pics/Figuras_APPC.png,,,,,latex,,Documentos/Controle Adaptativo - Re/pics/Figuras_APPC.png,b9af55439af707364e1bec07807d9c4e3103469f
classwork/graduate/2016-1-adaptive-control/reports/pics/Figuras_AstHagg.png,,,,,latex,,Documentos/Controle Adaptativo - Re/pics/Figuras_AstHagg.png,99f86c11db83e5f035bdf87f4dcbfab76e9e2559
classwork/graduate/2016-1-adaptive-control/reports/pics/Figuras_Grad.png,,,,,latex,,Documentos/Controle Adaptativo - Re/pics/Figuras_Grad.png,fd8ada428b29c4d57e6c5755c2ab2745674024d1
classwork/graduate/2016-1-adaptive-control/reports/pics/Figuras_Grad_FCI.png,,,,,latex,,Documentos/Controle Adaptativo - Re/pics/Figuras_Grad_FCI.png,5d2facd780ef9f971967d777350111a0428adf79
classwork/graduate/2016-1-adaptive-control/reports/pics/Figuras_Grad_FCI_deg.png,,,,,latex,,Documentos/Controle Adaptativo - Re/pics/Figuras_Grad_FCI_deg.png,e8c30a436c909404c03af8e7fa58a6ee701bafab
classwork/graduate/2016-1-adaptive-control/reports/pics/Figuras_Grad_deg.png,,,,,latex,,Documentos/Controle Adaptativo - Re/pics/Figuras_Grad_deg.png,fc630f3f783a397726f757ab76446b498e00ff92
classwork/graduate/2016-1-adaptive-control/reports/pics/Figuras_MQ_FE.png,,,,,latex,,Documentos/Controle Adaptativo - Re/pics/Figuras_MQ_FE.png,4fc4f1d51c39e6d365336769ead58448ab7cb904
classwork/graduate/2016-1-adaptive-control/reports/pics/Figuras_MQ_FE_deg.png,,,,,latex,,Documentos/Controle Adaptativo - Re/pics/Figuras_MQ_FE_deg.png,36ddc74d49ef073de28de13b0c56ca629df559ab
classwork/graduate/2016-1-adaptive-control/reports/pics/Figuras_MQ_Puro.png,,,,,latex,,Documentos/Controle Adaptativo - Re/pics/Figuras_MQ_Puro.png,1ec666c5ce315e7571e91caaecdbab028bba94fe
classwork/graduate/2016-1-adaptive-control/reports/pics/Figuras_MQ_Puro_RCov.png,,,,,latex,,Documentos/Controle Adaptativo - Re/pics/Figuras_MQ_Puro_RCov.png,9a58f271cf23f57caec0a5cb9818e26e02034ce2
classwork/graduate/2016-1-adaptive-control/reports/pics/Figuras_MQ_Puro_RCov_deg.png,,,,,latex,,Documentos/Controle Adaptativo - Re/pics/Figuras_MQ_Puro_RCov_deg.png,e6fa0f7201321c39f303640bedb586d2699d6127
classwork/graduate/2016-1-adaptive-control/reports/pics/Figuras_MQ_Puro_deg.png,,,,,latex,,Documentos/Controle Adaptativo - Re/pics/Figuras_MQ_Puro_deg.png,d0859ff3330ec25d053ce864219643925b602764
classwork/graduate/2016-1-adaptive-control/reports/pics/Figuras_MRAC.png,,,,,latex,,Documentos/Controle Adaptativo - Re/pics/Figuras_MRAC.png,725a0f5213803261668dd365fd77cfa5322947b2
classwork/graduate/2016-1-adaptive-control/reports/pics/Figuras_MRACVarEstado.png,,,,,latex,,Documentos/Controle Adaptativo - Re/pics/Figuras_MRACVarEstado.png,cd0365e30c22cdf0e9ea0f3cd7ea2a4767a3e4d3
classwork/graduate/2016-1-adaptive-control/reports/pics/Trajetoria_MRAC_MIT_10000seg.png,,,,,latex,,Documentos/Controle Adaptativo - Re/pics/Trajetoria_MRAC_MIT_10000seg.png,1fe664e7fbe435dbfe01f1dd4c5a57bbf41dc6ed
classwork/graduate/2016-1-control-systems/code/anotacoes_trabalho.m,Notes: alternative controller transfer functions tried (Sistemas de Controle),Pedro (team project),It contains three comment lines only: 'desempenho obtido com diferentes F.Ts de controladores' and two alternative tf2ss controller definitions (18*[1 16/25 ...] and 18*[1 9/5 ...] over [0.1 1 0 0]).,"EEC1110 Sistemas de Controle (PPgEEC/UFRN, 2016.1, Prof. Carlos Eduardo Trabuco Dorea), project 'Projeto de Sistema de Controle via Lugar das Raizes e Resposta em Frequencia' (Trabalho Sistemas de Controle/roteiro_projeto_EEC1110_2016-1.pdf; partial presentation 02/05/2016, report due 05/06/2016). Team: Pedro Gushiken, Isaac Dantas, Luan Garcia. Report: Documentos/Relatorio Sistemas de Controle/ar",test/scratch,high,MATLAB/MATLAB_Files_Old.rar!/Projetos a Organizar/anotacoes_trabalho.m,0f3b0698fc4a6513da1df1055aca8a52eacae8b5
classwork/graduate/2016-1-control-systems/code/archived-versions/MATLAB_Files_Old.rar/my_phase.m,"Van der Pol phase portrait, mu=1.5, x0=(0.1,0.1), 1000 s",Pedro (template probably adapted from an online example),"ode45 phase portrait of the Van der Pol oscillator x1'=x2, x2'=mu(1-x1^2)x2-x1 with mu=1.5, from (0.1, 0.1) over [0, 1000] s. The legend says 'Mapa de Fase, x_1=x_2=0.1'. It is the generic 'my_phase' template (unused variable c=2) that Pedro reused across phase-plane scripts.","EEC1110 Sistemas de Controle (PPgEEC/UFRN, 2016.1, Prof. Carlos Eduardo Trabuco Dorea), project 'Projeto de Sistema de Controle via Lugar das Raizes e Resposta em Frequencia' (Trabalho Sistemas de Controle/roteiro_projeto_EEC1110_2016-1.pdf; partial presentation 02/05/2016, report due 05/06/2016). Team: Pedro Gushiken, Isaac Dantas, Luan Garcia. Report: Documentos/Relatorio Sistemas de Controle/ar",test/scratch,medium,MATLAB/MATLAB_Files_Old.rar!/my_phase.m,d6a0c8824d90e792e4047dd5e0ca9d6f4ea1aad5
classwork/graduate/2016-1-control-systems/code/calc_dist.m,Helper: Euclidean distance between two points in the plane,Pedro,"numb = sqrt((a-a1)^2+(b-b1)^2). By date it served the root-locus magnitude condition (gain K = product of pole distances / product of zero distances) in the Sistemas de Controle project ('Calculo de K.PNG', Jun 12 2016).","EEC1110 Sistemas de Controle (PPgEEC/UFRN, 2016.1, Prof. Carlos Eduardo Trabuco Dorea), project 'Projeto de Sistema de Controle via Lugar das Raizes e Resposta em Frequencia' (Trabalho Sistemas de Controle/roteiro_projeto_EEC1110_2016-1.pdf; partial presentation 02/05/2016, report due 05/06/2016). Team: Pedro Gushiken, Isaac Dantas, Luan Garcia. Report: Documentos/Relatorio Sistemas de Controle/ar",library/function,low,MATLAB/MATLAB_Files_Old.rar!/Projetos a Organizar/calc_dist.m,c09f8e101ef3a287573133630a5560d8c0f6d53c
classwork/graduate/2016-1-control-systems/code/passo_a_passo_freq.m,Sistemas de Controle: step-by-step frequency-response design walkthrough,"Pedro, for the team","An interactive presentation script (pause between steps, Portuguese disp messages). It defines Gp = 1/(s^2-0.32s+1) and sensor Gs = s/(s^2+9.04s+0.36). It starts from a stabilising controller with zeros at -0.7 and plots the root locus with kp=18, then the Bode margins of the inner loop (Gma), then designs the lead Gcf = 0.3(s+1)/(0.05s+1) and shows the compensated margins.","EEC1110 Sistemas de Controle (PPgEEC/UFRN, 2016.1, Prof. Carlos Eduardo Trabuco Dorea), project 'Projeto de Sistema de Controle via Lugar das Raizes e Resposta em Frequencia' (Trabalho Sistemas de Controle/roteiro_projeto_EEC1110_2016-1.pdf; partial presentation 02/05/2016, report due 05/06/2016). Team: Pedro Gushiken, Isaac Dantas, Luan Garcia. Report: Documentos/Relatorio Sistemas de Controle/ar",final,high,MATLAB/MATLAB_Files_Old.rar!/passo_a_passo_freq.m,edd1d0e24c3d34117d3e594e81b096165f7c02d2
classwork/graduate/2016-1-control-systems/code/passo_a_passo_rlocus.m,Sistemas de Controle: step-by-step root-locus design walkthrough,"Pedro, for the team","Interactive script that reproduces the root-locus reasoning. Two integrators are needed (to cancel the sensor's zero at the origin and to reject step disturbances). Candidates are complex zeros near the jw-axis (fails), plus a PD zero at -1 with a pole at -10, then double zeros at -1 (unstable), and finally (s+1)^4/(s^2(0.05s+1)^2), which meets the specifications. Each candidate's root locus is pl","EEC1110 Sistemas de Controle (PPgEEC/UFRN, 2016.1, Prof. Carlos Eduardo Trabuco Dorea), project 'Projeto de Sistema de Controle via Lugar das Raizes e Resposta em Frequencia' (Trabalho Sistemas de Controle/roteiro_projeto_EEC1110_2016-1.pdf; partial presentation 02/05/2016, report due 05/06/2016). Team: Pedro Gushiken, Isaac Dantas, Luan Garcia. Report: Documentos/Relatorio Sistemas de Controle/ar",final,high,MATLAB/MATLAB_Files_Old.rar!/passo_a_passo_rlocus.m,e62d3da96ae5ea8d7e50f9cf8891ef2fbfccea7a
classwork/graduate/2016-1-control-systems/code/pfreq.m,"Sistemas de Controle: frequency-response design (lead + stabilising PID), final","Pedro, for the team (header: Alunos Pedro Gushiken, Isaac Dantas, Luan Garcia)","Closed-loop Euler simulation of the forced Van der Pol oscillator (mu=0.5) regulated at u_bar=0.6 with a velocity-type sensor s/(s^2+9.04s+0.36). A +1 input disturbance is applied at 15 s, removed at 35 s and applied as -1 at 55 s. It plots the measured deviation, the control signal and the oscillator output. Controller: inner stabilising 18*(s+0.7)^3/(s^2(0.1s+1)) plus an outer lead 1*(s+1)/(0.05","EEC1110 Sistemas de Controle (PPgEEC/UFRN, 2016.1, Prof. Carlos Eduardo Trabuco Dorea), project 'Projeto de Sistema de Controle via Lugar das Raizes e Resposta em Frequencia' (Trabalho Sistemas de Controle/roteiro_projeto_EEC1110_2016-1.pdf; partial presentation 02/05/2016, report due 05/06/2016). Team: Pedro Gushiken, Isaac Dantas, Luan Garcia. Report: Documentos/Relatorio Sistemas de Controle/ar",final,high,MATLAB/MATLAB_Files_Old.rar!/Projetos a Organizar/pfreq.m,5cadc1a0927dd4f64ebf8c2de97e96c0bf270468
classwork/graduate/2016-1-control-systems/code/plocus.m,"Sistemas de Controle: root-locus design (4-zero PID-type controller), final","Pedro, for the team (header names Pedro Gushiken, Isaac Dantas, Luan Garcia)","Closed-loop Euler simulation of the forced Van der Pol oscillator (mu=0.5) regulated at u_bar=0.6 with a velocity-type sensor s/(s^2+9.04s+0.36). A +1 input disturbance is applied at 15 s, removed at 35 s and applied as -1 at 55 s. It plots the measured deviation, the control signal and the oscillator output. Controller: 11.1274*(s+1)^4/(s^2(0.05s+1)^2), i.e. 4 zeros at -1, 2 integrators and 2 pol","EEC1110 Sistemas de Controle (PPgEEC/UFRN, 2016.1, Prof. Carlos Eduardo Trabuco Dorea), project 'Projeto de Sistema de Controle via Lugar das Raizes e Resposta em Frequencia' (Trabalho Sistemas de Controle/roteiro_projeto_EEC1110_2016-1.pdf; partial presentation 02/05/2016, report due 05/06/2016). Team: Pedro Gushiken, Isaac Dantas, Luan Garcia. Report: Documentos/Relatorio Sistemas de Controle/ar",final,high,MATLAB/MATLAB_Files_Old.rar!/Projetos a Organizar/plocus.m,3363c0b6977874c820d201359e4e9feb3b64ca13
classwork/graduate/2016-1-control-systems/code/scriptteste_var_estado_controlador.m,Test: controller state initialisation so its output equals u_bar=0.6,Pedro,"It iterates the tf2ss realisation of 18*(s+1)^4/(s^2(0.05s+1)^2) from xc=[0;0;0;0.6/7200] with a constant error, to find the initial controller state giving u=0.6 (bumpless start at the operating point). h is never defined, so it only runs if h exists in the workspace.","EEC1110 Sistemas de Controle (PPgEEC/UFRN, 2016.1, Prof. Carlos Eduardo Trabuco Dorea), project 'Projeto de Sistema de Controle via Lugar das Raizes e Resposta em Frequencia' (Trabalho Sistemas de Controle/roteiro_projeto_EEC1110_2016-1.pdf; partial presentation 02/05/2016, report due 05/06/2016). Team: Pedro Gushiken, Isaac Dantas, Luan Garcia. Report: Documentos/Relatorio Sistemas de Controle/ar",test/scratch,high,MATLAB/MATLAB_Files_Old.rar!/scriptteste_var_estado_controlador.m,d8993fa9422fb9e122eb944c01bdccf20981c56f
classwork/graduate/2016-1-control-systems/code/sensorexp.m,Sensor transfer function fitted from Bode data (invfreqs),Pedro (data probably from a class or book example),It fits a 0-zero/2-pole transfer function to 6 measured gain/phase points (w = 1.57 to 62.83 rad/s) with invfreqs. The header says this follows 'the example' of a position sensor. Phases of -99 to -172 degrees suggest a type-1-like sensor.,"EEC1110 Sistemas de Controle (PPgEEC/UFRN, 2016.1, Prof. Carlos Eduardo Trabuco Dorea), project 'Projeto de Sistema de Controle via Lugar das Raizes e Resposta em Frequencia' (Trabalho Sistemas de Controle/roteiro_projeto_EEC1110_2016-1.pdf; partial presentation 02/05/2016, report due 05/06/2016). Team: Pedro Gushiken, Isaac Dantas, Luan Garcia. Report: Documentos/Relatorio Sistemas de Controle/ar",experiment,medium,MATLAB/MATLAB_Files_Old.rar!/sensorexp.m,bed3801efe433cbc15a007800a25cc355dc1e36b
classwork/graduate/2016-1-control-systems/code/sim_trabalho_sist_cont_controlador_fase.m,Sistemas de Controle: frequency-design closed-loop simulation (Jun 11 version),"Pedro, for the team (header names Pedro Gushiken, Isaac Dantas, Luan Garcia)","Closed-loop Euler simulation of the forced Van der Pol oscillator (mu=0.5) regulated at u_bar=0.6 with a velocity-type sensor s/(s^2+9.04s+0.36). A +1 input disturbance is applied at 15 s, removed at 35 s and applied as -1 at 55 s. It plots the measured deviation, the control signal and the oscillator output. Controllers: stabilising 18*(s+1)^3/(s^2(0.1s+1)) and outer lead 0.18(s+1)/(0.05s+1). Noi","EEC1110 Sistemas de Controle (PPgEEC/UFRN, 2016.1, Prof. Carlos Eduardo Trabuco Dorea), project 'Projeto de Sistema de Controle via Lugar das Raizes e Resposta em Frequencia' (Trabalho Sistemas de Controle/roteiro_projeto_EEC1110_2016-1.pdf; partial presentation 02/05/2016, report due 05/06/2016). Team: Pedro Gushiken, Isaac Dantas, Luan Garcia. Report: Documentos/Relatorio Sistemas de Controle/ar",intermediate-version,high,MATLAB/MATLAB_Files_Old.rar!/sim_trabalho_sist_cont_controlador_fase.m,7077d200e3e135280764b6d6f8a89f989475603f
classwork/graduate/2016-1-control-systems/code/sim_trabalho_sist_cont_controlador_rlocus.m,Sistemas de Controle: root-locus-design closed-loop simulation (Jun 11 version),"Pedro, for the team (header names Pedro Gushiken, Isaac Dantas, Luan Garcia)","Closed-loop Euler simulation of the forced Van der Pol oscillator (mu=0.5) regulated at u_bar=0.6 with a velocity-type sensor s/(s^2+9.04s+0.36). A +1 input disturbance is applied at 15 s, removed at 35 s and applied as -1 at 55 s. It plots the measured deviation, the control signal and the oscillator output. Controller 18*(s+1)^4/(s^2(0.05s+1)^2), with an initial controller state from scriptteste","EEC1110 Sistemas de Controle (PPgEEC/UFRN, 2016.1, Prof. Carlos Eduardo Trabuco Dorea), project 'Projeto de Sistema de Controle via Lugar das Raizes e Resposta em Frequencia' (Trabalho Sistemas de Controle/roteiro_projeto_EEC1110_2016-1.pdf; partial presentation 02/05/2016, report due 05/06/2016). Team: Pedro Gushiken, Isaac Dantas, Luan Garcia. Report: Documentos/Relatorio Sistemas de Controle/ar",intermediate-version,high,MATLAB/MATLAB_Files_Old.rar!/sim_trabalho_sist_cont_controlador_rlocus.m,3dd9c2e65c16e6d19338f6d84e7ac797b008d4e9
classwork/graduate/2016-1-control-systems/code/sim_trabalho_sist_cont_etapa_1-2.m,Sistemas de Controle stage 1 (May 1 2016): open-loop nonlinear vs linearised Van der Pol with sensor,"Pedro, for the team (header names Pedro Gushiken, Isaac Dantas, Luan Garcia)","Open-loop Euler simulation for the partial presentation. A forced Van der Pol oscillator, x'' = -mu(1-x^2)x' - x + u (sign flipped relative to the June version), is started at the equilibrium u_bar=1 and stepped to 0.95. A sensor 1/((s+9)(s+0.04)) scaled by 0.36 provides the measurement. It is compared with a 4-state linearised model. Example: (90,1e-3,1,0.5).","EEC1110 Sistemas de Controle (PPgEEC/UFRN, 2016.1, Prof. Carlos Eduardo Trabuco Dorea), project 'Projeto de Sistema de Controle via Lugar das Raizes e Resposta em Frequencia' (Trabalho Sistemas de Controle/roteiro_projeto_EEC1110_2016-1.pdf; partial presentation 02/05/2016, report due 05/06/2016). Team: Pedro Gushiken, Isaac Dantas, Luan Garcia. Report: Documentos/Relatorio Sistemas de Controle/ar",intermediate-version,high,Trabalho Sistemas de Controle/sim_trabalho_sist_cont_etapa_1.m,75b28be1e18ece5bb7998506fe5301a5e4ce60c0
classwork/graduate/2016-1-control-systems/code/sim_trabalho_sist_cont_etapa_1.m,"Sistemas de Controle stage 1, revised: nonlinear Van der Pol + sensor vs linearised model, with controller","Pedro, for the team (header names Pedro Gushiken, Isaac Dantas, Luan Garcia)","This is the June rework of the stage-1 script. The Van der Pol sign is corrected to +mu(1-x^2)x', the system is linearised around u_bar (4-state A matrix with the sensor), and the 4th-order root-locus controller sits in the loop. A +1 disturbance is applied at 10-30 s. Only the real-plant measurement and position are plotted, and the linear-model traces are commented out. Example: (40,1e-1,1.5,0.5","EEC1110 Sistemas de Controle (PPgEEC/UFRN, 2016.1, Prof. Carlos Eduardo Trabuco Dorea), project 'Projeto de Sistema de Controle via Lugar das Raizes e Resposta em Frequencia' (Trabalho Sistemas de Controle/roteiro_projeto_EEC1110_2016-1.pdf; partial presentation 02/05/2016, report due 05/06/2016). Team: Pedro Gushiken, Isaac Dantas, Luan Garcia. Report: Documentos/Relatorio Sistemas de Controle/ar",intermediate-version,high,MATLAB/MATLAB_Files_Old.rar!/sim_trabalho_sist_cont_etapa_1.m,8280939c9dd3c96936179c8592711dbee6a8b078
classwork/graduate/2016-1-control-systems/code/trab_sist_cont_modelo_planta_real.slx,"Sistemas de Controle: nonlinear vs linearized plant with sensor, noise and disturbance (incomplete)",Pedro (team member files; his Simulink user),"This compares a 'Planta Nao Linear' subsystem with a 'Modelo Linearizado' (1/(s^4+9.665s^3+7.01s^2+9.265s+0.36)-type TF). The sensor is s/(s^2+9.04s+0.36) (numerator [1 0]), with random-number noise ('Ruido') and step disturbances ('Perturbacao'). The nonlinear subsystem is only a MATLAB Function placeholder y = u, so the nonlinear Van der Pol plant was never filled in. The team did the comparison","EEC1110 Sistemas de Controle (PPgEEC/UFRN, 2016.1, Prof. Carlos Eduardo Trabuco Dorea), project 'Projeto de Sistema de Controle via Lugar das Raizes e Resposta em Frequencia' (Trabalho Sistemas de Controle/roteiro_projeto_EEC1110_2016-1.pdf; partial presentation 02/05/2016, report due 05/06/2016). Team: Pedro Gushiken, Isaac Dantas, Luan Garcia. Report: Documentos/Relatorio Sistemas de Controle/ar",failed,medium,MATLAB/MATLAB_Files_Old.rar!/trab_sist_cont_modelo_planta_real.slx,b86c92be8fe31e85151d4f0de683260469019856
classwork/graduate/2016-1-control-systems/code/trabalho1_sist_cont_mfase_ext.m,"Van der Pol phase portrait from outside the limit cycle (mu=1.5, x0=(2,2))",Pedro,"ode45 from (2, 2) over 1000 s for x'' - 1.5(1-x^2)x' + x = 0. The trajectory converges inward to the limit cycle (legend 'Cond. Iniciais fora do ciclo').","EEC1110 Sistemas de Controle (PPgEEC/UFRN, 2016.1, Prof. Carlos Eduardo Trabuco Dorea), project 'Projeto de Sistema de Controle via Lugar das Raizes e Resposta em Frequencia' (Trabalho Sistemas de Controle/roteiro_projeto_EEC1110_2016-1.pdf; partial presentation 02/05/2016, report due 05/06/2016). Team: Pedro Gushiken, Isaac Dantas, Luan Garcia. Report: Documentos/Relatorio Sistemas de Controle/ar",final,high,MATLAB/MATLAB_Files_Old.rar!/trabalho1_sist_cont_mfase_ext.m,2bbe863c292f542f2f06e8b111532342ef913986
classwork/graduate/2016-1-control-systems/code/trabalho1_sist_cont_mfase_int.m,"Van der Pol phase portrait from inside the limit cycle (mu=1.5, x0=(0.1,0.1))",Pedro,"ode45 from (0.1, 0.1) over 1000 s; the trajectory spirals outward to the limit cycle (legend 'Cond. Iniciais dentro do ciclo').","EEC1110 Sistemas de Controle (PPgEEC/UFRN, 2016.1, Prof. Carlos Eduardo Trabuco Dorea), project 'Projeto de Sistema de Controle via Lugar das Raizes e Resposta em Frequencia' (Trabalho Sistemas de Controle/roteiro_projeto_EEC1110_2016-1.pdf; partial presentation 02/05/2016, report due 05/06/2016). Team: Pedro Gushiken, Isaac Dantas, Luan Garcia. Report: Documentos/Relatorio Sistemas de Controle/ar",final,high,MATLAB/MATLAB_Files_Old.rar!/trabalho1_sist_cont_mfase_int.m,30a5a4fe113f9f5e803d33a9bb731d7de8996498
classwork/graduate/2016-1-control-systems/code/trabalho1_sist_cont_mfase_osc_simpl.m,Phase portrait of the simple harmonic oscillator (comparison case),Pedro,"ode45 of x1'=x2, x2'=-x1 from (2, 2) over 10 s, giving a closed circle. It shows the contrast between a conservative oscillator and the Van der Pol limit cycle (legend 'Mapa de Fase Oscilador Simples').","EEC1110 Sistemas de Controle (PPgEEC/UFRN, 2016.1, Prof. Carlos Eduardo Trabuco Dorea), project 'Projeto de Sistema de Controle via Lugar das Raizes e Resposta em Frequencia' (Trabalho Sistemas de Controle/roteiro_projeto_EEC1110_2016-1.pdf; partial presentation 02/05/2016, report due 05/06/2016). Team: Pedro Gushiken, Isaac Dantas, Luan Garcia. Report: Documentos/Relatorio Sistemas de Controle/ar",final,high,MATLAB/MATLAB_Files_Old.rar!/trabalho1_sist_cont_mfase_osc_simpl.m,40a5f4b53d55c9782aac41bcf1c1b8ba95fc734a
classwork/graduate/2016-1-control-systems/code/traject_test.m,Idea test: analytic curve guess for the Van der Pol limit cycle,Pedro,"Header: 'teste de trajetoria para eq do oscilador de van der pol para determinar o ciclo limite'. For theta in [0,2pi] and x1 in [-1,1] it evaluates x2 = mu*(sin^2(theta)/cos(2theta))*(1-x1^2)/x1. It then plots only the last x1 against all x2, so the plot is meaningless as written. It is an unfinished idea.","Personal idea (Aug 19 2016), following the Van der Pol work of Sistemas de Controle and the Sistemas Nao Lineares phase portraits",test/scratch,high,MATLAB/m Files/Ideias/traject_test.m,b37c2b510fe3d66436ce3bfafc26fb78cfc85cac
classwork/graduate/2016-1-control-systems/reports/artigo_sist_cont.tex,,,,,latex,,Documentos/Relatorio Sistemas de Controle/artigo_sist_cont.tex,c84d84b63ecfec3375e17f220ed6e61c34f3f2e9
classwork/graduate/2016-1-control-systems/reports/bib-controleadaptativo.bib,,,,,latex,,Documentos/Relatorio Sistemas de Controle/bib-controleadaptativo.bib,a3cc3f63a7fb3a43d421ba94ae46e238d854241e
classwork/graduate/2016-1-control-systems/reports/dcu.bst.txt,,,,,latex,,Documentos/Relatorio Sistemas de Controle/dcu.bst.txt,540d4da1b45962f9df490efbe815c0f3d9c9bc8e
classwork/graduate/2016-1-control-systems/reports/drafts/artigopedro2016.pdf,,,,,latex,,Documentos/Relatorio Sistemas de Controle/artigopedro2016.pdf,807e5d10e4b0501e3087e5a2c6c9b7181cdad61d
classwork/graduate/2016-1-control-systems/reports/drafts/artigopedro2016.tex,,,,,latex,,Documentos/Relatorio Sistemas de Controle/artigopedro2016.tex,96857e0d02cbb2e0d0847333d06cd43ceb2627e7
classwork/graduate/2016-1-control-systems/reports/harvard.sty,,,,,latex,,Documentos/Relatorio Sistemas de Controle/harvard.sty,c95c6dc9002f9d43ae1c9e072f0bff190d337f50
classwork/graduate/2016-1-control-systems/reports/pics/Cálculo de K.PNG,,,,,latex,,Documentos/Relatorio Sistemas de Controle/pics/Cálculo de K.PNG,51e061bbce4904658f4d84ebeeafc36cb2d7561a
classwork/graduate/2016-1-control-systems/reports/pics/RootLocus1Controlador.PNG,,,,,latex,,Documentos/Relatorio Sistemas de Controle/pics/RootLocus1Controlador.PNG,b25aa48a88650b4bb1dbed1818fefc8cc4c79e1a
classwork/graduate/2016-1-control-systems/reports/pics/RootLocus2Controlador.PNG,,,,,latex,,Documentos/Relatorio Sistemas de Controle/pics/RootLocus2Controlador.PNG,5fc87e0589dc1021d550cf767464c8c62be17754
classwork/graduate/2016-1-control-systems/reports/pics/RootLocus3Controlador.PNG,,,,,latex,,Documentos/Relatorio Sistemas de Controle/pics/RootLocus3Controlador.PNG,14d7792c87959b1179b82ad6553a69b7916eef56
classwork/graduate/2016-1-control-systems/reports/pics/RootLocus4Controlador.PNG,,,,,latex,,Documentos/Relatorio Sistemas de Controle/pics/RootLocus4Controlador.PNG,a7ab76fcf1920bbcbf67eb20f3073723876339e5
classwork/graduate/2016-1-control-systems/reports/pics/bode_comp.png,,,,,latex,,Documentos/Relatorio Sistemas de Controle/pics/bode_comp.png,0c4e5847c8e419c57d462fd385504e2aa8754975
classwork/graduate/2016-1-control-systems/reports/pics/bode_gcf.png,,,,,latex,,Documentos/Relatorio Sistemas de Controle/pics/bode_gcf.png,8bbf8a72dbaa30f7c6e0f4961d562789f2e160fe
classwork/graduate/2016-1-control-systems/reports/pics/bode_gma.png,,,,,latex,,Documentos/Relatorio Sistemas de Controle/pics/bode_gma.png,8eca0727d5a455cf15043ade3cd69948508379e9
classwork/graduate/2016-1-control-systems/reports/pics/med_delt_freq.png,,,,,latex,,Documentos/Relatorio Sistemas de Controle/pics/med_delt_freq.png,2d8d4885a736a2095c44af1fbb4fbbeddc4cb2fd
classwork/graduate/2016-1-control-systems/reports/pics/med_delt_freq_nr.png,,,,,latex,,Documentos/Relatorio Sistemas de Controle/pics/med_delt_freq_nr.png,97afaf24f7b7954019e7390b76539684a18a4685
classwork/graduate/2016-1-control-systems/reports/pics/med_delt_rlocus.png,,,,,latex,,Documentos/Relatorio Sistemas de Controle/pics/med_delt_rlocus.png,f4f310d088a2c36f3bf6b02e214216f6e17bad64
classwork/graduate/2016-1-control-systems/reports/pics/med_delt_rlocus_nr.png,,,,,latex,,Documentos/Relatorio Sistemas de Controle/pics/med_delt_rlocus_nr.png,a26ca0cbc7cc8a7212a6434f71feef8e1c5f24a3
classwork/graduate/2016-1-control-systems/reports/pics/saida_osc_freq.png,,,,,latex,,Documentos/Relatorio Sistemas de Controle/pics/saida_osc_freq.png,2dc38c1acca18e3888d87ebad1798863616a9a13
classwork/graduate/2016-1-control-systems/reports/pics/saida_osc_freq_nr.png,,,,,latex,,Documentos/Relatorio Sistemas de Controle/pics/saida_osc_freq_nr.png,9039c70e6574f750a92cb2b94cf25ca3c2fbe179
classwork/graduate/2016-1-control-systems/reports/pics/saida_osc_rlocus.png,,,,,latex,,Documentos/Relatorio Sistemas de Controle/pics/saida_osc_rlocus.png,c529df7ecec6c363e02d3a4aaf479e32de370612
classwork/graduate/2016-1-control-systems/reports/pics/saida_osc_rlocus_nr.png,,,,,latex,,Documentos/Relatorio Sistemas de Controle/pics/saida_osc_rlocus_nr.png,5dfe830c690edd0d7c6918fba08fa473e655f2aa
classwork/graduate/2016-1-control-systems/reports/pics/sin_cont_freq.png,,,,,latex,,Documentos/Relatorio Sistemas de Controle/pics/sin_cont_freq.png,4d56996305cb8500ee2396d74057897a50d84698
classwork/graduate/2016-1-control-systems/reports/pics/sin_cont_freq_nr.png,,,,,latex,,Documentos/Relatorio Sistemas de Controle/pics/sin_cont_freq_nr.png,6cb2adf9a32c964e4a0cc6eb10b1be44041ce9e3
classwork/graduate/2016-1-control-systems/reports/pics/sin_cont_rlocus.png,,,,,latex,,Documentos/Relatorio Sistemas de Controle/pics/sin_cont_rlocus.png,da5e1d275d219d0d5a6db11e0994ddcfd61f3438
classwork/graduate/2016-1-control-systems/reports/pics/sin_cont_rlocus_nr.png,,,,,latex,,Documentos/Relatorio Sistemas de Controle/pics/sin_cont_rlocus_nr.png,597d695571a78a0bfd77244292d8395815baef81
classwork/graduate/2016-1-control-systems/reports/sbatex.cls,,,,,latex,,Documentos/Relatorio Sistemas de Controle/sbatex.cls,ffdea5ea4772ee64b13212b2ddcf85df38a03f55
classwork/graduate/2016-2-information-theoretic-learning/code/ITL_Basico.slx,Block-diagram figure: generic ITL adaptive-system learning scheme,Pedro (probable; the slx core property says creator 'user'),"A Simulink diagram used only as a drawing. It has subsystems 'Processo X' (Dados x), 'Processo D' (Dados d), 'Sistema Adaptativo', 'Função de Custo' and 'Algoritmo de Aprendizado', a summing junction for the error, and the annotation 'Esquema de Aprendizado'. Every MATLAB Function block contains the default stub y=u, so nothing meaningful simulates.","Figure 'Sistema Adaptativo Genérico descrito no ferramental ITL' (pics/ITL_Esquema.png, Nov 28 2016) in artigo_itl.tex, the ITL/correntropy paper with Prof. Allan de Medeiros Martins, Dec 2016.",reference-material,high,Matlab_Current/Simulink Files/Trabalho ITL Modelos/ITL_Basico.slx,a6c464bcac566cb63b473e1c3bcb6a7f2a3cc248
classwork/graduate/2016-2-information-theoretic-learning/code/ITL_Controle_Adaptativo.slx,Block-diagram figure: indirect adaptive control with MCC (correntropy) estimator,Pedro (probable; creator 'user'),"Drawing-only Simulink model: 'Planta LIT', 'Filtragem' (Phi), 'Filtragem da Planta' (Z), 'Modelo do Sistema' (Ẑ), 'Correntropia' (cost), 'Maximização' (parameters), 'Cálculo dos Parametros do Controlador', 'Controlador APPC' and 'Critério do Projetista' (r). Annotations read 'Sistema Dinâmico' and 'Esquema de Aprendizado, Estimador MCC'. All function blocks are y=u stubs.","Figure 'Controle Adaptativo Indireto usando um estimador de parâmetros baseado em Maximização da Correntropia do Erro' (pics/ITL_Controle_Adaptativo.png, Nov 29 2016) in artigo_itl.tex, Dec 2016.",reference-material,high,Matlab_Current/Simulink Files/Trabalho ITL Modelos/ITL_Controle_Adaptativo.slx,53ea708665ce67aa9a874391fbdb1b9344084094
classwork/graduate/2016-2-information-theoretic-learning/code/Lambda_APPC.mat,"APPC parameter struct variant (Dec 1 2016), P0=I",Pedro,"SimulacaoAPPC identical to the Nov 30 simAPPC.mat except P0=I instead of 100I. The plant is (0.2s+2)/(s²+3s+4), Λ=[2 0.6 0.7], Aw=[1 4 3].","ITL/correntropy paper preparation (artigo_itl.tex, Dec 2016). The Dec 1 draft artigo_itl_utf8.tex used Λ(s)=s²+0.6s+0.7.",intermediate-version,medium,Matlab_Current/Lambda_APPC.mat,3aa33aaee4b9a8443319771a4b448f03407de7e8
classwork/graduate/2016-2-information-theoretic-learning/code/Parametros de Simulacao/_outras versões/simAPPC (MATLAB 2016-06-19).mat,"APPC (adaptive pole placement) parameter struct, June 2016 version",Pedro,"SimulacaoAPPC: 20 s, h=1e-3, filter Aw=[0 1;-4 -3], plant Zs*=[0.2 2] and Rs*=[1 3 4] ((0.2s+2)/(s²+3s+4)), Qm=s, A*=s⁴+5.2s³+12.4s²+12.6s+6, Λ=[2 0.6 0.7], P0=100I, β=0.5, θ(0)=[1 1.7 2.1 1.1], reference step.","Controle Adaptativo (PPGEE/UFRN, Prof. Aldayr Dantas de Araújo) assignments, MATLAB re-implementation in 2016 (Mestrado/TCC/Controle Adaptativo/lista_controle_adaptativo_*.pdf). The APPC/STC assignment (List 4). The same plant was later reused for the Dec 2016 ITL paper.",parameters,high,MATLAB/MATLAB_Files_Old.rar!/simAPPC.mat,1822af5078cc9d36b0c378fbffe4dcb0290e4027
classwork/graduate/2016-2-information-theoretic-learning/code/Parametros de Simulacao/identif.mat,Least-squares identification parameter struct (Nov 2016 revision),Pedro,"Only SimulacaoMQ: 20 s, h=1e-3, filter as polynomial [1 4 4], plant Ap=[0 1;-3 -2], bp=[1;0], P0=100I, Plinha=I, β=0.5, Pmax=6e4, θ(0)=[0 2.1 3.1 1.1], reference amplitudes [1 .3 .4] at frequencies [0 1 2].","Prepared on Nov 30 2016 together with the APPC sets for the ITL/correntropy paper (artigo_itl.tex, Dec 2016), which compares the continuous-time LSE estimator with MCC.",parameters,medium,Matlab_Current/Parametros de Simulacao/identif.mat,15797df4d1c9704f0e4d20185fd0e129639cbb40
classwork/graduate/2016-2-information-theoretic-learning/code/Parametros de Simulacao/simAPPC.mat,"APPC parameter struct, Nov 30 2016 revision (pre-ITL paper)",Pedro,"Same plant as the June set ((0.2s+2)/(s²+3s+4)), A*, Qm=s, Λ=[2 0.6 0.7], P0=100I, θ(0)=[1 1.7 2.1 1.1]. The filter is now the polynomial Aw=[1 4 3] instead of a state matrix.","Preparation of 'Comparação entre o método dos Mínimos Quadrados e Maximização da Correntropia do Erro aplicados ao Controle Adaptativo' (artigo_itl.tex), with Prof. Allan de Medeiros Martins, Dec 2016.",parameters,high,Matlab_Current/Parametros de Simulacao/simAPPC.mat,e72ef20750db8b7977f3d2bd979cf719995993e2
classwork/graduate/2016-2-information-theoretic-learning/code/appc_artigo.mat,Final APPC parameter set for the ITL/correntropy paper (Dec 5 2016),Pedro,"SimulacaoAPPC: plant (0.2s+2)/(s²+3s+4), A*=s⁴+5.2s³+12.4s²+12.6s+6, Qm=s, Λ=Aw=s²+4s+5, P0=100I, initial estimate components [0.1 2 3 5] (N̂p0=0.1s+3, D̂p0=s²+2s+5), reference step, 20 s, h=1e-3. This matches the final paper's list (Γ=P0=100I, Λ=s²+4s+5, N̂p0=0.1s+3, D̂p0=s²+2s+5).","Section 'Simulações' of artigo_itl.tex (Dec 5 2016, 'Comparação entre o método dos Mínimos Quadrados e Maximização da Correntropia do Erro aplicados ao Controle Adaptativo'), co-authored with Prof. Allan de Medeiros Martins. Figures are in Artigo ITL/pics/APPC_*.png (Dec 5).",final,high,Matlab_Current/appc_artigo.mat,c95e862a800ea3708ee6d51ba3d4f75d7e02728c
classwork/graduate/2016-2-information-theoretic-learning/code/sim_appc.mat,APPC simulation parameter set for the LSE vs correntropy (MCC) article,"Pedro, co-authored with Prof. Allan de Medeiros Martins (ap_ITL.tex \author lists 'Allan de Medeiros Martins, Pedro Yochinori Gushiken'). The data file was most likely produced by Pedro.","A MATLAB struct 'SimulacaoAPPC' holds the setup for adaptive pole placement control (APPC) of a 2nd-order plant. Fields: t 0-20 s, h=1e-3; Zs_estrela=[0.2 2] (Np=0.2s+2); Rs_estrela=[1 3 4] (Dp=s^2+3s+4); A_estrela=[1 5.2 12.4 12.6 6]; Qms=[1 0] (Qm=s); P0=100*I4; teta_inicial=[0 3 2 5]; Lambda=[2 0.6 0.7]; Beta=0.5; PMax=6e4; plus reference and filter terms. These match the simulation parameters ","'Comparacao entre o metodo dos Minimos Quadrados e Maximizacao da Correntropia do Erro aplicados ao Controle Adaptativo' (artigo_itl.tex, Dec 2016, CBA template, Section 'Simulacoes'), presented Dec 6 2016 (ap_ITL.tex). It was most likely the final paper for an Information Theoretic Learning (ITL) course.",results-data,high,Documentos/Artigo ITL/sim_appc.mat,6170e83f6558cdda795a22e6af29b7987719e6d9
classwork/graduate/2016-2-information-theoretic-learning/reports/Duvidas_MEE.pdf,,,,,latex,,Documentos/IFAC/Duvidas_MEE.pdf,2c09c23c1535a62c04a92ead5e46019132168856
classwork/graduate/2016-2-information-theoretic-learning/reports/Duvidas_MEE.tex,,,,,latex,,Documentos/IFAC/Duvidas_MEE.tex,fa427ca0d1c27f37ec6aa3e3c34dc61c7a5a14bd
classwork/graduate/2016-2-information-theoretic-learning/reports/artigo_itl.bbl,,,,,latex,,Documentos/Artigo ITL/artigo_itl.bbl,1578144e89c3754468ad859d43b5d5fa0f3aea1a
classwork/graduate/2016-2-information-theoretic-learning/reports/artigo_itl.pdf,,,,,latex,,Documentos/Artigo ITL/artigo_itl.pdf,6a1fe32576296ba0d8e42506246667c09a14ab89
classwork/graduate/2016-2-information-theoretic-learning/reports/artigo_itl.tex,,,,,latex,,Documentos/Artigo ITL/artigo_itl.tex,fdaf955f7779284eb32bd14f7385b041bc0a57e3
classwork/graduate/2016-2-information-theoretic-learning/reports/bib-controleadaptativo.bib,,,,,latex,,Documentos/Artigo ITL/bib-controleadaptativo.bib,757c05a195ca4b02fb0abf4ab2bf9aec3396d901
classwork/graduate/2016-2-information-theoretic-learning/reports/drafts/artigo_itl_utf8.pdf,,,,,latex,,Documentos/Artigo ITL/artigo_itl_utf8.pdf,bc21cc58b4e9d8d17eb9658cd38914a22ed1c610
classwork/graduate/2016-2-information-theoretic-learning/reports/drafts/artigo_itl_utf8.tex,,,,,latex,,Documentos/Artigo ITL/artigo_itl_utf8.tex,9d048dbcceea9d7f4201a8d6787bf8ea62217538
classwork/graduate/2016-2-information-theoretic-learning/reports/pics/APPC_Correntropia_Ideal.png,,,,,latex,,Documentos/Artigo ITL/pics/APPC_Correntropia_Ideal.png,fb3befca9dbbe5f7796b03d2225b6128b5d7d938
classwork/graduate/2016-2-information-theoretic-learning/reports/pics/APPC_Correntropia_Ruido_Gaussiano.png,,,,,latex,,Documentos/Artigo ITL/pics/APPC_Correntropia_Ruido_Gaussiano.png,8b6e05aa0477223e4daab89e7968f24b8f855270
classwork/graduate/2016-2-information-theoretic-learning/reports/pics/APPC_Correntropia_Ruido_Impulsivo.png,,,,,latex,,Documentos/Artigo ITL/pics/APPC_Correntropia_Ruido_Impulsivo.png,601dbabe473d7327ada146c1f36fea5dd4348e43
classwork/graduate/2016-2-information-theoretic-learning/reports/pics/APPC_Correntropia_Ruido_Uniforme.png,,,,,latex,,Documentos/Artigo ITL/pics/APPC_Correntropia_Ruido_Uniforme.png,6004c71c64adac4ed3da1b5d4b1ad540ae2b6b9a
classwork/graduate/2016-2-information-theoretic-learning/reports/pics/APPC_MSE_Ideal.png,,,,,latex,,Documentos/Artigo ITL/pics/APPC_MSE_Ideal.png,9fe8d250bb0f5764da0c0734d1f4065a0236ab51
classwork/graduate/2016-2-information-theoretic-learning/reports/pics/APPC_MSE_Ruido_Gaussiano.png,,,,,latex,,Documentos/Artigo ITL/pics/APPC_MSE_Ruido_Gaussiano.png,c3cdccc9ae30184ddd8b5c87a157ea5d1e851a51
classwork/graduate/2016-2-information-theoretic-learning/reports/pics/APPC_MSE_Ruido_Impulsivo.png,,,,,latex,,Documentos/Artigo ITL/pics/APPC_MSE_Ruido_Impulsivo.png,cace11ca7a21bb163feabf1fe07565ada49ad0e3
classwork/graduate/2016-2-information-theoretic-learning/reports/pics/APPC_MSE_Ruido_Uniforme.png,,,,,latex,,Documentos/Artigo ITL/pics/APPC_MSE_Ruido_Uniforme.png,9505326e345a84505e1110c0f7851110ba0dead3
classwork/graduate/2016-2-information-theoretic-learning/reports/pics/ITL_Controle_Adaptativo.png,,,,,latex,,Documentos/Artigo ITL/pics/ITL_Controle_Adaptativo.png,7f93e985575dbfad5c9941f7938c3a715768b21e
classwork/graduate/2016-2-information-theoretic-learning/reports/pics/ITL_Esquema.png,,,,,latex,,Documentos/Artigo ITL/pics/ITL_Esquema.png,7dcfa039cc99143a342fb411a125f5454c3ba8a4
classwork/graduate/2016-2-information-theoretic-learning/reports/pics/Sinal_Entrada_Phi_Correntropia_Ruido_Impulsivo.png,,,,,latex,,Documentos/Artigo ITL/pics/Sinal_Entrada_Phi_Correntropia_Ruido_Impulsivo.png,4790d145570980e2d3bff59b896a4f83dfe937b2
classwork/graduate/2016-2-information-theoretic-learning/reports/pics/Sinal_Entrada_Phi_MSE_Ruido_Impulsivo.png,,,,,latex,,Documentos/Artigo ITL/pics/Sinal_Entrada_Phi_MSE_Ruido_Impulsivo.png,ab64976384acdc542d0ea2584f461b49313049f6
classwork/graduate/2016-2-information-theoretic-learning/reports/sbatex.cls,,,,,latex,,Documentos/Artigo ITL/sbatex.cls,81fc3373379ed53b0c6c234118ac7a076776f7b3
classwork/graduate/2016-2-information-theoretic-learning/slides/ap_ITL.pdf,,,,,latex,,Documentos/Artigo ITL/ap_ITL.pdf,d5924e3c797202f62dea704a06ca25ca05130f57
classwork/graduate/2016-2-information-theoretic-learning/slides/ap_ITL.tex,,,,,latex,,Documentos/Artigo ITL/ap_ITL.tex,76c62e7e6f0a48c10e2ef504c16fa04740bd973f
classwork/graduate/2016-2-information-theoretic-learning/slides/bib-controleadaptativo.bib,,,,,latex,,Documentos/Artigo ITL/bib-controleadaptativo.bib,757c05a195ca4b02fb0abf4ab2bf9aec3396d901
classwork/graduate/2016-2-information-theoretic-learning/slides/pics/APPC_Correntropia_Ideal.png,,,,,latex,,Documentos/Artigo ITL/pics/APPC_*.png,fb3befca9dbbe5f7796b03d2225b6128b5d7d938
classwork/graduate/2016-2-information-theoretic-learning/slides/pics/APPC_Correntropia_Ruido_Gaussiano.png,,,,,latex,,Documentos/Artigo ITL/pics/APPC_*.png,8b6e05aa0477223e4daab89e7968f24b8f855270
classwork/graduate/2016-2-information-theoretic-learning/slides/pics/APPC_Correntropia_Ruido_Impulsivo.png,,,,,latex,,Documentos/Artigo ITL/pics/APPC_*.png,601dbabe473d7327ada146c1f36fea5dd4348e43
classwork/graduate/2016-2-information-theoretic-learning/slides/pics/APPC_Correntropia_Ruido_Uniforme.png,,,,,latex,,Documentos/Artigo ITL/pics/APPC_*.png,6004c71c64adac4ed3da1b5d4b1ad540ae2b6b9a
classwork/graduate/2016-2-information-theoretic-learning/slides/pics/APPC_MSE_Ideal.png,,,,,latex,,Documentos/Artigo ITL/pics/APPC_*.png,9fe8d250bb0f5764da0c0734d1f4065a0236ab51
classwork/graduate/2016-2-information-theoretic-learning/slides/pics/APPC_MSE_Ruido_Gaussiano.png,,,,,latex,,Documentos/Artigo ITL/pics/APPC_*.png,c3cdccc9ae30184ddd8b5c87a157ea5d1e851a51
classwork/graduate/2016-2-information-theoretic-learning/slides/pics/APPC_MSE_Ruido_Impulsivo.png,,,,,latex,,Documentos/Artigo ITL/pics/APPC_*.png,cace11ca7a21bb163feabf1fe07565ada49ad0e3
classwork/graduate/2016-2-information-theoretic-learning/slides/pics/APPC_MSE_Ruido_Uniforme.png,,,,,latex,,Documentos/Artigo ITL/pics/APPC_*.png,9505326e345a84505e1110c0f7851110ba0dead3
classwork/graduate/2016-2-numerical-linear-algebra/code/trab_biswa.mat,Householder/Givens Hessenberg reduction and eigen-analysis of a 5x5 companion matrix (NLAA exercise 9.17),Pedro (Exercicios.tex \author{Pedro Yochinori Gushiken}; the matrices equal those typed in the .tex),"MATLAB workspace for exercise 9.17 of the 'Exercicios NLAA' homework. The input is the companion matrix A=[0 1 0 0 0; ...; 1 2 3 4 5]. It holds the Householder reflectors P1, P2, the intermediate A1=P1*A*P1' and the Householder Hessenberg form Ap. It also holds the Givens rotations J11..J66 and the Givens Hessenberg form Aj, plus [vp,dp]=eig(Ap) and [vj,dj]=eig(Aj). Both forms give the same eigenv","Homework 'Exercicios NLAA' (Numerical Linear Algebra and Applications; 'Biswa' is presumably Biswa Nath Datta, the textbook's author) - Trabalho Biswa/Exercicios.tex, chapter 9.17 'Householder' and 'Givens'. Likely an MSc course in 2016.2.",results-data,high,Documentos/Trabalho Biswa/trab_biswa.mat,9363f94949883701294a1111f7c78f0a33c09e91
classwork/graduate/2016-2-numerical-linear-algebra/reports/Exercicios.pdf,,,,,latex,,Documentos/Trabalho Biswa/Exercicios.pdf,b142b323f1244e4b5ae46c50db1285462dd18f2a
classwork/graduate/2016-2-numerical-linear-algebra/reports/Exercicios.tex,,,,,latex,,Documentos/Trabalho Biswa/Exercicios.tex,e226e93a8f72fec64849ab06045bb62c4b07a64a
classwork/graduate/2016-2-numerical-linear-algebra/reports/IEEEtran.cls,,,,,latex,,Documentos/Report_NLEVP/IEEEtran.cls,f420d53a1528722b6b11dae991b3e78df00d0252
classwork/graduate/2016-2-numerical-linear-algebra/reports/bare_adv.tex,,,,,latex,,Documentos/Report_NLEVP/bare_adv.tex,454a0c1f2088e049518ada356d25da1cddad903c
classwork/graduate/2016-2-numerical-linear-algebra/reports/pics/C.png,,,,,latex,,Documentos/Report_NLEVP/pics/C.png,ba810c0ab4624afeb49d8e98afc9ae06a5be8a41
classwork/graduate/2016-2-numerical-linear-algebra/reports/pics/K.png,,,,,latex,,Documentos/Report_NLEVP/pics/K.png,1ddc7209d087fcabba629e842a0b14700ab82053
classwork/graduate/2016-2-numerical-linear-algebra/reports/pics/M.png,,,,,latex,,Documentos/Report_NLEVP/pics/M.png,41a660487cf02c1b14ce5444763cc5c00255984a
classwork/graduate/2017-1-robust-adaptive-control/reports/robust-adaptive-control-assignments-1-2-report.pdf,"Robust Adaptive Control - Assignments I and II report (Rohrs examples; MRAC and VS-MRAC for relative-degree-1 and -2 plants), Jun 19 2017",Pedro Yochinori Gushiken,LaTeX source not found. Semester inferred from the date,Controle Adaptativo Robusto (PPgEEC/UFRN 2017-1),doc,high,Documentos/Mestrado/Trabalho_I_II_CAdap_Robusto_Pedro_Gushiken.pdf,f67eb994d70f8864a6412ea08191bb922a1d486c
classwork/graduate/2018-1-artificial-neural-networks/reports/ann-list3-report.pdf,"Artificial Neural Networks - Exercise List 3 report (NARX, competitive networks, SOM), final version Jun 21 2018",Pedro Gushiken; Isaac Dantas Isidório,Joint work with classmate Isaac Dantas Isidório (named co-author). No emails or student numbers in the text. LaTeX source not found,"Redes Neurais Artificiais (PPgEEC/UFRN 2018-1, Prof. Adrião)",doc,high,Documentos/Mestrado/L3RNA_Pedro_e_Isaac.pdf,bde03698bea8989581e231855383e0adeaf02b5e
classwork/graduate/2018-1-artificial-neural-networks/reports/drafts/ann-list3-report-draft-2018-06-19.pdf,"Artificial Neural Networks - Exercise List 3 report, earlier draft (Jun 19 2018)",Pedro Gushiken; Isaac Dantas Isidório,"Earlier, shorter version of L3RNA_Pedro_e_Isaac.pdf","Redes Neurais Artificiais (PPgEEC/UFRN 2018-1, Prof. Adrião)",doc,high,Documentos/Mestrado/Lista_RNA3_Pedro_e_Isaac.pdf,bf7f54a4b07ee7b53991a646c2735ae776cb4690
classwork/undergraduate/2015-1-communications-lab-ii/code/FiltroButterworth.psimsch,PWM demodulator - 2nd-order Butterworth low-pass filter,Pedro Gushiken with lab partner José Verismar Júnior (co-authors on RelProj2/Relatorio.tex).,"Op-amp (Sallen-Key style) 2nd-order Butterworth low-pass filter, fc = 2 kHz, gain Av = 2 (R1..R4 = 27k, 16k, 36k, 36k; C1 = 3.3 nF, C2 = 4.7 nF). It is the last stage of the PWM demodulator, recovering the 1 kHz message from the clipped PAM pulses; the report says its cutoff was confirmed by a frequency-response simulation.","Laboratório de Comunicações II (Prof. Antonio Luiz Campos, UFRN, 2015.1; work done in pairs per Labcom/Procedimentos.pdf), Unit 2 project 'Demodulador PWM' (Labcom/Projeto_Unidade_02.pdf: indirect PWM demodulation PWM->PAM->sample&hold->low-pass). Report: Labcom/RelProj2/Relatorio.pdf 'Projeto de um Demodulador PWM', Pedro Yochinori Gushiken & José Verismar Júnior, 15 May 2015.",final,high,Documentos/Arquivo Elétrica/Labcom/FiltroButterworth.psimsch,2f319ec3fed36c5bc2a6041c7eac5ce8534c8cf4
classwork/undergraduate/2015-1-communications-lab-ii/code/PAM.psimsch,PAM modulator lab practice (Prática 03),Pedro (probably with his lab partner); unverified.,"Simulation of the pulse-amplitude-modulation circuit from Prática 03 (3 kHz, 2 V message multiplying an offset 15 kHz, 80 % duty pulse train), probably with its low-pass demodulator, for the lab report. It is the only surviving simulation from the lab practices; the Unit 1 FM-modulator project has none.","Laboratório de Comunicações II (Prof. Antonio Luiz Campos, UFRN, 2015.1; work done in pairs per Labcom/Procedimentos.pdf), lab practice 'Modulação/Demodulação por Amplitude de Pulso' (Labcom/Pratica_03_2013_1.pdf, saved 2015-03-20; theory slides Modulador_PAM.pdf).",experiment,medium,Documentos/Arquivo Elétrica/Labcom/PAM.psimsch,3aa825594abda66b4123ce7ee43c75d96d9ced19
classwork/undergraduate/2015-1-communications-lab-ii/code/PWM.psimsch,PWM modulator (signal source for the demodulator),Pedro Gushiken with lab partner José Verismar Júnior (co-authors on RelProj2/Relatorio.tex).,"Comparator-type PWM modulator: an LF347 op-amp compares a 43.5 kHz, 1 V sawtooth with a 1 kHz, 0.32 V sine, and the output goes through a 1N4148 diode into 12 kOhm. It reproduces the lab-built 555-based PWM signal (43.5 kHz after the lab circuit was rebuilt; the first draft used 48.1 kHz) to drive the demodulator.","Laboratório de Comunicações II (Prof. Antonio Luiz Campos, UFRN, 2015.1; work done in pairs per Labcom/Procedimentos.pdf), Unit 2 project 'Demodulador PWM' (Labcom/Projeto_Unidade_02.pdf: indirect PWM demodulation PWM->PAM->sample&hold->low-pass). Report: Labcom/RelProj2/Relatorio.pdf 'Projeto de um Demodulador PWM', Pedro Yochinori Gushiken & José Verismar Júnior, 15 May 2015.",final,high,Documentos/Arquivo Elétrica/Labcom/PWM.psimsch,6ee5d2a31aefe9bbf51a4b6460948bfc7280c4ab
classwork/undergraduate/2015-1-communications-lab-ii/code/Projeto Terceira Unidade/Projeto Pedro e José Verismar.psimsch,Labcom Unit 3 project (Pedro & José Verismar),Pedro Gushiken and José Verismar Júnior (named in the filename; same pair as the Unit 2 report).,"The pair's Unit 3 project for Communications Lab II, the only file in ""Projeto Terceira Unidade"" (38 KB). No assignment sheet or report survives, so the circuit is not confirmed. The syllabus's remaining topics (sampling, quantisation, coding, A/D and D/A converters, PCM-TDM) and the 74148 8-to-3 priority-encoder datasheet saved two days earlier suggest an A/D converter or PCM circuit, but this is","Laboratório de Comunicações II (Prof. Antonio Luiz Campos, UFRN, 2015.1; work done in pairs per Labcom/Procedimentos.pdf), Unit 3 project (syllabus in Labcom/Procedimentos.pdf).",final,low,Documentos/Arquivo Elétrica/Labcom/Projeto Terceira Unidade/Projeto Pedro e José Verismar.psimsch,28ad85114ac54975e1520676919530c97dac0ee4
classwork/undergraduate/2015-1-communications-lab-ii/code/baiainacabado.psimsch,"""baiainacabado"" - unfinished Labcom circuit (purpose unknown)",Probably Pedro (his PSIM build); unverified.,"The name reads as ""baia inacabado"" (""unfinished ...""), so Pedro saw it as incomplete. It is fairly large (35 KB) and was saved on the afternoon of 2015-04-30 right after ""ponto"" and ""linhadecarga"", while the PWM-demodulator project was starting. Its circuit cannot be identified from the available evidence.","Laboratório de Comunicações II (Prof. Antonio Luiz Campos, UFRN, 2015.1; work done in pairs per Labcom/Procedimentos.pdf) (by folder); exact assignment unknown - possibly early work for the Unit 2 PWM-demodulator project.",test/scratch,low,Documentos/Arquivo Elétrica/Labcom/baiainacabado.psimsch,626870604f1cad07f2909abb6f3b1d339c1fee4c
classwork/undergraduate/2015-1-communications-lab-ii/code/ceifador.psimsch,PWM demodulator - diode clipper (ceifador),Pedro Gushiken with lab partner José Verismar Júnior (co-authors on RelProj2/Relatorio.tex).,"Diode clipper with a decision level of about 1.4 V (two 1N4148 in series and 12 kOhm to ground). It keeps only the top of the summed ramp-plus-pulse signal, turning it into PAM pulses whose amplitude carries the message. The report also says this design made a separate sample-and-hold stage unnecessary.","Laboratório de Comunicações II (Prof. Antonio Luiz Campos, UFRN, 2015.1; work done in pairs per Labcom/Procedimentos.pdf), Unit 2 project 'Demodulador PWM' (Labcom/Projeto_Unidade_02.pdf: indirect PWM demodulation PWM->PAM->sample&hold->low-pass). Report: Labcom/RelProj2/Relatorio.pdf 'Projeto de um Demodulador PWM', Pedro Yochinori Gushiken & José Verismar Júnior, 15 May 2015.",final,high,Documentos/Arquivo Elétrica/Labcom/ceifador.psimsch,1791a332b266d4745b578ceaa66daced90e88b07
classwork/undergraduate/2015-1-communications-lab-ii/code/geradorrampa.psimsch,PWM demodulator - ramp generator,Pedro Gushiken with lab partner José Verismar Júnior (co-authors on RelProj2/Relatorio.tex).,"Ramp (sawtooth) generator: an RC integrator (47 kOhm, 1 nF, fc ~ 3.5 kHz) with a diode for fast discharge, driven by the PWM signal. Each ramp's height is proportional to the pulse width, which converts PWM to an amplitude-coded signal.","Laboratório de Comunicações II (Prof. Antonio Luiz Campos, UFRN, 2015.1; work done in pairs per Labcom/Procedimentos.pdf), Unit 2 project 'Demodulador PWM' (Labcom/Projeto_Unidade_02.pdf: indirect PWM demodulation PWM->PAM->sample&hold->low-pass). Report: Labcom/RelProj2/Relatorio.pdf 'Projeto de um Demodulador PWM', Pedro Yochinori Gushiken & José Verismar Júnior, 15 May 2015.",final,high,Documentos/Arquivo Elétrica/Labcom/geradorrampa.psimsch,02c20de379153dc399703ec3dba3832830045917
classwork/undergraduate/2015-1-communications-lab-ii/code/linhadecarga.psimsch,"""linhadecarga"" - load-line exercise (purpose unknown)",Probably Pedro; unverified.,"The name means ""load line"", which suggests a diode or transistor operating-point and load-line study, not a communications circuit. It was saved six minutes after ""ponto"" (operating point?) and shortly before ""baiainacabado"". Its contents and purpose cannot be confirmed.","Laboratório de Comunicações II (Prof. Antonio Luiz Campos, UFRN, 2015.1; work done in pairs per Labcom/Procedimentos.pdf) (by folder only); may belong to another electronics course or be a helper study.",test/scratch,low,Documentos/Arquivo Elétrica/Labcom/linhadecarga.psimsch,70c8963a9b9b449c1e92a76f13a61a9743c16de9
classwork/undergraduate/2015-1-communications-lab-ii/code/monoestavelbordadireita.psimsch,PWM demodulator - monostable with delay (trailing/right-edge trigger),Pedro Gushiken with lab partner José Verismar Júnior (co-authors on RelProj2/Relatorio.tex).,"Monostable stage (74121 model) triggered on the modulated (right/trailing) edge of the PWM signal. It produces a pulse synchronised with the end of each ramp: a 17.2 us pulse (C = 1 nF, R = 27 kOhm, Ts = 0.7RC) is generated and its inverted output Q-bar is used, which the report calls an ""artifício"" (trick). The output is added to the ramp in the summer.","Laboratório de Comunicações II (Prof. Antonio Luiz Campos, UFRN, 2015.1; work done in pairs per Labcom/Procedimentos.pdf), Unit 2 project 'Demodulador PWM' (Labcom/Projeto_Unidade_02.pdf: indirect PWM demodulation PWM->PAM->sample&hold->low-pass). Report: Labcom/RelProj2/Relatorio.pdf 'Projeto de um Demodulador PWM', Pedro Yochinori Gushiken & José Verismar Júnior, 15 May 2015.",final,high,Documentos/Arquivo Elétrica/Labcom/monoestavelbordadireita.psimsch,8979ebb7182ca382ef754c6b661d3cfcf8597cee
classwork/undergraduate/2015-1-communications-lab-ii/code/montagem completa.psimsch,PWM demodulator - complete assembly (final simulation),Pedro Gushiken with lab partner José Verismar Júnior (co-authors on RelProj2/Relatorio.tex).,"Complete chain of the indirect PWM demodulator: PWM modulator -> ramp generator -> 74121 monostable -> summer -> op-amp buffer -> diode clipper -> 2nd-order Butterworth low-pass. The report's ""Montagem Completa"" simulation (MCSIM.png) overlays ""SinalOriginal"" (1 kHz sine) and ""Demodulado"" (the recovered, attenuated sine).","Laboratório de Comunicações II (Prof. Antonio Luiz Campos, UFRN, 2015.1; work done in pairs per Labcom/Procedimentos.pdf), Unit 2 project 'Demodulador PWM' (Labcom/Projeto_Unidade_02.pdf: indirect PWM demodulation PWM->PAM->sample&hold->low-pass). Report: Labcom/RelProj2/Relatorio.pdf 'Projeto de um Demodulador PWM', Pedro Yochinori Gushiken & José Verismar Júnior, 15 May 2015.",final,high,Documentos/Arquivo Elétrica/Labcom/montagem completa.psimsch,038d9432fbd4fc587d97cc1999f84b2beb045108
classwork/undergraduate/2015-1-communications-lab-ii/code/ponto.psimsch,"""ponto"" - small test circuit (purpose unknown)",Probably Pedro; unverified.,"A tiny schematic (4.7 KB) named ""ponto"" (""point"", perhaps operating point/Q-point). It is the first of three files saved on the afternoon of 2015-04-30, before ""linhadecarga"" (load line), so a transistor/diode bias exercise is plausible. Not confirmed.","Laboratório de Comunicações II (Prof. Antonio Luiz Campos, UFRN, 2015.1; work done in pairs per Labcom/Procedimentos.pdf) (by folder only).",test/scratch,low,Documentos/Arquivo Elétrica/Labcom/ponto.psimsch,32b5326d92c1a904d809716d001c627d8612f2e9
classwork/undergraduate/2015-1-communications-lab-ii/code/protoboard.psimsch,"""protoboard"" - large breadboard-oriented schematic (unidentified)",Probably Pedro (with partner); unverified.,"The largest Labcom schematic (102 KB), named ""protoboard"" (breadboard). It may be a circuit drawn to match a physical breadboard layout, possibly an early whole-system draft of the PWM demodulator (the Unit 2 project was set on 2015-04-17, and the first report figures date from 2015-05-03). Its contents cannot be verified.","Laboratório de Comunicações II (Prof. Antonio Luiz Campos, UFRN, 2015.1; work done in pairs per Labcom/Procedimentos.pdf); plausibly the Unit 2 PWM-demodulator project.",intermediate-version,low,Documentos/Arquivo Elétrica/Labcom/protoboard.psimsch,5b69c88631be1599c19983647dc818917c95ba8a
classwork/undergraduate/2015-1-communications-lab-ii/code/sampleandhold.psimsch,PWM demodulator - sample-and-hold stage (dropped),Pedro Gushiken with lab partner José Verismar Júnior (co-authors on RelProj2/Relatorio.tex).,"Sample-and-hold circuit: an op-amp buffer feeds an analog switch driven by a pulse source onto a hold capacitor, followed by an output buffer (Vin/Vout labels and a voltmeter). It implemented the ""amostragem com retenção"" step required by the assignment's block diagram. The final report says the monostable/clipper trick made S&H unnecessary, so it was left out of the assembly.","Laboratório de Comunicações II (Prof. Antonio Luiz Campos, UFRN, 2015.1; work done in pairs per Labcom/Procedimentos.pdf), Unit 2 project 'Demodulador PWM' (Labcom/Projeto_Unidade_02.pdf: indirect PWM demodulation PWM->PAM->sample&hold->low-pass). Report: Labcom/RelProj2/Relatorio.pdf 'Projeto de um Demodulador PWM', Pedro Yochinori Gushiken & José Verismar Júnior, 15 May 2015.",experiment,medium,Documentos/Arquivo Elétrica/Labcom/sampleandhold.psimsch,163ffee13078d5244ade293f0d27f0b67e4aa705
classwork/undergraduate/2015-1-communications-lab-ii/code/somador.psimsch,PWM demodulator - non-inverting summer,Pedro Gushiken with lab partner José Verismar Júnior (co-authors on RelProj2/Relatorio.tex).,"Non-inverting op-amp summer that adds the ramp and the monostable pulse: Vout = Vin1*R2/(R1+R2) + Vin2*R1/(R1+R2), with R1 = 1.2 kOhm and R2 = 10 kOhm. The result feeds the buffer and clipper.","Laboratório de Comunicações II (Prof. Antonio Luiz Campos, UFRN, 2015.1; work done in pairs per Labcom/Procedimentos.pdf), Unit 2 project 'Demodulador PWM' (Labcom/Projeto_Unidade_02.pdf: indirect PWM demodulation PWM->PAM->sample&hold->low-pass). Report: Labcom/RelProj2/Relatorio.pdf 'Projeto de um Demodulador PWM', Pedro Yochinori Gushiken & José Verismar Júnior, 15 May 2015.",final,high,Documentos/Arquivo Elétrica/Labcom/somador.psimsch,7ee24f2b6683305ec3cc28cb36854ad8d934a48b
classwork/undergraduate/2015-1-communications-lab-ii/reports/GeradorRampa.tex,,,,,latex,,Documentos/Arquivo Elétrica/Labcom/RelProj2/GeradorRampa.tex,ffade79aefa8f8f1cf39d23eb4f282c7e5ba8576
classwork/undergraduate/2015-1-communications-lab-ii/reports/MonoEstavel.tex,,,,,latex,,Documentos/Arquivo Elétrica/Labcom/RelProj2/MonoEstavel.tex,3c6b09045c6ab6236b456c0ad23b7c0c62d33a16
classwork/undergraduate/2015-1-communications-lab-ii/reports/Param.tex,,,,,latex,,Documentos/Arquivo Elétrica/Labcom/RelProj2/Param.tex,a48662cc9cdb713f0a952496ef30c0443d1fa926
classwork/undergraduate/2015-1-communications-lab-ii/reports/Parametros.txt,,,,,latex,,Documentos/Arquivo Elétrica/Labcom/RelProj2/Parametros.txt,1430f4b000b7361ffa9292cd7b157e8de3e4027a
classwork/undergraduate/2015-1-communications-lab-ii/reports/Relatorio.pdf,,,,,latex,,Documentos/Arquivo Elétrica/Labcom/RelProj2/Relatorio.pdf,f67c445a9e10aa08e092a42c36ba3be757b7ec54
classwork/undergraduate/2015-1-communications-lab-ii/reports/Relatorio.tex,,,,,latex,,Documentos/Arquivo Elétrica/Labcom/RelProj2/Relatorio.tex,9d0959e34f641464f921ad154608c831e9a2aa89
classwork/undergraduate/2015-1-communications-lab-ii/reports/Somador.tex,,,,,latex,,Documentos/Arquivo Elétrica/Labcom/RelProj2/Somador.tex,112260218b4d86d995868b83c06438d7e5ef6d8b
classwork/undergraduate/2015-1-communications-lab-ii/reports/pic/C.png,,,,,latex,,Documentos/Arquivo Elétrica/Labcom/RelProj2/pic/C.png,8454db763ba0643d1cc65628e1b9bf7c6f8cfc5b
classwork/undergraduate/2015-1-communications-lab-ii/reports/pic/CSIM.png,,,,,latex,,Documentos/Arquivo Elétrica/Labcom/RelProj2/pic/CSIM.png,d257c4b3cc0d32734db219f207be5ab3cf1c1c82
classwork/undergraduate/2015-1-communications-lab-ii/reports/pic/Ceifador.png,,,,,latex,,Documentos/Arquivo Elétrica/Labcom/RelProj2/pic/Ceifador.png,65baa6225ce941fc532d63e2c960f5fcc678287c
classwork/undergraduate/2015-1-communications-lab-ii/reports/pic/FPB.png,,,,,latex,,Documentos/Arquivo Elétrica/Labcom/RelProj2/pic/FPB.png,387632fb61c0328e2529878d862a9d8f3fc0081b
classwork/undergraduate/2015-1-communications-lab-ii/reports/pic/FPBSIM.png,,,,,latex,,Documentos/Arquivo Elétrica/Labcom/RelProj2/pic/FPBSIM.png,d549f84ef2e9b08ae9b2ac6b38b38050bad92794
classwork/undergraduate/2015-1-communications-lab-ii/reports/pic/GR.png,,,,,latex,,Documentos/Arquivo Elétrica/Labcom/RelProj2/pic/GR.png,3fd65d4374aeee6f276bed221090aeb63a7aea0c
classwork/undergraduate/2015-1-communications-lab-ii/reports/pic/GRSIM.png,,,,,latex,,Documentos/Arquivo Elétrica/Labcom/RelProj2/pic/GRSIM.png,a320b6882ec0afc4ada13981beda58319e682991
classwork/undergraduate/2015-1-communications-lab-ii/reports/pic/GeradorRampa.png,,,,,latex,,Documentos/Arquivo Elétrica/Labcom/RelProj2/pic/GeradorRampa.png,4a8ad961c5391d5848ddcea0436da7d6916bd7de
classwork/undergraduate/2015-1-communications-lab-ii/reports/pic/MC.png,,,,,latex,,Documentos/Arquivo Elétrica/Labcom/RelProj2/pic/MC.png,8178fc65797bb3293a83f33165d97b0f13d0a2d1
classwork/undergraduate/2015-1-communications-lab-ii/reports/pic/MCSIM.png,,,,,latex,,Documentos/Arquivo Elétrica/Labcom/RelProj2/pic/MCSIM.png,72679bad7c44e5cb3ae3a3b3de7f5cd8e0c4fe7e
classwork/undergraduate/2015-1-communications-lab-ii/reports/pic/MER.png,,,,,latex,,Documentos/Arquivo Elétrica/Labcom/RelProj2/pic/MER.png,21189a498c1e4efc457130b8cc7c9c6357afc184
classwork/undergraduate/2015-1-communications-lab-ii/reports/pic/MERSIM.png,,,,,latex,,Documentos/Arquivo Elétrica/Labcom/RelProj2/pic/MERSIM.png,c952c6cb6e95a445869567d77d063fc0d071bed7
classwork/undergraduate/2015-1-communications-lab-ii/reports/pic/MONTAGEM.png,,,,,latex,,Documentos/Arquivo Elétrica/Labcom/RelProj2/pic/MONTAGEM.png,dfdc896c444447bc648e0b249ef6b7eb9cb838e7
classwork/undergraduate/2015-1-communications-lab-ii/reports/pic/MonoEcRBordaDireita.png,,,,,latex,,Documentos/Arquivo Elétrica/Labcom/RelProj2/pic/MonoEcRBordaDireita.png,5535beabc25cc5eae01d7402a0f2e2efced19a66
classwork/undergraduate/2015-1-communications-lab-ii/reports/pic/MonoEcRBordaEsquerda.png,,,,,latex,,Documentos/Arquivo Elétrica/Labcom/RelProj2/pic/MonoEcRBordaEsquerda.png,e38fa8f4ac41faac24098b4348bfdcf4a0d74e74
classwork/undergraduate/2015-1-communications-lab-ii/reports/pic/PWM.png,,,,,latex,,Documentos/Arquivo Elétrica/Labcom/RelProj2/pic/PWM.png,746693aafce02cddefa9ad31dc6129d4307b22f6
classwork/undergraduate/2015-1-communications-lab-ii/reports/pic/PWMSIM.png,,,,,latex,,Documentos/Arquivo Elétrica/Labcom/RelProj2/pic/PWMSIM.png,2ebbf11a3a71b131c05ea283db06707999ae9d82
classwork/undergraduate/2015-1-communications-lab-ii/reports/pic/S.png,,,,,latex,,Documentos/Arquivo Elétrica/Labcom/RelProj2/pic/S.png,876f676b0231ba03b5b64781a6984c225ccccead
classwork/undergraduate/2015-1-communications-lab-ii/reports/pic/SOvsSR.png,,,,,latex,,Documentos/Arquivo Elétrica/Labcom/RelProj2/pic/SOvsSR.png,07f86ad7747dbf7be59544c3ce1f08b2ecffda89
classwork/undergraduate/2015-1-communications-lab-ii/reports/pic/SPWM.png,,,,,latex,,Documentos/Arquivo Elétrica/Labcom/RelProj2/pic/SPWM.png,5af4d4b5979b177383be328c3c52bdbb35e52283
classwork/undergraduate/2015-1-communications-lab-ii/reports/pic/SSIM.png,,,,,latex,,Documentos/Arquivo Elétrica/Labcom/RelProj2/pic/SSIM.png,49c14b31a4dc75e4b14367ae4a465e2e44e71faa
classwork/undergraduate/2015-1-communications-lab-ii/reports/pic/SSom.png,,,,,latex,,Documentos/Arquivo Elétrica/Labcom/RelProj2/pic/SSom.png,3fce075992c95fc0da27dee02e600904a36ac07a
classwork/undergraduate/2015-1-communications-lab-ii/reports/pic/SampleAndHold.png,,,,,latex,,Documentos/Arquivo Elétrica/Labcom/RelProj2/pic/SampleAndHold.png,e1ab28631689f7af4e4077cb14c64e37ab493823
classwork/undergraduate/2015-1-communications-lab-ii/reports/pic/SampleAndHoldElaborado.png,,,,,latex,,Documentos/Arquivo Elétrica/Labcom/RelProj2/pic/SampleAndHoldElaborado.png,c7e6a7f523d1cd7dc91f1d1186eb77a1a95b7b15
classwork/undergraduate/2015-1-communications-lab-ii/reports/pic/SomAnalog.png,,,,,latex,,Documentos/Arquivo Elétrica/Labcom/RelProj2/pic/SomAnalog.png,8ee9a13b44b285350c2bf0021a2e935e37c2e6b7
classwork/undergraduate/2015-1-electric-drives/code/Retificador - Teste GA/Subcircuit - Comparador.psimsch,Grid-angle test package - Comparator subcircuit (clean copy),Pedro (his PSIM 9.0.3.400.1 install; work-in-progress naming style; teammates not identifiable from the file).,"Neatly renamed copy of the synchronising-comparator subcircuit used by the rectifier firing logic. Its size is almost the same as subcircuitocomparadorsimples (7783 vs 7765 bytes), so it is essentially that ""simple"" comparator. It is part of a self-contained ""Retificador - Teste GA"" package made after the final version.","Técnicas de Acionamento de Máquinas Elétricas (Prof. Luciano Sales Barros, UFRN, 2015.1), Unit 1 simulation project ('trabalho'): DC motor drive with PID/cascade speed control fed by a six-pulse thyristor rectifier from a 380 V grid (Técnicas de Acionamento de Máquinas Elétricas/lista_01.pdf, saved 2015-03-05, Q7-Q11). This file is part of the home-made thyristor firing logic (synchronising compar",subcircuit,medium,Documentos/Arquivo Elétrica/PSIM - Simulações.rar!/PSIM - Simulações/Retificador - Teste GA/Subcircuit - Comparador.psimsch,cb319dfc9cb88b482715c346a78a5d7983c29b02
classwork/undergraduate/2015-1-electric-drives/code/Retificador - Teste GA/Subcircuit - Gerador Angulo.psimsch,Grid-angle test package - Firing-angle generator subcircuit,Pedro (his PSIM 9.0.3.400.1 install; work-in-progress naming style; teammates not identifiable from the file).,"Renamed copy of the firing-angle (""Gerador Ângulo"") subcircuit for the grid-angle-synchronised rectifier. It converts the controller output into thyristor firing instants referenced to the measured grid angle. It was saved together with the package's main schematic and is the item being tested (""Teste GA"" = test of the angle generator).","Técnicas de Acionamento de Máquinas Elétricas (Prof. Luciano Sales Barros, UFRN, 2015.1), Unit 1 simulation project ('trabalho'): DC motor drive with PID/cascade speed control fed by a six-pulse thyristor rectifier from a 380 V grid (Técnicas de Acionamento de Máquinas Elétricas/lista_01.pdf, saved 2015-03-05, Q7-Q11). This file is part of the home-made thyristor firing logic (synchronising compar",subcircuit,medium,Documentos/Arquivo Elétrica/PSIM - Simulações.rar!/PSIM - Simulações/Retificador - Teste GA/Subcircuit - Gerador Angulo.psimsch,24be1b380fc01c12b79dbbc0bd3a980f4e0364f7
classwork/undergraduate/2015-1-electric-drives/code/Retificador - Teste GA/Subcircuit - Lógica Retificador.psimsch,Grid-angle test package - Rectifier firing-logic subcircuit,Pedro (his PSIM 9.0.3.400.1 install; work-in-progress naming style; teammates not identifiable from the file).,"Renamed copy of the thyristor pulse-distribution logic (""Lógica Retificador"") that turns comparator and angle-generator outputs into the six gate signals.","Técnicas de Acionamento de Máquinas Elétricas (Prof. Luciano Sales Barros, UFRN, 2015.1), Unit 1 simulation project ('trabalho'): DC motor drive with PID/cascade speed control fed by a six-pulse thyristor rectifier from a 380 V grid (Técnicas de Acionamento de Máquinas Elétricas/lista_01.pdf, saved 2015-03-05, Q7-Q11). This file is part of the home-made thyristor firing logic (synchronising compar",subcircuit,medium,Documentos/Arquivo Elétrica/PSIM - Simulações.rar!/PSIM - Simulações/Retificador - Teste GA/Subcircuit - Lógica Retificador.psimsch,a73959ab86414a6787270c5de4174232d7205c73
classwork/undergraduate/2015-1-electric-drives/code/Retificador - Teste GA/retificador-comangulorede.psimsch,Grid-angle test package - rectifier with grid-angle synchronisation (main),Pedro (his PSIM 9.0.3.400.1 install; work-in-progress naming style; teammates not identifiable from the file).,"Main schematic of the self-contained ""Retificador - Teste GA"" package: a six-pulse thyristor rectifier whose firing is referenced to the measured grid angle (""comangulorede""), using the three renamed subcircuits in the same folder. It was made the day after the ""Ver. Final"" files, apparently to keep testing or sharing the angle generator separately from the motor-drive model.","Técnicas de Acionamento de Máquinas Elétricas (Prof. Luciano Sales Barros, UFRN, 2015.1), Unit 1 simulation project ('trabalho'): DC motor drive with PID/cascade speed control fed by a six-pulse thyristor rectifier from a 380 V grid (Técnicas de Acionamento de Máquinas Elétricas/lista_01.pdf, saved 2015-03-05, Q7-Q11). This file is part of the home-made thyristor firing logic (synchronising compar",test/scratch,medium,Documentos/Arquivo Elétrica/PSIM - Simulações.rar!/PSIM - Simulações/Retificador - Teste GA/retificador-comangulorede.psimsch,06e0f804217c3100a01c487db20c35e4796187ef
classwork/undergraduate/2015-1-electric-drives/code/Trabalho - Ver. Final/trabalhoacionamentos-presentation-comangulodarede.psimsch,FINAL - DC drive presentation model with grid-angle synchronisation,Pedro (his PSIM 9.0.3.400.1 install; work-in-progress naming style; teammates not identifiable from the file).,"Presentation version of the Unit 1 project: the DC-motor drive with controller and thyristor rectifier, where the firing angle is synchronised to the measured grid angle. It is the grid-angle counterpart of ""trabalhoacionamentos-presentation"" (12 Mar) and was saved minutes before the angle-generator ""Auto"" subcircuits.","Técnicas de Acionamento de Máquinas Elétricas (Prof. Luciano Sales Barros, UFRN, 2015.1), Unit 1 simulation project ('trabalho'): DC motor drive with PID/cascade speed control fed by a six-pulse thyristor rectifier from a 380 V grid (Técnicas de Acionamento de Máquinas Elétricas/lista_01.pdf, saved 2015-03-05, Q7-Q11).",final,medium,Documentos/Arquivo Elétrica/PSIM - Simulações.rar!/PSIM - Simulações/Trabalho - Ver. Final/trabalhoacionamentos-presentation-comangulodarede.psimsch,7ba30f02619d43e91f6d431e9c4a5a4c76671970
classwork/undergraduate/2015-1-electric-drives/code/Trabalho - Ver. Final/trabalhoacionamentos-presentation.psimsch,"FINAL (v1) - DC drive presentation model, without grid angle",Pedro (his PSIM 9.0.3.400.1 install; work-in-progress naming style; teammates not identifiable from the file).,"First ""final"" presentation model of the Unit 1 project: the DC-machine speed-control loop fed by the subcircuit-based six-pulse thyristor rectifier, with firing referenced internally (no grid-angle measurement). It was built the same evening as the ""semangulorede"" rectifier.","Técnicas de Acionamento de Máquinas Elétricas (Prof. Luciano Sales Barros, UFRN, 2015.1), Unit 1 simulation project ('trabalho'): DC motor drive with PID/cascade speed control fed by a six-pulse thyristor rectifier from a 380 V grid (Técnicas de Acionamento de Máquinas Elétricas/lista_01.pdf, saved 2015-03-05, Q7-Q11).",final,medium,Documentos/Arquivo Elétrica/PSIM - Simulações.rar!/PSIM - Simulações/Trabalho - Ver. Final/trabalhoacionamentos-presentation.psimsch,fd62f533bda66aac4407a62ba046b9246d797d6d
classwork/undergraduate/2015-1-electric-drives/code/Trabalho - Ver. Final/trabalhoacionamentos-retificador-comangulorede.psimsch,FINAL - six-pulse thyristor rectifier with grid-angle synchronisation,Pedro (his PSIM 9.0.3.400.1 install; work-in-progress naming style; teammates not identifiable from the file).,"Final rectifier-only model: a six-pulse thyristor bridge whose firing-angle generator is locked to the measured grid angle (likely via an arctangent of the measured voltages; see ""TG""). It was saved two minutes after subcircuitogeradordeanguloAuto2 and subcircuitologicaretificadornosafe, which it most likely uses.","Técnicas de Acionamento de Máquinas Elétricas (Prof. Luciano Sales Barros, UFRN, 2015.1), Unit 1 simulation project ('trabalho'): DC motor drive with PID/cascade speed control fed by a six-pulse thyristor rectifier from a 380 V grid (Técnicas de Acionamento de Máquinas Elétricas/lista_01.pdf, saved 2015-03-05, Q7-Q11). This file is part of the home-made thyristor firing logic (synchronising compar",final,medium,Documentos/Arquivo Elétrica/PSIM - Simulações.rar!/PSIM - Simulações/Trabalho - Ver. Final/trabalhoacionamentos-retificador-comangulorede.psimsch,2c998e8e576c2985d5cdf6ffb385c1ccc336f84d
classwork/undergraduate/2015-1-electric-drives/code/Trabalho - Ver. Final/trabalhoacionamentos-retificador-semangulorede.psimsch,FINAL (v1) - six-pulse thyristor rectifier without grid-angle synchronisation,Pedro (his PSIM 9.0.3.400.1 install; work-in-progress naming style; teammates not identifiable from the file).,"First final rectifier model: the controlled six-pulse thyristor rectifier with the home-made firing logic, but without a grid-angle measurement. It was saved four minutes after subcircuitologicaretificadorFUNCIONERETIFICADORPONTODEEXCLAMACAO (""work, rectifier, exclamation mark!""), the logic version that finally worked.","Técnicas de Acionamento de Máquinas Elétricas (Prof. Luciano Sales Barros, UFRN, 2015.1), Unit 1 simulation project ('trabalho'): DC motor drive with PID/cascade speed control fed by a six-pulse thyristor rectifier from a 380 V grid (Técnicas de Acionamento de Máquinas Elétricas/lista_01.pdf, saved 2015-03-05, Q7-Q11). This file is part of the home-made thyristor firing logic (synchronising compar",final,medium,Documentos/Arquivo Elétrica/PSIM - Simulações.rar!/PSIM - Simulações/Trabalho - Ver. Final/trabalhoacionamentos-retificador-semangulorede.psimsch,3ab489f030ef887c823aeb0f9c23d683021bcfe1
classwork/undergraduate/2015-1-electric-drives/code/Trabalho_old_Artifício.psimsch,"Unit 3 - ""Trabalho_old_Artifício"": old model plus a workaround (first save)",Pedro (his PSIM 9.0.3.400.1 install; work-in-progress naming style; teammates not identifiable from the file).,"Trabalho_old with an ""artifício"" (trick/workaround) added (+5 KB), the start of the line that became the delivered Unit 3 model. This is the first save, made in the parent ""PSIM - Simulações"" folder.","Técnicas de Acionamento de Máquinas Elétricas (Prof. Luciano Sales Barros, 2015.1), Unit 3 simulation project: induction-machine control by slip with stator-flux regulation ('controle por escorregamento com fluxo estatórico'). No 2015 handout survives; the matching assignment text is the 2012 Acionamento/Listas de Exercicios de Acionamentos/lista_04.pdf (Q2/Q8) by the same professor.",intermediate-version,medium,Documentos/Arquivo Elétrica/PSIM - Simulações.rar!/PSIM - Simulações/Trabalho_old_Artifício.psimsch,5a8c6318cede9ec0eba41ad5d344de504fdd1eeb
classwork/undergraduate/2015-1-electric-drives/code/Unidade 3/Controle através de Fluxo Estatórico e Escorregamento - Corrigido.psimsch,"Unit 3 - stator-flux & slip control, ""Corrigido"" (corrected)",Pedro (his PSIM 9.0.3.400.1 install; work-in-progress naming style; teammates not identifiable from the file).,"Induction-machine drive controlled by slip frequency with stator-flux regulation. It is the corrected version of the ""new-paradigm"" model of the night before, growing from 67 KB to 88 KB as the control blocks were added.","Técnicas de Acionamento de Máquinas Elétricas (Prof. Luciano Sales Barros, 2015.1), Unit 3 simulation project: induction-machine control by slip with stator-flux regulation ('controle por escorregamento com fluxo estatórico'). No 2015 handout survives; the matching assignment text is the 2012 Acionamento/Listas de Exercicios de Acionamentos/lista_04.pdf (Q2/Q8) by the same professor.",intermediate-version,medium,Documentos/Arquivo Elétrica/PSIM - Simulações.rar!/PSIM - Simulações/Unidade 3/Controle através de Fluxo Estatórico e Escorregamento - Corrigido.psimsch,120e679fe9eb3320891767c444303a02459ae240
classwork/undergraduate/2015-1-electric-drives/code/Unidade 3/Controle através de Fluxo Estatórico e Escorregamento - Organizado - TryAgain.psimsch,"Unit 3 - stator-flux & slip control, ""Organizado - TryAgain""",Pedro (his PSIM 9.0.3.400.1 install; work-in-progress naming style; teammates not identifiable from the file).,"Rearranged (""organizado"") copy of the stator-flux/slip control model with an extra attempt (""TryAgain"", +10 KB over ""Organizado""). It is the last file of the ""Controle..."" line; after it, work moved to the Trabalho_old_Artifício line.","Técnicas de Acionamento de Máquinas Elétricas (Prof. Luciano Sales Barros, 2015.1), Unit 3 simulation project: induction-machine control by slip with stator-flux regulation ('controle por escorregamento com fluxo estatórico'). No 2015 handout survives; the matching assignment text is the 2012 Acionamento/Listas de Exercicios de Acionamentos/lista_04.pdf (Q2/Q8) by the same professor.",failed,medium,Documentos/Arquivo Elétrica/PSIM - Simulações.rar!/PSIM - Simulações/Unidade 3/Controle através de Fluxo Estatórico e Escorregamento - Organizado - TryAgain.psimsch,ca8958c5262a2a67214dd7dfd4e9cc71824adae8
classwork/undergraduate/2015-1-electric-drives/code/Unidade 3/Controle através de Fluxo Estatórico e Escorregamento - Organizado.psimsch,"Unit 3 - stator-flux & slip control, ""Organizado"" (cleaned-up layout)",Pedro (his PSIM 9.0.3.400.1 install; work-in-progress naming style; teammates not identifiable from the file).,"Cleaned-up and rearranged version of the 95 KB stator-flux/slip control model, shrunk to 81 KB, probably by tidying or moving blocks into subcircuits.","Técnicas de Acionamento de Máquinas Elétricas (Prof. Luciano Sales Barros, 2015.1), Unit 3 simulation project: induction-machine control by slip with stator-flux regulation ('controle por escorregamento com fluxo estatórico'). No 2015 handout survives; the matching assignment text is the 2012 Acionamento/Listas de Exercicios de Acionamentos/lista_04.pdf (Q2/Q8) by the same professor.",intermediate-version,medium,Documentos/Arquivo Elétrica/PSIM - Simulações.rar!/PSIM - Simulações/Unidade 3/Controle através de Fluxo Estatórico e Escorregamento - Organizado.psimsch,7312952bff78457170ae3ae053a424b97738439b
classwork/undergraduate/2015-1-electric-drives/code/Unidade 3/Controle através de Fluxo Estatórico e Escorregamento.psimsch,"Unit 3 - stator-flux & slip control of the induction machine (full model, simulated)",Pedro (his PSIM 9.0.3.400.1 install; work-in-progress naming style; teammates not identifiable from the file).,"Most complete model in the ""Controle..."" line: an induction machine fed through a controlled source/inverter (vs1-3, Vin1-3, vs*controle). Stator and rotor flux d/q components are estimated in the stator frame (LSD_S, LSQ_S, LRD_S, LRQ_S, |lambda_s| as modlambdas). A torque reference (CeRef) and a slip/rotor angle (angulor, intwarref) are computed, and speed (WRPM) and torque are monitored. Its SI","Técnicas de Acionamento de Máquinas Elétricas (Prof. Luciano Sales Barros, 2015.1), Unit 3 simulation project: induction-machine control by slip with stator-flux regulation ('controle por escorregamento com fluxo estatórico'). No 2015 handout survives; the matching assignment text is the 2012 Acionamento/Listas de Exercicios de Acionamentos/lista_04.pdf (Q2/Q8) by the same professor.",intermediate-version,medium,Documentos/Arquivo Elétrica/PSIM - Simulações.rar!/PSIM - Simulações/Unidade 3/Controle através de Fluxo Estatórico e Escorregamento.psimsch,b49e20b18d1e75f69345d543432ef56f03348b98
classwork/undergraduate/2015-1-electric-drives/code/Unidade 3/Controle através de Fluxo Estatórico e Escorregamento.smv,Unit 3 - simulation results for the stator-flux & slip control model,Pedro (generated by his run of the schematic).,"SIMVIEW waveform output (3.2 MB) of ""Controle através de Fluxo Estatórico e Escorregamento.psimsch"". Probes: stator voltages vs1-3 and currents is1-3, speed WRPM, Torque, vret1-3, Vin1-3, control voltages vs1-3controle, Asen1/2, x/y, eds/eqs, intwarref, stator/rotor flux d-q (LSD_S, LSQ_S, LRD_S, LRQ_S), CeRef, angulor and modlambdas. It is the only saved result of the Unit 3 work (absent from the","Técnicas de Acionamento de Máquinas Elétricas (Prof. Luciano Sales Barros, 2015.1), Unit 3 simulation project: induction-machine control by slip with stator-flux regulation ('controle por escorregamento com fluxo estatórico'). No 2015 handout survives; the matching assignment text is the 2012 Acionamento/Listas de Exercicios de Acionamentos/lista_04.pdf (Q2/Q8) by the same professor.",results-data,high,Documentos/Arquivo Elétrica/PSIM - Simulações.rar!/PSIM - Simulações/Unidade 3/Controle através de Fluxo Estatórico e Escorregamento.smv,56bd0e57875cb5cd73e4f0ac3ceaf904ca5ca496
classwork/undergraduate/2015-1-electric-drives/code/Unidade 3/MudANçADEPARADIGMA.psimsch,"Unit 3 - ""MudANçADEPARADIGMA"" (change of paradigm)",Pedro (his PSIM 9.0.3.400.1 install; work-in-progress naming style; teammates not identifiable from the file).,"A restructured version of SimulaçãoBase saved 52 minutes later. The name (""paradigm change"") marks a switch in control approach or model structure. It starts the ""Controle através de Fluxo Estatórico e Escorregamento"" line.","Técnicas de Acionamento de Máquinas Elétricas (Prof. Luciano Sales Barros, 2015.1), Unit 3 simulation project: induction-machine control by slip with stator-flux regulation ('controle por escorregamento com fluxo estatórico'). No 2015 handout survives; the matching assignment text is the 2012 Acionamento/Listas de Exercicios de Acionamentos/lista_04.pdf (Q2/Q8) by the same professor.",intermediate-version,medium,Documentos/Arquivo Elétrica/PSIM - Simulações.rar!/PSIM - Simulações/Unidade 3/MudANçADEPARADIGMA.psimsch,6ddf121cdb76ea817ca63f103a9af7aa3a83add2
classwork/undergraduate/2015-1-electric-drives/code/Unidade 3/SimulaçãoBase.psimsch,"Unit 3 - ""SimulaçãoBase"" (base simulation)",Pedro (his PSIM 9.0.3.400.1 install; work-in-progress naming style; teammates not identifiable from the file).,"Base simulation for Unit 3: the induction machine with its supply and measurements, on which the stator-flux/slip controller was then built. It is the first large file in the Unidade 3 folder.","Técnicas de Acionamento de Máquinas Elétricas (Prof. Luciano Sales Barros, 2015.1), Unit 3 simulation project: induction-machine control by slip with stator-flux regulation ('controle por escorregamento com fluxo estatórico'). No 2015 handout survives; the matching assignment text is the 2012 Acionamento/Listas de Exercicios de Acionamentos/lista_04.pdf (Q2/Q8) by the same professor.",intermediate-version,medium,Documentos/Arquivo Elétrica/PSIM - Simulações.rar!/PSIM - Simulações/Unidade 3/SimulaçãoBase.psimsch,d7cef344e3c88c14142020aaf4311bc61d9a6829
classwork/undergraduate/2015-1-electric-drives/code/Unidade 3/Trabalho_old_Artifício.psimsch,Unit 3 - Trabalho_old_Artifício (moved into Unidade 3),Pedro (his PSIM 9.0.3.400.1 install; work-in-progress naming style; teammates not identifiable from the file).,"Trabalho_old_Artifício re-saved inside the Unidade 3 folder about half an hour after the first save, with small edits (61291 -> 60817 B). It is the immediate parent of the tested versions.","Técnicas de Acionamento de Máquinas Elétricas (Prof. Luciano Sales Barros, 2015.1), Unit 3 simulation project: induction-machine control by slip with stator-flux regulation ('controle por escorregamento com fluxo estatórico'). No 2015 handout survives; the matching assignment text is the 2012 Acionamento/Listas de Exercicios de Acionamentos/lista_04.pdf (Q2/Q8) by the same professor.",intermediate-version,medium,Documentos/Arquivo Elétrica/PSIM - Simulações.rar!/PSIM - Simulações/Unidade 3/Trabalho_old_Artifício.psimsch,38bb363ed9947759a62053355f47706b1a1150d9
classwork/undergraduate/2015-1-electric-drives/code/Unidade 3/Trabalho_old_Artifício_Testado.ini,PSIM per-schematic settings file (window/simulation settings) for the schematic of the same name,same as the simulations in this folder,,companion file of the simulations in this folder,companion,high,Documentos/Arquivo Elétrica/PSIM - Simulações/Unidade 3/Trabalho_old_Artifício_Testado.ini,d4aeb11b35c0d0f2524419e50624ccba3d9971a2
classwork/undergraduate/2015-1-electric-drives/code/Unidade 3/Trabalho_old_Artifício_Testado.psimsch,Unit 3 - Trabalho_old_Artifício_Testado (tested),Pedro (his PSIM 9.0.3.400.1 install; work-in-progress naming style; teammates not identifiable from the file).,"The workaround model after testing. Its SIMVIEW settings file (Trabalho_old_Artifício_Testado.ini, saved 22:21) plots rotor speed ""RPM"" over 0-60 s on a -70...170 axis, i.e. a long speed-response run that seems to include negative/reversing speed.","Técnicas de Acionamento de Máquinas Elétricas (Prof. Luciano Sales Barros, 2015.1), Unit 3 simulation project: induction-machine control by slip with stator-flux regulation ('controle por escorregamento com fluxo estatórico'). No 2015 handout survives; the matching assignment text is the 2012 Acionamento/Listas de Exercicios de Acionamentos/lista_04.pdf (Q2/Q8) by the same professor.",intermediate-version,medium,Documentos/Arquivo Elétrica/PSIM - Simulações.rar!/PSIM - Simulações/Unidade 3/Trabalho_old_Artifício_Testado.psimsch,415cf36510e50f45bf2d55b33e7a1a66f52facb5
classwork/undergraduate/2015-1-electric-drives/code/Unidade 3/Trabalho_old_Artifício_Testado_Final.psimsch,"FINAL - Unit 3 induction-machine slip/stator-flux control (""Testado_Final"")",Pedro (his PSIM 9.0.3.400.1 install; work-in-progress naming style; teammates not identifiable from the file). Group members unknown.,"Last and explicitly ""Final"" Unit 3 model: the stator-flux/slip-controlled induction-machine drive built on Trabalho_old with the workaround and tested. It is most likely the delivered Unit 3 simulation.","Técnicas de Acionamento de Máquinas Elétricas (Prof. Luciano Sales Barros, 2015.1), Unit 3 simulation project: induction-machine control by slip with stator-flux regulation ('controle por escorregamento com fluxo estatórico'). No 2015 handout survives; the matching assignment text is the 2012 Acionamento/Listas de Exercicios de Acionamentos/lista_04.pdf (Q2/Q8) by the same professor.",final,medium,Documentos/Arquivo Elétrica/PSIM - Simulações.rar!/PSIM - Simulações/Unidade 3/Trabalho_old_Artifício_Testado_Final.psimsch,4de96c0664acf3d48984151aea5d12e5ba717d2d
classwork/undergraduate/2015-1-electric-drives/code/Unidade 3/Trabalho_old_Artifício_Testado_abestado.psimsch,Unit 3 - Trabalho_old_Artifício_Testado_abestado (silly/dazed variant),Pedro (his PSIM 9.0.3.400.1 install; work-in-progress naming style; teammates not identifiable from the file).,"Late-night (00:19) variant of the tested model. ""abestado"" is Northeastern-Brazilian slang for ""silly/dumb"", so probably a tired, silly experiment or quick fix. It is a few bytes smaller than ""_Final"" (58397 vs 58492), which followed 12 hours later.","Técnicas de Acionamento de Máquinas Elétricas (Prof. Luciano Sales Barros, 2015.1), Unit 3 simulation project: induction-machine control by slip with stator-flux regulation ('controle por escorregamento com fluxo estatórico'). No 2015 handout survives; the matching assignment text is the 2012 Acionamento/Listas de Exercicios de Acionamentos/lista_04.pdf (Q2/Q8) by the same professor.",experiment,medium,Documentos/Arquivo Elétrica/PSIM - Simulações.rar!/PSIM - Simulações/Unidade 3/Trabalho_old_Artifício_Testado_abestado.psimsch,f10c81eb6a43e4fb0070d6d987c4f570d71b793e
classwork/undergraduate/2015-1-electric-drives/code/Unidade 3/para-untitled1.txt,PSIM parameter file (variable definitions loaded by a Parameter File element in the schematic),same as the simulations in this folder,,companion file of the simulations in this folder,companion,high,Documentos/Arquivo Elétrica/PSIM - Simulações/Unidade 3/para-untitled1.txt,890fb41eab593dfe43b0e4e0091a5a998bee7576
classwork/undergraduate/2015-1-electric-drives/code/Unidade 3/untitled1.psimsch,"Unit 3 - untitled1 (tiny scratch, parameter-file test)",Pedro (his PSIM 9.0.3.400.1 install; work-in-progress naming style; teammates not identifiable from the file).,"Tiny scratch schematic (4.8 KB) saved early on 27 May. The folder also holds para-untitled1.txt, a PSIM parameter file defining the default PSIM induction-machine data (Rs=0.294, Rr=0.156, Lls=1.39 mH, Llr=0.74 mH, Lm=41 mH, J=0.4) plus sigma, tau_s and tau_r formulas. That points to a quick test of stator-flux model constants, but the text file is dated a day later (2015-05-28 08:10).","Técnicas de Acionamento de Máquinas Elétricas (Prof. Luciano Sales Barros, 2015.1), Unit 3 simulation project: induction-machine control by slip with stator-flux regulation ('controle por escorregamento com fluxo estatórico'). No 2015 handout survives; the matching assignment text is the 2012 Acionamento/Listas de Exercicios de Acionamentos/lista_04.pdf (Q2/Q8) by the same professor.",test/scratch,low,Documentos/Arquivo Elétrica/PSIM - Simulações.rar!/PSIM - Simulações/Unidade 3/untitled1.psimsch,0968f8f4fe1773dc9eb60c78f97a07cb6a6b5437
classwork/undergraduate/2015-1-electric-drives/code/escorregamento_estatórico (1).psimsch,Unit 3 - escorregamento_estatórico (1): second copy of the stator-slip model,Pedro or a teammate (Pedro's PSIM tag 9.0.3.400.1 - last saved on his install).,"A second copy of the ""escorregamento estatórico"" (stator-flux slip control) model. The ""(1)"" suffix is the duplicate name a browser or e-mail download gives, so it was likely exchanged with a teammate. It is 4 KB smaller than the 26 May original and sits in the parent folder.","Técnicas de Acionamento de Máquinas Elétricas (Prof. Luciano Sales Barros, 2015.1), Unit 3 simulation project: induction-machine control by slip with stator-flux regulation ('controle por escorregamento com fluxo estatórico'). No 2015 handout survives; the matching assignment text is the 2012 Acionamento/Listas de Exercicios de Acionamentos/lista_04.pdf (Q2/Q8) by the same professor.",intermediate-version,low,Documentos/Arquivo Elétrica/PSIM - Simulações.rar!/PSIM - Simulações/escorregamento_estatórico (1).psimsch,4f4d737a7c2d57d8abac3661f8be8c9a712fea33
classwork/undergraduate/2015-1-electric-drives/code/escorregamento_estatórico.psimsch,Unit 3 - escorregamento_estatórico: first stator-flux slip-control model,Pedro (his PSIM 9.0.3.400.1 install; work-in-progress naming style; teammates not identifiable from the file).,"First Unit 3 model: induction-machine slip control with stator flux. It was saved 48 minutes after Arquivo Elétrica/parametros.txt (2015-05-26 19:03), a PSIM parameter file with Rs=Rr=1.793, Lls=1.39 mH, Llr=0.74 mH, Lm=0.044, Jm=0.0267, Fm=0.001 and sigma/tau_s formulas, which it probably loads. The same evening Pedro opened the 2012 ""Quadratura_16mod"" control example (its .smv was modified at 20","Técnicas de Acionamento de Máquinas Elétricas (Prof. Luciano Sales Barros, 2015.1), Unit 3 simulation project: induction-machine control by slip with stator-flux regulation ('controle por escorregamento com fluxo estatórico'). No 2015 handout survives; the matching assignment text is the 2012 Acionamento/Listas de Exercicios de Acionamentos/lista_04.pdf (Q2/Q8) by the same professor.",intermediate-version,medium,Documentos/Arquivo Elétrica/PSIM - Simulações.rar!/PSIM - Simulações/escorregamento_estatórico.psimsch,75ba861732151c868379950c524d769b8f586f0b
classwork/undergraduate/2015-1-electric-drives/code/experiment(failed).psimsch,"""experiment(failed)"" - failed firing-logic experiment",Pedro (his PSIM 9.0.3.400.1 install; work-in-progress naming style; teammates not identifiable from the file).,"A schematic the author himself labelled a failed experiment. It was saved late on 11 Mar, between the comparator that ""had to work"" (14:19) and the first angle-generator subcircuit (12 Mar 07:10), so it was most likely an alternative firing/synchronisation scheme for the thyristor rectifier.","Técnicas de Acionamento de Máquinas Elétricas (Prof. Luciano Sales Barros, UFRN, 2015.1), Unit 1 simulation project ('trabalho'): DC motor drive with PID/cascade speed control fed by a six-pulse thyristor rectifier from a 380 V grid (Técnicas de Acionamento de Máquinas Elétricas/lista_01.pdf, saved 2015-03-05, Q7-Q11). This file is part of the home-made thyristor firing logic (synchronising compar",failed,medium,Documentos/Arquivo Elétrica/PSIM - Simulações.rar!/PSIM - Simulações/experiment(failed).psimsch,825cabeb38fd7667d7378cbaa5b56715adf362f4
classwork/undergraduate/2015-1-electric-drives/code/logicaretificadorwithmathtest.psimsch,Firing logic using math blocks - test,Pedro (his PSIM 9.0.3.400.1 install; work-in-progress naming style; teammates not identifiable from the file).,"Test of the rectifier firing logic built with PSIM math/function blocks instead of discrete comparators and gates, following the ""...comparadorMath"" experiment that morning. It was saved before the logic version that finally worked (16:55).","Técnicas de Acionamento de Máquinas Elétricas (Prof. Luciano Sales Barros, UFRN, 2015.1), Unit 1 simulation project ('trabalho'): DC motor drive with PID/cascade speed control fed by a six-pulse thyristor rectifier from a 380 V grid (Técnicas de Acionamento de Máquinas Elétricas/lista_01.pdf, saved 2015-03-05, Q7-Q11). This file is part of the home-made thyristor firing logic (synchronising compar",test/scratch,medium,Documentos/Arquivo Elétrica/PSIM - Simulações.rar!/PSIM - Simulações/logicaretificadorwithmathtest.psimsch,f4c64ae469bcdbd52aa3f3da2c7d617fc1353abc
classwork/undergraduate/2015-1-electric-drives/code/subcircuitocomparador.psimsch,Comparator subcircuit - first version,Pedro (his PSIM 9.0.3.400.1 install; work-in-progress naming style; teammates not identifiable from the file).,First synchronising-comparator subcircuit: it compares grid line voltages to find the natural commutation instants that time thyristor firing. It was created the evening the firing logic was being split into subcircuits.,"Técnicas de Acionamento de Máquinas Elétricas (Prof. Luciano Sales Barros, UFRN, 2015.1), Unit 1 simulation project ('trabalho'): DC motor drive with PID/cascade speed control fed by a six-pulse thyristor rectifier from a 380 V grid (Técnicas de Acionamento de Máquinas Elétricas/lista_01.pdf, saved 2015-03-05, Q7-Q11). This file is part of the home-made thyristor firing logic (synchronising compar",subcircuit,medium,Documentos/Arquivo Elétrica/PSIM - Simulações.rar!/PSIM - Simulações/subcircuitocomparador.psimsch,5616d96ce5c7750c36e292ff434778602f71d958
classwork/undergraduate/2015-1-electric-drives/code/subcircuitocomparadorFUNCIONERETIFICADORFUNCIONE.psimsch,"Comparator subcircuit - ""FUNCIONE, RETIFICADOR, FUNCIONE!""",Pedro (his PSIM 9.0.3.400.1 install; work-in-progress naming style; teammates not identifiable from the file).,"Reworked, much smaller comparator subcircuit (13.5 -> 8.7 KB). Its name is a plea: ""work, rectifier, work!"", showing it was made while trying to get the thyristor bridge to fire correctly.","Técnicas de Acionamento de Máquinas Elétricas (Prof. Luciano Sales Barros, UFRN, 2015.1), Unit 1 simulation project ('trabalho'): DC motor drive with PID/cascade speed control fed by a six-pulse thyristor rectifier from a 380 V grid (Técnicas de Acionamento de Máquinas Elétricas/lista_01.pdf, saved 2015-03-05, Q7-Q11). This file is part of the home-made thyristor firing logic (synchronising compar",subcircuit,medium,Documentos/Arquivo Elétrica/PSIM - Simulações.rar!/PSIM - Simulações/subcircuitocomparadorFUNCIONERETIFICADORFUNCIONE.psimsch,3e58564d4a2bea753c9406a33cb4b2c30268ae48
classwork/undergraduate/2015-1-electric-drives/code/subcircuitocomparadorMath.psimsch,Comparator subcircuit - math-block variant,Pedro (his PSIM 9.0.3.400.1 install; work-in-progress naming style; teammates not identifiable from the file).,"Comparator subcircuit rebuilt with PSIM math blocks, one of three comparator variants tried on the morning of 12 Mar. It is the largest (23 KB).","Técnicas de Acionamento de Máquinas Elétricas (Prof. Luciano Sales Barros, UFRN, 2015.1), Unit 1 simulation project ('trabalho'): DC motor drive with PID/cascade speed control fed by a six-pulse thyristor rectifier from a 380 V grid (Técnicas de Acionamento de Máquinas Elétricas/lista_01.pdf, saved 2015-03-05, Q7-Q11). This file is part of the home-made thyristor firing logic (synchronising compar",subcircuit,medium,Documentos/Arquivo Elétrica/PSIM - Simulações.rar!/PSIM - Simulações/subcircuitocomparadorMath.psimsch,8779589a577b30510a933ce0a2d476cc1dcdbd27
classwork/undergraduate/2015-1-electric-drives/code/subcircuitocomparadornoblublu.psimsch,"Comparator subcircuit - ""noblublu"" variant",Pedro (his PSIM 9.0.3.400.1 install; work-in-progress naming style; teammates not identifiable from the file).,"Comparator subcircuit variant whose name jokingly means ""no blah-blah"", i.e. a no-frills attempt. It is close in size to the Math variant saved 30 min later.","Técnicas de Acionamento de Máquinas Elétricas (Prof. Luciano Sales Barros, UFRN, 2015.1), Unit 1 simulation project ('trabalho'): DC motor drive with PID/cascade speed control fed by a six-pulse thyristor rectifier from a 380 V grid (Técnicas de Acionamento de Máquinas Elétricas/lista_01.pdf, saved 2015-03-05, Q7-Q11). This file is part of the home-made thyristor firing logic (synchronising compar",subcircuit,low,Documentos/Arquivo Elétrica/PSIM - Simulações.rar!/PSIM - Simulações/subcircuitocomparadornoblublu.psimsch,8ef47e652e82c83c9b68e569a80197bedc45ede8
classwork/undergraduate/2015-1-electric-drives/code/subcircuitocomparadorsimples.psimsch,"Comparator subcircuit - ""simples"" (simple) - adopted version",Pedro (his PSIM 9.0.3.400.1 install; work-in-progress naming style; teammates not identifiable from the file).,"Simplified comparator subcircuit (7.8 KB). Its size almost exactly matches the later ""Subcircuit - Comparador"" in the Teste GA package (7783 B), so it appears to be the version adopted for the final rectifier.","Técnicas de Acionamento de Máquinas Elétricas (Prof. Luciano Sales Barros, UFRN, 2015.1), Unit 1 simulation project ('trabalho'): DC motor drive with PID/cascade speed control fed by a six-pulse thyristor rectifier from a 380 V grid (Técnicas de Acionamento de Máquinas Elétricas/lista_01.pdf, saved 2015-03-05, Q7-Q11). This file is part of the home-made thyristor firing logic (synchronising compar",subcircuit,medium,Documentos/Arquivo Elétrica/PSIM - Simulações.rar!/PSIM - Simulações/subcircuitocomparadorsimples.psimsch,4385c12f224a67da695fa47d96979e9bf627fe51
classwork/undergraduate/2015-1-electric-drives/code/subcircuitogeradordeangulo.psimsch,Firing-angle generator subcircuit - first version,Pedro (his PSIM 9.0.3.400.1 install; work-in-progress naming style; teammates not identifiable from the file).,"First subcircuit to generate the thyristor firing angle alpha from the control signal, timed from the comparator outputs. It was made early on the day the first ""Ver. Final"" was saved.","Técnicas de Acionamento de Máquinas Elétricas (Prof. Luciano Sales Barros, UFRN, 2015.1), Unit 1 simulation project ('trabalho'): DC motor drive with PID/cascade speed control fed by a six-pulse thyristor rectifier from a 380 V grid (Técnicas de Acionamento de Máquinas Elétricas/lista_01.pdf, saved 2015-03-05, Q7-Q11). This file is part of the home-made thyristor firing logic (synchronising compar",subcircuit,medium,Documentos/Arquivo Elétrica/PSIM - Simulações.rar!/PSIM - Simulações/subcircuitogeradordeangulo.psimsch,92214805e18cb989c9222a69b25122f02d88f053
classwork/undergraduate/2015-1-electric-drives/code/subcircuitogeradordeanguloAuto.psimsch,"Firing-angle generator subcircuit - ""Auto""",Pedro (his PSIM 9.0.3.400.1 install; work-in-progress naming style; teammates not identifiable from the file).,"Angle-generator subcircuit made ""automatic"", probably locking to the measured grid angle instead of a fixed reference. It was saved three minutes after the grid-angle presentation model.","Técnicas de Acionamento de Máquinas Elétricas (Prof. Luciano Sales Barros, UFRN, 2015.1), Unit 1 simulation project ('trabalho'): DC motor drive with PID/cascade speed control fed by a six-pulse thyristor rectifier from a 380 V grid (Técnicas de Acionamento de Máquinas Elétricas/lista_01.pdf, saved 2015-03-05, Q7-Q11). This file is part of the home-made thyristor firing logic (synchronising compar",subcircuit,medium,Documentos/Arquivo Elétrica/PSIM - Simulações.rar!/PSIM - Simulações/subcircuitogeradordeanguloAuto.psimsch,88fd1e644f687bdb1fc94f503be052609ee49972
classwork/undergraduate/2015-1-electric-drives/code/subcircuitogeradordeanguloAuto2.psimsch,"Firing-angle generator subcircuit - ""Auto2"" (used in final grid-angle rectifier)",Pedro (his PSIM 9.0.3.400.1 install; work-in-progress naming style; teammates not identifiable from the file).,"Second ""automatic"" angle generator. It was saved together with subcircuitologicaretificadornosafe two minutes before the final ""...retificador-comangulorede"", so it is very likely the angle generator of that final model.","Técnicas de Acionamento de Máquinas Elétricas (Prof. Luciano Sales Barros, UFRN, 2015.1), Unit 1 simulation project ('trabalho'): DC motor drive with PID/cascade speed control fed by a six-pulse thyristor rectifier from a 380 V grid (Técnicas de Acionamento de Máquinas Elétricas/lista_01.pdf, saved 2015-03-05, Q7-Q11). This file is part of the home-made thyristor firing logic (synchronising compar",subcircuit,medium,Documentos/Arquivo Elétrica/PSIM - Simulações.rar!/PSIM - Simulações/subcircuitogeradordeanguloAuto2.psimsch,1f1621159a0eb76f61a00ac6a5fcf34966143b00
classwork/undergraduate/2015-1-electric-drives/code/subcircuitogeradordeangulomath.psimsch,Firing-angle generator subcircuit - math-block version,Pedro (his PSIM 9.0.3.400.1 install; work-in-progress naming style; teammates not identifiable from the file).,"Angle generator implemented with PSIM math blocks (19 KB), refined from the ""prim"" draft of the evening before.","Técnicas de Acionamento de Máquinas Elétricas (Prof. Luciano Sales Barros, UFRN, 2015.1), Unit 1 simulation project ('trabalho'): DC motor drive with PID/cascade speed control fed by a six-pulse thyristor rectifier from a 380 V grid (Técnicas de Acionamento de Máquinas Elétricas/lista_01.pdf, saved 2015-03-05, Q7-Q11). This file is part of the home-made thyristor firing logic (synchronising compar",subcircuit,medium,Documentos/Arquivo Elétrica/PSIM - Simulações.rar!/PSIM - Simulações/subcircuitogeradordeangulomath.psimsch,a19b597fee1efd5bb7f44a67de28874011ef2068
classwork/undergraduate/2015-1-electric-drives/code/subcircuitogeradordeangulomathTG-CRA.psimsch,"Firing-angle generator subcircuit - math + ""TG-CRA"" (tangent/arctangent angle?)",Pedro (his PSIM 9.0.3.400.1 install; work-in-progress naming style; teammates not identifiable from the file).,"Math-block angle generator extended with ""TG"" (most likely tangente/arctangent, to get the grid phase angle from the measured voltages) and ""CRA"" (meaning unknown). It is the first file of the 24 Mar grid-angle session.","Técnicas de Acionamento de Máquinas Elétricas (Prof. Luciano Sales Barros, UFRN, 2015.1), Unit 1 simulation project ('trabalho'): DC motor drive with PID/cascade speed control fed by a six-pulse thyristor rectifier from a 380 V grid (Técnicas de Acionamento de Máquinas Elétricas/lista_01.pdf, saved 2015-03-05, Q7-Q11). This file is part of the home-made thyristor firing logic (synchronising compar",subcircuit,low,Documentos/Arquivo Elétrica/PSIM - Simulações.rar!/PSIM - Simulações/subcircuitogeradordeangulomathTG-CRA.psimsch,2aeb70f892697364702bb34eb9d68dad45e6b0f0
classwork/undergraduate/2015-1-electric-drives/code/subcircuitogeradordeangulomathprim.psimsch,"Firing-angle generator subcircuit - math ""prim"" (first math draft)",Pedro (his PSIM 9.0.3.400.1 install; work-in-progress naming style; teammates not identifiable from the file).,"First (""primeiro"") draft of the math-block angle generator, smaller (9.6 KB) than the final math version.","Técnicas de Acionamento de Máquinas Elétricas (Prof. Luciano Sales Barros, UFRN, 2015.1), Unit 1 simulation project ('trabalho'): DC motor drive with PID/cascade speed control fed by a six-pulse thyristor rectifier from a 380 V grid (Técnicas de Acionamento de Máquinas Elétricas/lista_01.pdf, saved 2015-03-05, Q7-Q11). This file is part of the home-made thyristor firing logic (synchronising compar",subcircuit,medium,Documentos/Arquivo Elétrica/PSIM - Simulações.rar!/PSIM - Simulações/subcircuitogeradordeangulomathprim.psimsch,1bea6747e593b754624ee1f80e40827733185e21
classwork/undergraduate/2015-1-electric-drives/code/subcircuitologicanegativa.psimsch,Negative-logic subcircuit (lower-thyristor firing),Pedro (his PSIM 9.0.3.400.1 install; work-in-progress naming style; teammates not identifiable from the file).,"Small logic subcircuit for the ""negative"" half: the lower (negative-rail) thyristors of the six-pulse bridge, or an inverted-logic gate block. It was saved the same minute as the main ""retificadorfuncionando-filtrofuncionando"" model, which uses it.","Técnicas de Acionamento de Máquinas Elétricas (Prof. Luciano Sales Barros, UFRN, 2015.1), Unit 1 simulation project ('trabalho'): DC motor drive with PID/cascade speed control fed by a six-pulse thyristor rectifier from a 380 V grid (Técnicas de Acionamento de Máquinas Elétricas/lista_01.pdf, saved 2015-03-05, Q7-Q11). This file is part of the home-made thyristor firing logic (synchronising compar",subcircuit,medium,Documentos/Arquivo Elétrica/PSIM - Simulações.rar!/PSIM - Simulações/subcircuitologicanegativa.psimsch,7630d613fbbef0f0eb83d0506625adfa7c7941cc
classwork/undergraduate/2015-1-electric-drives/code/subcircuitologicaretificador.psimsch,Rectifier firing-logic subcircuit - first version,Pedro (his PSIM 9.0.3.400.1 install; work-in-progress naming style; teammates not identifiable from the file).,"First consolidated subcircuit containing the whole thyristor pulse-distribution logic (35 KB). It moved logic out of the large main schematic, which made the later ""compact"" versions possible.","Técnicas de Acionamento de Máquinas Elétricas (Prof. Luciano Sales Barros, UFRN, 2015.1), Unit 1 simulation project ('trabalho'): DC motor drive with PID/cascade speed control fed by a six-pulse thyristor rectifier from a 380 V grid (Técnicas de Acionamento de Máquinas Elétricas/lista_01.pdf, saved 2015-03-05, Q7-Q11). This file is part of the home-made thyristor firing logic (synchronising compar",subcircuit,medium,Documentos/Arquivo Elétrica/PSIM - Simulações.rar!/PSIM - Simulações/subcircuitologicaretificador.psimsch,8aa9b0c4bc8c9fb5e3ecc6fd8603a6508242fb28
classwork/undergraduate/2015-1-electric-drives/code/subcircuitologicaretificadorFUNCIONERETIFICADORPONTODEEXCLAMACAO.psimsch,"Rectifier firing-logic subcircuit - ""FUNCIONE RETIFICADOR!"" (working version)",Pedro (his PSIM 9.0.3.400.1 install; work-in-progress naming style; teammates not identifiable from the file).,"Firing-logic subcircuit named ""FUNCIONE RETIFICADOR PONTO DE EXCLAMAÇÃO"" (""work, rectifier - exclamation mark!""). It was saved four minutes before the first final rectifier model, so it is the logic that made the bridge work.","Técnicas de Acionamento de Máquinas Elétricas (Prof. Luciano Sales Barros, UFRN, 2015.1), Unit 1 simulation project ('trabalho'): DC motor drive with PID/cascade speed control fed by a six-pulse thyristor rectifier from a 380 V grid (Técnicas de Acionamento de Máquinas Elétricas/lista_01.pdf, saved 2015-03-05, Q7-Q11). This file is part of the home-made thyristor firing logic (synchronising compar",subcircuit,medium,Documentos/Arquivo Elétrica/PSIM - Simulações.rar!/PSIM - Simulações/subcircuitologicaretificadorFUNCIONERETIFICADORPONTODEEXCLAMACAO.psimsch,bd8ed38f8957f9466bb3767f2284adff3c36accc
classwork/undergraduate/2015-1-electric-drives/code/subcircuitologicaretificadornosafe.psimsch,"Rectifier firing-logic subcircuit - ""nosafe"" (used in final grid-angle model)",Pedro (his PSIM 9.0.3.400.1 install; work-in-progress naming style; teammates not identifiable from the file).,"Firing-logic subcircuit with a safety/interlock part removed (""no safe""). It was saved the same minute as subcircuitogeradordeanguloAuto2 and two minutes before the final grid-angle rectifier, which it most likely belongs to.","Técnicas de Acionamento de Máquinas Elétricas (Prof. Luciano Sales Barros, UFRN, 2015.1), Unit 1 simulation project ('trabalho'): DC motor drive with PID/cascade speed control fed by a six-pulse thyristor rectifier from a 380 V grid (Técnicas de Acionamento de Máquinas Elétricas/lista_01.pdf, saved 2015-03-05, Q7-Q11). This file is part of the home-made thyristor firing logic (synchronising compar",subcircuit,medium,Documentos/Arquivo Elétrica/PSIM - Simulações.rar!/PSIM - Simulações/subcircuitologicaretificadornosafe.psimsch,dbc0fb8a75f1864993578526fec755e11807133d
classwork/undergraduate/2015-1-electric-drives/code/test.psimsch,"""test"" - full-model test copy",Pedro (his PSIM 9.0.3.400.1 install; work-in-progress naming style; teammates not identifiable from the file).,"Full-size test copy (121 KB) of the trabalhoacionamentos drive model, saved between the ""...filtrofuncionandoalt"" and ""...altalt"" variants on the evening of 8 Mar. It was used to try changes without touching the working file.","Técnicas de Acionamento de Máquinas Elétricas (Prof. Luciano Sales Barros, UFRN, 2015.1), Unit 1 simulation project ('trabalho'): DC motor drive with PID/cascade speed control fed by a six-pulse thyristor rectifier from a 380 V grid (Técnicas de Acionamento de Máquinas Elétricas/lista_01.pdf, saved 2015-03-05, Q7-Q11).",test/scratch,medium,Documentos/Arquivo Elétrica/PSIM - Simulações.rar!/PSIM - Simulações/test.psimsch,6d48e40ed94139e464c76ee611152017a64984bc
classwork/undergraduate/2015-1-electric-drives/code/tgtest.psimsch,"""tgtest"" - tangent/arctangent block test",Pedro (his PSIM 9.0.3.400.1 install; work-in-progress naming style; teammates not identifiable from the file).,"Tiny (5 KB) test schematic, most likely trying the tangent/arctangent (""TG"") function used to get the grid angle for the angle generator.","Técnicas de Acionamento de Máquinas Elétricas (Prof. Luciano Sales Barros, UFRN, 2015.1), Unit 1 simulation project ('trabalho'): DC motor drive with PID/cascade speed control fed by a six-pulse thyristor rectifier from a 380 V grid (Técnicas de Acionamento de Máquinas Elétricas/lista_01.pdf, saved 2015-03-05, Q7-Q11). This file is part of the home-made thyristor firing logic (synchronising compar",test/scratch,low,Documentos/Arquivo Elétrica/PSIM - Simulações.rar!/PSIM - Simulações/tgtest.psimsch,bfbc7c07c7b3f9ce4f99ee4baab375e411469974
classwork/undergraduate/2015-1-electric-drives/code/tiristornaopolarizareverso.psimsch,"""tiristornaopolarizareverso"" - thyristor not reverse-biasing test",Pedro (his PSIM 9.0.3.400.1 install; work-in-progress naming style; teammates not identifiable from the file).,"Small diagnostic circuit, named ""thyristor doesn't reverse-bias"", that isolates a single thyristor to see why it does not turn off by reverse bias in the bridge (a commutation/firing problem). It was made the night the logic was being moved into subcircuits.","Técnicas de Acionamento de Máquinas Elétricas (Prof. Luciano Sales Barros, UFRN, 2015.1), Unit 1 simulation project ('trabalho'): DC motor drive with PID/cascade speed control fed by a six-pulse thyristor rectifier from a 380 V grid (Técnicas de Acionamento de Máquinas Elétricas/lista_01.pdf, saved 2015-03-05, Q7-Q11). This file is part of the home-made thyristor firing logic (synchronising compar",test/scratch,medium,Documentos/Arquivo Elétrica/PSIM - Simulações.rar!/PSIM - Simulações/tiristornaopolarizareverso.psimsch,8b07e9edd70ced34c442294e4038ca6d4ab9e64c
classwork/undergraduate/2015-1-electric-drives/code/trabalhoacionamentos-compact-aprovadeandrew.psimsch,"""compact - à prova de Andrew"" (Andrew-proof compact version)",Pedro (his PSIM tag); made for teammate Andrew (name joke).,"Compact (51 KB) version of the whole drive model using the new subcircuits. The name ""aprovadeandrew"" = ""à prova de Andrew"" (Andrew-proof) suggests it was made foolproof for teammate Andrew to run or present.","Técnicas de Acionamento de Máquinas Elétricas (Prof. Luciano Sales Barros, UFRN, 2015.1), Unit 1 simulation project ('trabalho'): DC motor drive with PID/cascade speed control fed by a six-pulse thyristor rectifier from a 380 V grid (Técnicas de Acionamento de Máquinas Elétricas/lista_01.pdf, saved 2015-03-05, Q7-Q11).",intermediate-version,medium,Documentos/Arquivo Elétrica/PSIM - Simulações.rar!/PSIM - Simulações/trabalhoacionamentos-compact-aprovadeandrew.psimsch,b98cb577946c4b3686bedd66771fe8f420a501ed
classwork/undergraduate/2015-1-electric-drives/code/trabalhoacionamentos-compact.psimsch,trabalhoacionamentos - compact version,Pedro (his PSIM 9.0.3.400.1 install; work-in-progress naming style; teammates not identifiable from the file).,"Compact version of the drive model (main schematic plus subcircuits), nearly identical to the Andrew-proof copy two hours earlier. It is the base later developed into the ""Ver. Final"" presentation files.","Técnicas de Acionamento de Máquinas Elétricas (Prof. Luciano Sales Barros, UFRN, 2015.1), Unit 1 simulation project ('trabalho'): DC motor drive with PID/cascade speed control fed by a six-pulse thyristor rectifier from a 380 V grid (Técnicas de Acionamento de Máquinas Elétricas/lista_01.pdf, saved 2015-03-05, Q7-Q11).",intermediate-version,medium,Documentos/Arquivo Elétrica/PSIM - Simulações.rar!/PSIM - Simulações/trabalhoacionamentos-compact.psimsch,c1fe87ae70f7ea69f875a7cbf81daa43ac882899
classwork/undergraduate/2015-1-electric-drives/code/trabalhoacionamentos-comtags90-uitivaloris.psimsch,"trabalhoacionamentos - ""comtags90"" first .psimsch","Pedro re-saved it (9.0.3.400.1); origin is the 9.0.X .sch, possibly from a teammate.","Earliest native .psimsch of the project (127 KB): the .sch from 5 Mar converted to PSIM 9.0.3 format the next morning. ""comtags"" = with labels/tags. The rest of the name (""90-uitivaloris"") is unexplained.","Técnicas de Acionamento de Máquinas Elétricas (Prof. Luciano Sales Barros, UFRN, 2015.1), Unit 1 simulation project ('trabalho'): DC motor drive with PID/cascade speed control fed by a six-pulse thyristor rectifier from a 380 V grid (Técnicas de Acionamento de Máquinas Elétricas/lista_01.pdf, saved 2015-03-05, Q7-Q11).",intermediate-version,medium,Documentos/Arquivo Elétrica/PSIM - Simulações.rar!/PSIM - Simulações/trabalhoacionamentos-comtags90-uitivaloris.psimsch,428fd2420e61c525535753791d008f29020f4d48
classwork/undergraduate/2015-1-electric-drives/code/trabalhoacionamentos-isitreally.psimsch,"trabalhoacionamentos - ""is it really?"" (working?)",Pedro (his PSIM 9.0.3.400.1 install; work-in-progress naming style; teammates not identifiable from the file).,"Version named ""isitreally"" (""is it really [working]?""). At 88 KB it is much smaller than the 117-127 KB versions, a sign that blocks were being consolidated just after the ""...altalt"" attempt.","Técnicas de Acionamento de Máquinas Elétricas (Prof. Luciano Sales Barros, UFRN, 2015.1), Unit 1 simulation project ('trabalho'): DC motor drive with PID/cascade speed control fed by a six-pulse thyristor rectifier from a 380 V grid (Técnicas de Acionamento de Máquinas Elétricas/lista_01.pdf, saved 2015-03-05, Q7-Q11).",intermediate-version,medium,Documentos/Arquivo Elétrica/PSIM - Simulações.rar!/PSIM - Simulações/trabalhoacionamentos-isitreally.psimsch,6e5eb18c488c259440b5c584538116da1235c89b
classwork/undergraduate/2015-1-electric-drives/code/trabalhoacionamentos-retificadorfuncionando-filtrofuncionando.psimsch,trabalhoacionamentos - rectifier working + filter working,Pedro (his PSIM 9.0.3.400.1 install; work-in-progress naming style; teammates not identifiable from the file).,"Model where both the thyristor rectifier and the DC-link/output filter work (""retificador funcionando, filtro funcionando""). It is the reference state before the firing logic was split into subcircuits, and it uses subcircuitologicanegativa (same save time).","Técnicas de Acionamento de Máquinas Elétricas (Prof. Luciano Sales Barros, UFRN, 2015.1), Unit 1 simulation project ('trabalho'): DC motor drive with PID/cascade speed control fed by a six-pulse thyristor rectifier from a 380 V grid (Técnicas de Acionamento de Máquinas Elétricas/lista_01.pdf, saved 2015-03-05, Q7-Q11).",intermediate-version,medium,Documentos/Arquivo Elétrica/PSIM - Simulações.rar!/PSIM - Simulações/trabalhoacionamentos-retificadorfuncionando-filtrofuncionando.psimsch,b33138563e6f3b4a59cddd8b05605354b7ecde94
classwork/undergraduate/2015-1-electric-drives/code/trabalhoacionamentos-retificadorfuncionando-filtrofuncionandoalt.psimsch,"trabalhoacionamentos - rectifier + filter working, alternative",Pedro (his PSIM 9.0.3.400.1 install; work-in-progress naming style; teammates not identifiable from the file).,"Alternative (""alt"") filter or rectifier arrangement tried on the evening of 8 Mar (127 KB).","Técnicas de Acionamento de Máquinas Elétricas (Prof. Luciano Sales Barros, UFRN, 2015.1), Unit 1 simulation project ('trabalho'): DC motor drive with PID/cascade speed control fed by a six-pulse thyristor rectifier from a 380 V grid (Técnicas de Acionamento de Máquinas Elétricas/lista_01.pdf, saved 2015-03-05, Q7-Q11).",experiment,medium,Documentos/Arquivo Elétrica/PSIM - Simulações.rar!/PSIM - Simulações/trabalhoacionamentos-retificadorfuncionando-filtrofuncionandoalt.psimsch,6a1504773e420c7493f51d687c62df9ce34dab58
classwork/undergraduate/2015-1-electric-drives/code/trabalhoacionamentos-retificadorfuncionando-filtrofuncionandoaltalt.psimsch,"trabalhoacionamentos - rectifier + filter working, second alternative",Pedro (his PSIM 9.0.3.400.1 install; work-in-progress naming style; teammates not identifiable from the file).,"Second alternative (""altalt"") of the rectifier plus filter model, saved after midnight (117 KB).","Técnicas de Acionamento de Máquinas Elétricas (Prof. Luciano Sales Barros, UFRN, 2015.1), Unit 1 simulation project ('trabalho'): DC motor drive with PID/cascade speed control fed by a six-pulse thyristor rectifier from a 380 V grid (Técnicas de Acionamento de Máquinas Elétricas/lista_01.pdf, saved 2015-03-05, Q7-Q11).",experiment,medium,Documentos/Arquivo Elétrica/PSIM - Simulações.rar!/PSIM - Simulações/trabalhoacionamentos-retificadorfuncionando-filtrofuncionandoaltalt.psimsch,993f3ec0d15f210c81f2b47c6dca0fa48ffd7f77
classwork/undergraduate/2015-1-electric-drives/code/trabalhoacionamentos-retificadorfuncionando.psimsch,trabalhoacionamentos - rectifier working,Pedro (his PSIM 9.0.3.400.1 install; work-in-progress naming style; teammates not identifiable from the file).,"First milestone: the six-pulse thyristor rectifier works (""retificador funcionando""), before the filter was sorted out.","Técnicas de Acionamento de Máquinas Elétricas (Prof. Luciano Sales Barros, UFRN, 2015.1), Unit 1 simulation project ('trabalho'): DC motor drive with PID/cascade speed control fed by a six-pulse thyristor rectifier from a 380 V grid (Técnicas de Acionamento de Máquinas Elétricas/lista_01.pdf, saved 2015-03-05, Q7-Q11).",intermediate-version,medium,Documentos/Arquivo Elétrica/PSIM - Simulações.rar!/PSIM - Simulações/trabalhoacionamentos-retificadorfuncionando.psimsch,6f4d5ab093b10b83a8b4ac996a1b20d61f2a1cce
classwork/undergraduate/2015-1-electric-drives/code/trabalhoacionamentos-vern.psimsch,"trabalhoacionamentos - ""vern"" (version n)",Pedro (his PSIM 9.0.3.400.1 install; work-in-progress naming style; teammates not identifiable from the file).,"Version saved about 1.5 h after the first .psimsch. ""vern"" probably means ""version n"", a generic numbered working copy.","Técnicas de Acionamento de Máquinas Elétricas (Prof. Luciano Sales Barros, UFRN, 2015.1), Unit 1 simulation project ('trabalho'): DC motor drive with PID/cascade speed control fed by a six-pulse thyristor rectifier from a 380 V grid (Técnicas de Acionamento de Máquinas Elétricas/lista_01.pdf, saved 2015-03-05, Q7-Q11).",intermediate-version,low,Documentos/Arquivo Elétrica/PSIM - Simulações.rar!/PSIM - Simulações/trabalhoacionamentos-vern.psimsch,12e908c51421da9f3345cad1c69cd200b7f3b07b
classwork/undergraduate/2015-1-electric-drives/code/untitled1.psimsch,untitled1 (14 Mar) - scratch,Pedro (his PSIM 9.0.3.400.1 install; work-in-progress naming style; teammates not identifiable from the file).,"Unnamed scratch schematic (9 KB) saved two days after the first ""Ver. Final"" and two days before the math angle-generator drafts, probably a quick sub-block experiment. Its contents are unknown.","Técnicas de Acionamento de Máquinas Elétricas (Prof. Luciano Sales Barros, UFRN, 2015.1), Unit 1 simulation project ('trabalho'): DC motor drive with PID/cascade speed control fed by a six-pulse thyristor rectifier from a 380 V grid (Técnicas de Acionamento de Máquinas Elétricas/lista_01.pdf, saved 2015-03-05, Q7-Q11). (by date; not certain).",test/scratch,low,Documentos/Arquivo Elétrica/PSIM - Simulações.rar!/PSIM - Simulações/untitled1.psimsch,57db62b8a2f4fea65b06b71f757015ac1eec1cdc
classwork/undergraduate/2015-1-electric-drives/slides/FigAprPedro.pdf,,,,,latex,,Documentos/Arquivo Elétrica/Técnicas de Acionamento de Máquinas Elétricas/FigAprPedro.pdf,f5fe71925608b3efb683453b9dcc9c0bcfca7548
classwork/undergraduate/2015-1-electric-drives/slides/SlidesApr.tex,,,,,latex,,Documentos/Arquivo Elétrica/Técnicas de Acionamento de Máquinas Elétricas/SlidesApr.tex,faa3a8aab9a63b32ef3ead1ef4f9c480db077cc6
classwork/undergraduate/2015-1-electric-drives/slides/pic/Tau123.png,,,,,latex,,Documentos/Arquivo Elétrica/Técnicas de Acionamento de Máquinas Elétricas/pic/Tau123.png,71eecc58f6803280bddb9bc5020beda0ef732263
classwork/undergraduate/2015-1-electrical-installations/calculations/Instalacão_Apto_Tipo.xlsx,Final load/power calculation spreadsheet (3 Jun 2015): Instalacão_Apto_Tipo,Frankelene Pinheiro de Souza; Lucas Marcelino dos Santos; Pedro Yochinori Gushiken,,"Instalações Elétricas (UFRN DEE), 2015.1",doc,high,Projeto-Instalações/PROJETO/Instalacão_Apto_Tipo.xlsx,d67dd2bea36e3e11d3f472cfca770577d9b3927b
classwork/undergraduate/2015-1-electrical-installations/calculations/Instalacão_Térreo.xlsx,Final load/power calculation spreadsheet (3 Jun 2015): Instalacão_Térreo,Frankelene Pinheiro de Souza; Lucas Marcelino dos Santos; Pedro Yochinori Gushiken,,"Instalações Elétricas (UFRN DEE), 2015.1",doc,high,Projeto-Instalações/PROJETO/Instalacão_Térreo.xlsx,25b1c36ce118236991588038ce5a799b4a081071
classwork/undergraduate/2015-1-electrical-installations/calculations/Instalação_Casa_de_Máquinas_Zelador.xlsx,Final load/power calculation spreadsheet (3 Jun 2015): Instalação_Casa_de_Máquinas_Zelador,Frankelene Pinheiro de Souza; Lucas Marcelino dos Santos; Pedro Yochinori Gushiken,,"Instalações Elétricas (UFRN DEE), 2015.1",doc,high,Projeto-Instalações/PROJETO/Instalação_Casa_de_Máquinas_Zelador.xlsx,deda324347819a612691dafcd64f523884a85383
classwork/undergraduate/2015-1-electrical-installations/calculations/Instalação_Subsolo.xlsx,Final load/power calculation spreadsheet (3 Jun 2015): Instalação_Subsolo,Frankelene Pinheiro de Souza; Lucas Marcelino dos Santos; Pedro Yochinori Gushiken,,"Instalações Elétricas (UFRN DEE), 2015.1",doc,high,Projeto-Instalações/PROJETO/Instalação_Subsolo.xlsx,003aaef89f106d795a34ba5618d1aa056e10adb3
classwork/undergraduate/2015-1-electrical-installations/calculations/drafts/09.04/Instalacão_Apto_Tipo.xlsx,Load/power calculation spreadsheet (09.04 2015 working version),Frankelene Pinheiro de Souza; Lucas Marcelino dos Santos; Pedro Yochinori Gushiken,Intermediate version of the group's load-calculation spreadsheets; final ones in PROJETO/.,"Instalações Elétricas (UFRN DEE), 2015.1",doc,medium,Projeto-Instalações/Calculo_Potência/09.04/Instalacão_Apto_Tipo.xlsx,d0607029709650f8efffb78a934ca08f5c664dd6
classwork/undergraduate/2015-1-electrical-installations/calculations/drafts/11.05/Instalacão_Apto_Tipo.xlsx,Load/power calculation spreadsheet (11.05 2015 working version),Frankelene Pinheiro de Souza; Lucas Marcelino dos Santos; Pedro Yochinori Gushiken,Intermediate version of the group's load-calculation spreadsheets; final ones in PROJETO/.,"Instalações Elétricas (UFRN DEE), 2015.1",doc,medium,Projeto-Instalações/Calculo_Potência/11.05/Instalacão_Apto_Tipo.xlsx,2ceed24ac7713197423db3d6e08ec8c2ee0211b8
classwork/undergraduate/2015-1-electrical-installations/calculations/drafts/11.05/Instalacão_Parking.xlsx,Load/power calculation spreadsheet (11.05 2015 working version),Frankelene Pinheiro de Souza; Lucas Marcelino dos Santos; Pedro Yochinori Gushiken,Intermediate version of the group's load-calculation spreadsheets; final ones in PROJETO/.,"Instalações Elétricas (UFRN DEE), 2015.1",doc,medium,Projeto-Instalações/Calculo_Potência/11.05/Instalacão_Parking.xlsx,955675ec67bad633b353085cabcae1da23de739c
classwork/undergraduate/2015-1-electrical-installations/calculations/drafts/11.05/Instalacão_Térreo.xlsx,Load/power calculation spreadsheet (11.05 2015 working version),Frankelene Pinheiro de Souza; Lucas Marcelino dos Santos; Pedro Yochinori Gushiken,Intermediate version of the group's load-calculation spreadsheets; final ones in PROJETO/.,"Instalações Elétricas (UFRN DEE), 2015.1",doc,medium,Projeto-Instalações/Calculo_Potência/11.05/Instalacão_Térreo.xlsx,c7164172d3dd8f48c4702eb9fb1d2d1d3f60f2a5
classwork/undergraduate/2015-1-electrical-installations/calculations/drafts/11.05/Instalação_Casa_de_Máquinas.xlsx,Load/power calculation spreadsheet (11.05 2015 working version),Frankelene Pinheiro de Souza; Lucas Marcelino dos Santos; Pedro Yochinori Gushiken,Intermediate version of the group's load-calculation spreadsheets; final ones in PROJETO/.,"Instalações Elétricas (UFRN DEE), 2015.1",doc,medium,Projeto-Instalações/Calculo_Potência/11.05/Instalação_Casa_de_Máquinas.xlsx,92427473382574089266617cfb026c0e29a3d1ae
classwork/undergraduate/2015-1-electrical-installations/calculations/drafts/13.04/Instalacão_Apto_Tipo.xlsx,Load/power calculation spreadsheet (13.04 2015 working version),Frankelene Pinheiro de Souza; Lucas Marcelino dos Santos; Pedro Yochinori Gushiken,Intermediate version of the group's load-calculation spreadsheets; final ones in PROJETO/.,"Instalações Elétricas (UFRN DEE), 2015.1",doc,medium,Projeto-Instalações/Calculo_Potência/13.04/Instalacão_Apto_Tipo.xlsx,4a1b89b76bb469a5ba6fa04f7770e7e74890b10f
classwork/undergraduate/2015-1-electrical-installations/calculations/drafts/21.05/Area Administrativa do Predio.xlsx,Load/power calculation spreadsheet (21.05 2015 working version),Frankelene Pinheiro de Souza; Lucas Marcelino dos Santos; Pedro Yochinori Gushiken,Intermediate version of the group's load-calculation spreadsheets; final ones in PROJETO/.,"Instalações Elétricas (UFRN DEE), 2015.1",doc,medium,Projeto-Instalações/Calculo_Potência/21.05/Area Administrativa do Predio.xlsx,398de45b33283ec044416f28bde0c0fe74b36dd2
classwork/undergraduate/2015-1-electrical-installations/calculations/drafts/21.05/Instalacão_Apto_Tipo.xlsx,Load/power calculation spreadsheet (21.05 2015 working version),Frankelene Pinheiro de Souza; Lucas Marcelino dos Santos; Pedro Yochinori Gushiken,Intermediate version of the group's load-calculation spreadsheets; final ones in PROJETO/.,"Instalações Elétricas (UFRN DEE), 2015.1",doc,medium,Projeto-Instalações/Calculo_Potência/21.05/Instalacão_Apto_Tipo.xlsx,8c644e4b2bb0c33b13349ff3724db21196e12eef
classwork/undergraduate/2015-1-electrical-installations/calculations/drafts/21.05/Instalacão_Térreo.xlsx,Load/power calculation spreadsheet (21.05 2015 working version),Frankelene Pinheiro de Souza; Lucas Marcelino dos Santos; Pedro Yochinori Gushiken,Intermediate version of the group's load-calculation spreadsheets; final ones in PROJETO/.,"Instalações Elétricas (UFRN DEE), 2015.1",doc,medium,Projeto-Instalações/Calculo_Potência/21.05/Instalacão_Térreo.xlsx,cd2f9d36047d28d8a81f698a676823103de466eb
classwork/undergraduate/2015-1-electrical-installations/calculations/drafts/21.05/Instalação_Casa_de_Máquinas_Zelador.xlsx,Load/power calculation spreadsheet (21.05 2015 working version),Frankelene Pinheiro de Souza; Lucas Marcelino dos Santos; Pedro Yochinori Gushiken,Intermediate version of the group's load-calculation spreadsheets; final ones in PROJETO/.,"Instalações Elétricas (UFRN DEE), 2015.1",doc,medium,Projeto-Instalações/Calculo_Potência/21.05/Instalação_Casa_de_Máquinas_Zelador.xlsx,9e78135bb807dc40d4e376f95b7f206789fe94e8
classwork/undergraduate/2015-1-electrical-installations/calculations/drafts/21.05/Instalação_Subsolo.xlsx,Load/power calculation spreadsheet (21.05 2015 working version),Frankelene Pinheiro de Souza; Lucas Marcelino dos Santos; Pedro Yochinori Gushiken,Intermediate version of the group's load-calculation spreadsheets; final ones in PROJETO/.,"Instalações Elétricas (UFRN DEE), 2015.1",doc,medium,Projeto-Instalações/Calculo_Potência/21.05/Instalação_Subsolo.xlsx,0341aa6cbe42ca493f9057516c8ae2c26d1f3e5c
classwork/undergraduate/2015-1-electrical-installations/calculations/drafts/28.04/Instalacão_Apto_Tipo.xlsx,Load/power calculation spreadsheet (28.04 2015 working version),Frankelene Pinheiro de Souza; Lucas Marcelino dos Santos; Pedro Yochinori Gushiken,Intermediate version of the group's load-calculation spreadsheets; final ones in PROJETO/.,"Instalações Elétricas (UFRN DEE), 2015.1",doc,medium,Projeto-Instalações/Calculo_Potência/28.04/Instalacão_Apto_Tipo.xlsx,725e2454106212351f1eb3079be7e2e361c1f4e5
classwork/undergraduate/2015-1-electrical-installations/calculations/drafts/28.04/Instalacão_Térreo.xlsx,Load/power calculation spreadsheet (28.04 2015 working version),Frankelene Pinheiro de Souza; Lucas Marcelino dos Santos; Pedro Yochinori Gushiken,Intermediate version of the group's load-calculation spreadsheets; final ones in PROJETO/.,"Instalações Elétricas (UFRN DEE), 2015.1",doc,medium,Projeto-Instalações/Calculo_Potência/28.04/Instalacão_Térreo.xlsx,e94052fd4c19b0110d90cbea7dd5e1c1caeb75ca
classwork/undergraduate/2015-1-electrical-installations/code/dimensionamento_cond.m,Empty stub: conductor sizing function (Instalacoes project),Pedro,"This is MATLAB's default new-function template (UNTITLED summary) renamed to dimensionamento_cond(corrente_args), with a body of only 'output = 0'. The conductor-sizing tool was never written.","Undergraduate Instalacoes Eletricas building project (May-Jun 2015, team Pedro, Lucas, Frankelene; Projeto-Instalacoes/FALTANDO.txt, delivery 05/06/2015). Found in 'Projetos a Organizar' ('projects to sort out'). A copy is in MATLAB_Files_Old.rar/Projetos a Organizar",failed,medium,MATLAB/MATLAB_Files_Old.rar!/Projetos a Organizar/dimensionamento_cond.m,05513a85c5e955edda2e91e1004b6f3b5156ee35
classwork/undergraduate/2015-1-electrical-installations/reports/Memorial_Desc_Aterramento_IMPRIMIR_E_ANEXAR.pdf,,,,,latex,,Documentos/Arquivo Elétrica/Instalações Elétricas/folha anexa projeto/Memorial_Desc_Aterramento_IMPRIMIR_E_ANEXAR.pdf,ab516ecca2761ae8c09b2b7f08e50cffca402db3
classwork/undergraduate/2015-1-electrical-installations/reports/Relatorio.tex,,,,,latex,,Documentos/Arquivo Elétrica/Instalações Elétricas/folha anexa projeto/Relatorio.tex,570ae90ba0a6ce6aac7e48707dd7b86b5e1cd05b
classwork/undergraduate/2015-1-electrical-installations/reports/drawings/garage-floor-plan.pdf,Garage floor plan - electrical layout (plot),Frankelene Pinheiro de Souza; Lucas Marcelino dos Santos; Pedro Yochinori Gushiken,Educational-license stamped AutoCAD plot.,"Instalações Elétricas (UFRN DEE), 2015.1",doc,high,Projeto-Instalações/IMPRIMIR/Planta_Garagem_Imprimir.pdf,a5179ddcfac2bbe5cc06b89417f1d2727c271d50
classwork/undergraduate/2015-1-electrical-installations/reports/drawings/ground-floor-plan.pdf,Ground floor (térreo) - electrical layout (plot),Frankelene Pinheiro de Souza; Lucas Marcelino dos Santos; Pedro Yochinori Gushiken,,"Instalações Elétricas (UFRN DEE), 2015.1",doc,high,Projeto-Instalações/IMPRIMIR/Tipo_Terreo_IMPRIMIR.pdf,ac5da7bd773656a1f102b6eb2f7db500fbbcb883
classwork/undergraduate/2015-1-electrical-installations/reports/drawings/riser-diagram.pdf,Riser diagram (prumada) - 15 floors (plot),Frankelene Pinheiro de Souza; Lucas Marcelino dos Santos; Pedro Yochinori Gushiken,,"Instalações Elétricas (UFRN DEE), 2015.1",doc,high,Projeto-Instalações/Plantas Imprimir/Prumada_IMPRIMIR.pdf,71d3a1f1f6036c5133b0d978af0d722bc0be5cc8
classwork/undergraduate/2015-1-electrical-installations/reports/drawings/typical-apartment-floor-plan.pdf,Typical apartment floor plan - electrical layout (plot),Frankelene Pinheiro de Souza; Lucas Marcelino dos Santos; Pedro Yochinori Gushiken,Identical copy as Instalações Elétricas/Ap Tipo-Layout1.pdf.,"Instalações Elétricas (UFRN DEE), 2015.1",doc,high,Projeto-Instalações/Plantas Imprimir/Ap Tipo_IMPRIMIR.pdf,4570cd793779e86ed651cb8e0b508a08b6de8b2b
classwork/undergraduate/2015-1-electrical-installations/reports/drawings/typical-floor-section.pdf,Typical floor section (corte) - electrical (plot),Frankelene Pinheiro de Souza; Lucas Marcelino dos Santos; Pedro Yochinori Gushiken,,"Instalações Elétricas (UFRN DEE), 2015.1",doc,high,Projeto-Instalações/IMPRIMIR/Tipo_Corte.pdf,2d5adea6fcf59d2fbfc6abf8be5226e184a88934
classwork/undergraduate/2015-1-internship-report/reports/Conclusao.tex,,,,,latex,,Documentos/Arquivo Elétrica/Estágio/Relatório/Conclusao.tex,5ba2dad37f184681c7233086cb95fd431c9e5d11
classwork/undergraduate/2015-1-internship-report/reports/Relatorio.tex,,,,,latex,,Documentos/Arquivo Elétrica/Estágio/Relatório/Relatorio.tex,e7ae16e87abbed010c24daab8a8c7e3e51eafa52
classwork/undergraduate/2015-1-internship-report/reports/Relatorio_abnt.tex,,,,,latex,,Documentos/Arquivo Elétrica/Estágio/Relatório/Relatorio_abnt.tex,bddaddde2b441435e1bd879032c6e81ce9fa7325
classwork/undergraduate/2015-1-internship-report/reports/agradecimento.tex,,,,,latex,,Documentos/Arquivo Elétrica/Estágio/Relatório/agradecimento.tex,9403670475dc2051c5d040b0ae3e7f6f8ffdefad
classwork/undergraduate/2015-1-internship-report/reports/descricao_atividades.tex,,,,,latex,,Documentos/Arquivo Elétrica/Estágio/Relatório/descricao_atividades.tex,0d0dfba4e137f0a77957d2ff7255c59bb5bc54b4
classwork/undergraduate/2015-1-internship-report/reports/empresa.tex,,,,,latex,,Documentos/Arquivo Elétrica/Estágio/Relatório/empresa.tex,f77ba9768c798df57b13b180e3ba498e289436d3
classwork/undergraduate/2015-1-internship-report/reports/identifica.tex,,,,,latex,,Documentos/Arquivo Elétrica/Estágio/Relatório/identifica.tex,c370fc7cc2599e876d64fcd30de8f8d4463f9385
classwork/undergraduate/2015-1-internship-report/reports/introdu.tex,,,,,latex,,Documentos/Arquivo Elétrica/Estágio/Relatório/introdu.tex,8f6aacf365218a68ae9f568f5745c8840658298f
classwork/undergraduate/2015-1-internship-report/reports/pic/4Petala.jpg,,,,,latex,,Documentos/Arquivo Elétrica/Estágio/Relatório/pic/4Petala.jpg,d67a8cf999fcd23e699c40eed1178bdaaf5e9f7b
classwork/undergraduate/2015-1-internship-report/reports/pic/ATREDE.jpg,,,,,latex,,Documentos/Arquivo Elétrica/Estágio/Relatório/pic/ATREDE.jpg,6e0707ef4d8b8444ba6d42968d5a33bff7046c47
classwork/undergraduate/2015-1-internship-report/reports/pic/Cabine_P.jpg,,,,,latex,,Documentos/Arquivo Elétrica/Estágio/Relatório/pic/Cabine_P.jpg,d22d4ca2b48e62d3194a37c2382276c17f5ef2ff
classwork/undergraduate/2015-1-internship-report/reports/pic/CxPassagem.jpg,,,,,latex,,Documentos/Arquivo Elétrica/Estágio/Relatório/pic/CxPassagem.jpg,82979619a43e3989858febd442d6a143ca3f4dbc
classwork/undergraduate/2015-1-internship-report/reports/pic/EsquemaMegometro.png,,,,,latex,,Documentos/Arquivo Elétrica/Estágio/Relatório/pic/EsquemaMegometro.png,14f1a6118aa63d09779cea9a02c86bf859a9c385
classwork/undergraduate/2015-1-internship-report/reports/pic/EsquemaQuadro.png,,,,,latex,,Documentos/Arquivo Elétrica/Estágio/Relatório/pic/EsquemaQuadro.png,003ab7b6b7bef2b7d9ba278a81b8a270317ac0ca
classwork/undergraduate/2015-1-internship-report/reports/pic/ExMe.png,,,,,latex,,Documentos/Arquivo Elétrica/Estágio/Relatório/pic/ExMe.png,d16a8e608e534418c56a0aaee83b8e324b8d86a8
classwork/undergraduate/2015-1-internship-report/reports/pic/Muck1.jpg,,,,,latex,,Documentos/Arquivo Elétrica/Estágio/Relatório/pic/Muck1.jpg,d33bf34273b83d9b803ec919c428a2a3f509afa9
classwork/undergraduate/2015-1-internship-report/reports/pic/Muck2.jpg,,,,,latex,,Documentos/Arquivo Elétrica/Estágio/Relatório/pic/Muck2.jpg,bc4cb1939ef5c63ff6b9040b71df8659e7899c21
classwork/undergraduate/2015-1-internship-report/reports/pic/Muck_Extendido.jpg,,,,,latex,,Documentos/Arquivo Elétrica/Estágio/Relatório/pic/Muck_Extendido.jpg,0703ff0568e453abbecf6e6ba96cb94fc870e49e
classwork/undergraduate/2015-1-internship-report/reports/pic/N1N3.jpg,,,,,latex,,Documentos/Arquivo Elétrica/Estágio/Relatório/pic/N1N3.jpg,64b20faeb579ec6b5cff0fcc69d5effcdf272d83
classwork/undergraduate/2015-1-internship-report/reports/pic/N1_Trafo.jpg,,,,,latex,,Documentos/Arquivo Elétrica/Estágio/Relatório/pic/N1_Trafo.jpg,960b54f963026c1f95026c4362b395dfced512a1
classwork/undergraduate/2015-1-internship-report/reports/pic/N3N3.jpg,,,,,latex,,Documentos/Arquivo Elétrica/Estágio/Relatório/pic/N3N3.jpg,824a3231950fecbd337b0761e59a954250a682f5
classwork/undergraduate/2015-1-internship-report/reports/pic/PredioInstituto.jpg,,,,,latex,,Documentos/Arquivo Elétrica/Estágio/Relatório/pic/PredioInstituto.jpg,c46d58dd50cf5075af8c578c8796503848fd84fc
classwork/undergraduate/2015-1-internship-report/reports/pic/ValaPassagem.jpg,,,,,latex,,Documentos/Arquivo Elétrica/Estágio/Relatório/pic/ValaPassagem.jpg,829c43a388e808c83fc326555013dddcdfeb2e51
classwork/undergraduate/2015-1-internship-report/reports/pic/q1.jpg,,,,,latex,,Documentos/Arquivo Elétrica/Estágio/Relatório/pic/q1.jpg,0122e40fd59eaa50822b7be5622414144f268eba
classwork/undergraduate/2015-1-internship-report/reports/pic/q2.jpg,,,,,latex,,Documentos/Arquivo Elétrica/Estágio/Relatório/pic/q2.jpg,2aab160a0ef29889db37172bae273a22df7ed39b
classwork/undergraduate/2015-1-internship-report/reports/pic/q3.jpg,,,,,latex,,Documentos/Arquivo Elétrica/Estágio/Relatório/pic/q3.jpg,57af32059436be8e049fbc2e7920bac673708fe3
classwork/undergraduate/2015-1-internship-report/reports/pic/q4.jpg,,,,,latex,,Documentos/Arquivo Elétrica/Estágio/Relatório/pic/q4.jpg,a48e9563c3a421a2707ebf8ebe5d0556688ca732
classwork/undergraduate/2015-1-internship-report/reports/pic/q5.jpg,,,,,latex,,Documentos/Arquivo Elétrica/Estágio/Relatório/pic/q5.jpg,baf01ec6fe58c0961352943988c399200512d3e7
classwork/undergraduate/2015-1-internship-report/reports/pic/t1s.png,,,,,latex,,Documentos/Arquivo Elétrica/Estágio/Relatório/pic/t1s.png,133b15db612f1f8866f7c28b774f1c51dd2bfaaa
classwork/undergraduate/2015-1-internship-report/reports/pic/t2s.png,,,,,latex,,Documentos/Arquivo Elétrica/Estágio/Relatório/pic/t2s.png,d03e6d6a9c865d498817bfc283091264e82b0e50
classwork/undergraduate/2015-1-internship-report/reports/pic/t3s.png,,,,,latex,,Documentos/Arquivo Elétrica/Estágio/Relatório/pic/t3s.png,6afc9035e576f9416b45fd07d757672dd3e5878e
classwork/undergraduate/2015-1-internship-report/reports/pic/t4s.png,,,,,latex,,Documentos/Arquivo Elétrica/Estágio/Relatório/pic/t4s.png,e6a543e63b18c7d061f723dc12a0937070f35483
classwork/undergraduate/2015-1-internship-report/reports/responsabilidade.tex,,,,,latex,,Documentos/Arquivo Elétrica/Estágio/Relatório/responsabilidade.tex,e16679992c7d1ee700830e1fa53aa09114a874a3
classwork/undergraduate/2015-1-internship-report/slides/apresenta.tex,,,,,latex,,Documentos/Apresentação - Narendra/apresenta.tex,66ad01b4ffca61ccb36f819dd7058c1d2edc9a33
classwork/undergraduate/2015-1-substations/reports/Considerações_Iniciais.tex,,,,,latex,,Documentos/Arquivo Elétrica/Subestações de Energia Elétrica/Projeto/Relatório/Considerações_Iniciais.tex,ecabeab585f7c462d2bbcdefc27cb52df189f7a5
classwork/undergraduate/2015-1-substations/reports/Dados_Tecnicos_da_obra.tex,,,,,latex,,Documentos/Arquivo Elétrica/Subestações de Energia Elétrica/Projeto/Relatório/Dados_Tecnicos_da_obra.tex,8217cffdb1969472ba06ac52740572c4eefc027a
classwork/undergraduate/2015-1-substations/reports/Detalhe_de_entrada_de_serviço.tex,,,,,latex,,Documentos/Arquivo Elétrica/Subestações de Energia Elétrica/Projeto/Relatório/Detalhe_de_entrada_de_serviço.tex,da39a3ee5e6b4b0d3255bfef95601890afd80709
classwork/undergraduate/2015-1-substations/reports/Dispositivos_de_protecao.tex,,,,,latex,,Documentos/Arquivo Elétrica/Subestações de Energia Elétrica/Projeto/Relatório/Dispositivos_de_protecao.tex,da39a3ee5e6b4b0d3255bfef95601890afd80709
classwork/undergraduate/2015-1-substations/reports/Especificacao_dos_componentes.tex,,,,,latex,,Documentos/Arquivo Elétrica/Subestações de Energia Elétrica/Projeto/Relatório/Especificacao_dos_componentes.tex,6fd059dc615ab697fc630365a73d7c25c572c50d
classwork/undergraduate/2015-1-substations/reports/Finalidade_do_projeto.tex,,,,,latex,,Documentos/Arquivo Elétrica/Subestações de Energia Elétrica/Projeto/Relatório/Finalidade_do_projeto.tex,7801ce0faeb5d121accecc39327fcf90c58d3600
classwork/undergraduate/2015-1-substations/reports/Listademateriais.tex,,,,,latex,,Documentos/Arquivo Elétrica/Subestações de Energia Elétrica/Projeto/Relatório/Listademateriais.tex,ba8ab5a0280b953aa97435ff8946cbcbb2755a27
classwork/undergraduate/2015-1-substations/reports/Memorial_de_calculo.tex,,,,,latex,,Documentos/Arquivo Elétrica/Subestações de Energia Elétrica/Projeto/Relatório/Memorial_de_calculo.tex,59cd65398896a1006c259dfb9a1498057c9e33a1
classwork/undergraduate/2015-1-substations/reports/Relatorio.tex,,,,,latex,,Documentos/Arquivo Elétrica/Subestações de Energia Elétrica/Projeto/Relatório/Relatorio.tex,deae72dc575cb4180bd6a75804e6e75695dc815a
classwork/undergraduate/2015-1-substations/reports/Resumo_da_carga_instalada.tex,,,,,latex,,Documentos/Arquivo Elétrica/Subestações de Energia Elétrica/Projeto/Relatório/Resumo_da_carga_instalada.tex,5bd138beec22656bb6437eea8a77f92b98726f60
classwork/undergraduate/2015-1-substations/reports/Subestacao.tex,,,,,latex,,Documentos/Arquivo Elétrica/Subestações de Energia Elétrica/Projeto/Relatório/Subestacao.tex,e9c4613b04ef1dd52d303a1e6821fc8c37e5b793
classwork/undergraduate/2015-2-communication-circuits/reports/Q1.tex,,,,,latex,,Documentos/Arquivo Elétrica/Tarefas Final Semestre/Circuitos Para Comunicação Trabalho/Q1.tex,d89351b3386c49f2226580dc6dbe4a6d623a1a72
classwork/undergraduate/2015-2-communication-circuits/reports/Q2.tex,,,,,latex,,Documentos/Arquivo Elétrica/Tarefas Final Semestre/Circuitos Para Comunicação Trabalho/Q2.tex,cda08859e11a5ac27b0347ebedaa0163be21476c
classwork/undergraduate/2015-2-communication-circuits/reports/Relatorio.pdf,,,,,latex,,Documentos/Arquivo Elétrica/Tarefas Final Semestre/Circuitos Para Comunicação Trabalho/Relatorio.pdf,c78856d8d6cfaccae0f9d91acea984ff150f4b82
classwork/undergraduate/2015-2-communication-circuits/reports/Relatorio.tex,,,,,latex,,Documentos/Arquivo Elétrica/Tarefas Final Semestre/Circuitos Para Comunicação Trabalho/Relatorio.tex,ef6f183a2c606dbc965ff24a128588abcb12648b
classwork/undergraduate/2015-2-communication-circuits/reports/primeiro_exp/1.png,,,,,latex,,Documentos/Arquivo Elétrica/Tarefas Final Semestre/Circuitos Para Comunicação Trabalho/primeiro_exp/1.png,d91913f51389fa25448b8ee5f21300f035fdf92e
classwork/undergraduate/2015-2-communication-circuits/reports/primeiro_exp/img1.png,,,,,latex,,Documentos/Arquivo Elétrica/Tarefas Final Semestre/Circuitos Para Comunicação Trabalho/primeiro_exp/img1.png,4f70dd2836dbf73da9f4b5ed81ab5a67c6f61bc8
classwork/undergraduate/2015-2-communication-circuits/reports/primeiro_exp/img2.png,,,,,latex,,Documentos/Arquivo Elétrica/Tarefas Final Semestre/Circuitos Para Comunicação Trabalho/primeiro_exp/img2.png,be23dd10fcb1ff8858f6497f7e154458d2f27aae
classwork/undergraduate/2015-2-communication-circuits/reports/primeiro_exp/img3.png,,,,,latex,,Documentos/Arquivo Elétrica/Tarefas Final Semestre/Circuitos Para Comunicação Trabalho/primeiro_exp/img3.png,e9f37682f740af2a8db0e4ad2546647b26ce4832
classwork/undergraduate/2015-2-communication-circuits/reports/primeiro_exp/img4.png,,,,,latex,,Documentos/Arquivo Elétrica/Tarefas Final Semestre/Circuitos Para Comunicação Trabalho/primeiro_exp/img4.png,fead246a00b6d34d94a71facb9c656082b21adfb
classwork/undergraduate/2015-2-communication-circuits/reports/primeiro_exp/img5.png,,,,,latex,,Documentos/Arquivo Elétrica/Tarefas Final Semestre/Circuitos Para Comunicação Trabalho/primeiro_exp/img5.png,5adb796e9e0be4284edfe28cc4f86f0dc643806f
classwork/undergraduate/2015-2-communication-circuits/reports/primeiro_exp/img6.png,,,,,latex,,Documentos/Arquivo Elétrica/Tarefas Final Semestre/Circuitos Para Comunicação Trabalho/primeiro_exp/img6.png,dd556ad4d51ff84d7af2359709d1d08fb396cac6
classwork/undergraduate/2015-2-communication-circuits/reports/primeiro_exp/img7.png,,,,,latex,,Documentos/Arquivo Elétrica/Tarefas Final Semestre/Circuitos Para Comunicação Trabalho/primeiro_exp/img7.png,74cc06447371473e1cf88feaa6c17b3e5b1e1ca2
classwork/undergraduate/2015-2-communication-circuits/reports/segundo_exp/1.bmp,,,,,latex,,Documentos/Arquivo Elétrica/Tarefas Final Semestre/Circuitos Para Comunicação Trabalho/segundo_exp/1.bmp,ecdacb796134909a0ba42388d53ef78e4f96ca41
classwork/undergraduate/2015-2-communication-circuits/reports/segundo_exp/1.png,,,,,latex,,Documentos/Arquivo Elétrica/Tarefas Final Semestre/Circuitos Para Comunicação Trabalho/segundo_exp/1.png,8672376356098d7dda3534f7e85a5dc592d9a7e6
classwork/undergraduate/2015-2-communication-circuits/reports/segundo_exp/3.bmp,,,,,latex,,Documentos/Arquivo Elétrica/Tarefas Final Semestre/Circuitos Para Comunicação Trabalho/segundo_exp/3.bmp,7625aaf9bb4ace2257c11f2a7717c5463bfc19e0
classwork/undergraduate/2015-2-communication-circuits/reports/segundo_exp/img1.png,,,,,latex,,Documentos/Arquivo Elétrica/Tarefas Final Semestre/Circuitos Para Comunicação Trabalho/segundo_exp/img1.png,e0de54022d1591a76f9e7d827f61b2f39a797aea
classwork/undergraduate/2015-2-communication-circuits/reports/segundo_exp/img2.png,,,,,latex,,Documentos/Arquivo Elétrica/Tarefas Final Semestre/Circuitos Para Comunicação Trabalho/segundo_exp/img2.png,9138207e6b99839bd108eff8896365a7f4d2fe39
classwork/undergraduate/2015-2-communication-circuits/reports/segundo_exp/img3.png,,,,,latex,,Documentos/Arquivo Elétrica/Tarefas Final Semestre/Circuitos Para Comunicação Trabalho/segundo_exp/img3.png,b6f78266f1be5d6e7488161e54ee704da88679e8
classwork/undergraduate/2015-2-communication-circuits/reports/segundo_exp/img4.png,,,,,latex,,Documentos/Arquivo Elétrica/Tarefas Final Semestre/Circuitos Para Comunicação Trabalho/segundo_exp/img4.png,6506be84c0933cd14044407dce0167ded403a5f9
classwork/undergraduate/2015-2-communication-circuits/reports/segundo_exp/img5.png,,,,,latex,,Documentos/Arquivo Elétrica/Tarefas Final Semestre/Circuitos Para Comunicação Trabalho/segundo_exp/img5.png,6df1d64a1e6ffd86765f39adf798ce6eb68e34b5
classwork/undergraduate/2015-2-communication-circuits/reports/segundo_exp/img6.png,,,,,latex,,Documentos/Arquivo Elétrica/Tarefas Final Semestre/Circuitos Para Comunicação Trabalho/segundo_exp/img6.png,b7020bd9d8ad2890a41699acdc3b1baf14f1f422
classwork/undergraduate/2015-2-communication-circuits/reports/segundo_exp/img7.png,,,,,latex,,Documentos/Arquivo Elétrica/Tarefas Final Semestre/Circuitos Para Comunicação Trabalho/segundo_exp/img7.png,545f526f819d4fe33a29a9b29cc7e24de58d16df
classwork/undergraduate/2015-2-communication-circuits/reports/segundo_exp/img8.png,,,,,latex,,Documentos/Arquivo Elétrica/Tarefas Final Semestre/Circuitos Para Comunicação Trabalho/segundo_exp/img8.png,fa7680ffcacfa0861045d3566876ecd41aba55f1
classwork/undergraduate/2015-2-communication-circuits/reports/segundo_exp/nu.bmp,,,,,latex,,Documentos/Arquivo Elétrica/Tarefas Final Semestre/Circuitos Para Comunicação Trabalho/segundo_exp/nu.bmp,d49e47615073f23aedb4fc0b3e43bbbe512537fb
classwork/undergraduate/2015-2-digital-communications/code/ModDelta.slx,Delta modulation transmitter/receiver (Comunicacoes Digitais),Pedro,"This is a discrete-time delta modulator: the sum of four sinusoids (50, 100, 150, 200 rad/s) is sampled (sample-and-hold), compared with the accumulated estimate, coded by a 1-bit Sign encoder with step 0.05, and accumulated. It goes through an ideal channel (annotated 'Sem Ruido / Sem Atenuacao / Sem Distorcao') and is recovered at the receiver by an accumulator and a 3rd-order low-pass filter. B","DCO0010 Comunicacoes Digitais (UFRN, 2015.2, Prof. Marcio Rodrigues). Report: Documentos/Arquivo Eletrica/Tarefas Final Semestre/Comunicacao Digital Listas/Trabalho Unificado Unidade 1 a 3/Relatorio3T.tex ('Trabalhos 1, 2 e 4 - Comunicacao Digital', author Pedro Yochinori Gushiken). Trabalho 1 'ADPCM e Modulacao Delta' (Trabalho_1_ADPCM_&_Modulacao_delta.pdf). The report folder holds EsquemaModDel",final,high,MATLAB/MATLAB_Files_Old.rar!/ModDelta.slx,9de59599f5cc81502a393a480f5c31db29599968
classwork/undergraduate/2015-2-digital-communications/code/diagconst.m,QPSK constellation with raised-cosine pulse shaping and AWGN (comm System objects),Pedro,"It modulates 1000 random QPSK symbols, applies a raised-cosine transmit filter (rolloff 0.5, 64 samples/symbol), normalises the gain, adds AWGN at 9 dB and shows a ConstellationDiagram. Rup is used before it is defined, so it only works if Rup already exists in the workspace.","DCO0010 Comunicacoes Digitais (UFRN, 2015.2, Prof. Marcio Rodrigues). Report: Documentos/Arquivo Eletrica/Tarefas Final Semestre/Comunicacao Digital Listas/Trabalho Unificado Unidade 1 a 3/Relatorio3T.tex ('Trabalhos 1, 2 e 4 - Comunicacao Digital', author Pedro Yochinori Gushiken). Trabalho 4 'BER e Pe teorica sob ruido AWGN' (DCO0010_AWGN_Matlab.pdf): constellation figures ConstelaBin*.png. Foun",experiment,medium,MATLAB/MATLAB_Files_Old.rar!/Projetos a Organizar/diagconst.m,5e21a8613da2f50df70f5473d8279412aecb3ce3
classwork/undergraduate/2015-2-digital-communications/code/diagolho.m,Binary PAM with raised-cosine pulses: constellation before/after AWGN,Pedro,"It sends 100,000 random bits through 2-PAM, a raised-cosine filter (rolloff 0.5, Rup=64), gain normalisation and AWGN at 20 dB, showing the noiseless constellation. Despite the name ('diagrama de olho') it draws a constellation, not an eye diagram. Like diagconst.m, it uses Rup before defining it.","DCO0010 Comunicacoes Digitais (UFRN, 2015.2, Prof. Marcio Rodrigues). Report: Documentos/Arquivo Eletrica/Tarefas Final Semestre/Comunicacao Digital Listas/Trabalho Unificado Unidade 1 a 3/Relatorio3T.tex ('Trabalhos 1, 2 e 4 - Comunicacao Digital', author Pedro Yochinori Gushiken). Trabalho 4 (constellation part). Found in 'Projetos a Organizar' ('projects to sort out'). A copy is in MATLAB_Files",intermediate-version,high,MATLAB/MATLAB_Files_Old.rar!/Projetos a Organizar/diagolho.m,eb4f0aef5d451522e2414ba93d64b5fd53af94f6
classwork/undergraduate/2015-2-digital-communications/code/trab4.m,Comunicacoes Digitais Trabalho 4: BER vs Eb/No for binary polar PAM over AWGN,Pedro,"2-PAM with raised-cosine shaping (Rup=64) is sent through awgn at Eb/No 0.01-10 (the dB vs linear treatment is loose). Each run is downsampled and sign errors are counted, for 100k, 10k and 1k bits, and the three BER curves are plotted. Two bugs: txSig2/txSig3 reuse modData (the 100k-bit data) instead of modData2/3, and Rup is used before it is defined.","DCO0010 Comunicacoes Digitais (UFRN, 2015.2, Prof. Marcio Rodrigues). Report: Documentos/Arquivo Eletrica/Tarefas Final Semestre/Comunicacao Digital Listas/Trabalho Unificado Unidade 1 a 3/Relatorio3T.tex ('Trabalhos 1, 2 e 4 - Comunicacao Digital', author Pedro Yochinori Gushiken). Trabalho 4 'Pratica Computacional sobre BER e Pe em um canal AWGN' (DCO0010_AWGN_Matlab.pdf; listing in Trabalho4.te",final,high,MATLAB/MATLAB_Files_Old.rar!/Projetos a Organizar/trab4.m,ef21182e10ebbd6532fe1be1db39db546f762a38
classwork/undergraduate/2015-2-digital-communications/reports/BERfigura.png,,,,,latex,,Documentos/Arquivo Elétrica/Tarefas Final Semestre/Comunicação Digital Listas/Trabalho Unificado Unidade 1 a 3/*.png,112b72262a6d7df16e65f37ed9dbe6488b41a299
classwork/undergraduate/2015-2-digital-communications/reports/ConstelaBin.png,,,,,latex,,Documentos/Arquivo Elétrica/Tarefas Final Semestre/Comunicação Digital Listas/Trabalho Unificado Unidade 1 a 3/*.png,53a3c1ce8694d8485f5e492f04ed86e1fc3492de
classwork/undergraduate/2015-2-digital-communications/reports/ConstelaBin10.png,,,,,latex,,Documentos/Arquivo Elétrica/Tarefas Final Semestre/Comunicação Digital Listas/Trabalho Unificado Unidade 1 a 3/*.png,5b955e85c60bda8d96529a21f0ac188cb7d39ba3
classwork/undergraduate/2015-2-digital-communications/reports/ConstelaBin5.png,,,,,latex,,Documentos/Arquivo Elétrica/Tarefas Final Semestre/Comunicação Digital Listas/Trabalho Unificado Unidade 1 a 3/*.png,6a3dde722e8d1137a9af9f0efca8319f07c1fec7
classwork/undergraduate/2015-2-digital-communications/reports/ConstelaBinSR.png,,,,,latex,,Documentos/Arquivo Elétrica/Tarefas Final Semestre/Comunicação Digital Listas/Trabalho Unificado Unidade 1 a 3/*.png,07d6509696acc79d1c864fe634d01ddefee8c85c
classwork/undergraduate/2015-2-digital-communications/reports/DolhoNRZcrb.png,,,,,latex,,Documentos/Arquivo Elétrica/Tarefas Final Semestre/Comunicação Digital Listas/Trabalho Unificado Unidade 1 a 3/*.png,67bdcb5f32e7437e210074598735d3e9d52f9c47
classwork/undergraduate/2015-2-digital-communications/reports/DolhoNRZcrq.png,,,,,latex,,Documentos/Arquivo Elétrica/Tarefas Final Semestre/Comunicação Digital Listas/Trabalho Unificado Unidade 1 a 3/*.png,94b3e61c8ba763d1f7fbb66016c324bad1bd5139
classwork/undergraduate/2015-2-digital-communications/reports/DolhoNRZsrb.png,,,,,latex,,Documentos/Arquivo Elétrica/Tarefas Final Semestre/Comunicação Digital Listas/Trabalho Unificado Unidade 1 a 3/*.png,e19effd5f335e5924a7335a323a65c44be5151da
classwork/undergraduate/2015-2-digital-communications/reports/DolhoNRZsrq.png,,,,,latex,,Documentos/Arquivo Elétrica/Tarefas Final Semestre/Comunicação Digital Listas/Trabalho Unificado Unidade 1 a 3/*.png,50e632ba1f1eb118fe884fbdce2dcfb770251314
classwork/undergraduate/2015-2-digital-communications/reports/DolhoRZcrb.png,,,,,latex,,Documentos/Arquivo Elétrica/Tarefas Final Semestre/Comunicação Digital Listas/Trabalho Unificado Unidade 1 a 3/*.png,80746622c4dada309b55c90d1bfcd1edbe30beb8
classwork/undergraduate/2015-2-digital-communications/reports/DolhoRZcrq.png,,,,,latex,,Documentos/Arquivo Elétrica/Tarefas Final Semestre/Comunicação Digital Listas/Trabalho Unificado Unidade 1 a 3/*.png,e18c3001d78e04e9d82c4a3666d066bb4219666a
classwork/undergraduate/2015-2-digital-communications/reports/DolhoRZsrb.png,,,,,latex,,Documentos/Arquivo Elétrica/Tarefas Final Semestre/Comunicação Digital Listas/Trabalho Unificado Unidade 1 a 3/*.png,d701624f89cc0a77bba6fc1acd18af23ae9d5e82
classwork/undergraduate/2015-2-digital-communications/reports/DolhoRZsrq.png,,,,,latex,,Documentos/Arquivo Elétrica/Tarefas Final Semestre/Comunicação Digital Listas/Trabalho Unificado Unidade 1 a 3/*.png,af2d54db8c576b39ab97907303f00507a181d920
classwork/undergraduate/2015-2-digital-communications/reports/Dolhoclcrb.png,,,,,latex,,Documentos/Arquivo Elétrica/Tarefas Final Semestre/Comunicação Digital Listas/Trabalho Unificado Unidade 1 a 3/*.png,0a8ac00f12a49fe6388472f02584e16f6359b25b
classwork/undergraduate/2015-2-digital-communications/reports/Dolhoclcrq.png,,,,,latex,,Documentos/Arquivo Elétrica/Tarefas Final Semestre/Comunicação Digital Listas/Trabalho Unificado Unidade 1 a 3/*.png,d8c4c67d1d8ee590b5f87da84f5f49aedcf183bd
classwork/undergraduate/2015-2-digital-communications/reports/Dolhoclsrb.png,,,,,latex,,Documentos/Arquivo Elétrica/Tarefas Final Semestre/Comunicação Digital Listas/Trabalho Unificado Unidade 1 a 3/*.png,618d80bc8c7f5725c785110e6448c5aa1adaa0f9
classwork/undergraduate/2015-2-digital-communications/reports/Dolhoclsrq.png,,,,,latex,,Documentos/Arquivo Elétrica/Tarefas Final Semestre/Comunicação Digital Listas/Trabalho Unificado Unidade 1 a 3/*.png,83e9442e9ac58b5a794f925645087543ff16bb51
classwork/undergraduate/2015-2-digital-communications/reports/Dolhosencrb.png,,,,,latex,,Documentos/Arquivo Elétrica/Tarefas Final Semestre/Comunicação Digital Listas/Trabalho Unificado Unidade 1 a 3/*.png,9cd5c482453bc4d0136113c4bd9ff5d82a37705a
classwork/undergraduate/2015-2-digital-communications/reports/Dolhosencrq.png,,,,,latex,,Documentos/Arquivo Elétrica/Tarefas Final Semestre/Comunicação Digital Listas/Trabalho Unificado Unidade 1 a 3/*.png,603f76caee4b6e62745975cb088d622051b46d48
classwork/undergraduate/2015-2-digital-communications/reports/Dolhosensrb.png,,,,,latex,,Documentos/Arquivo Elétrica/Tarefas Final Semestre/Comunicação Digital Listas/Trabalho Unificado Unidade 1 a 3/*.png,637e06feefd1981264ca7f9b9153defa1ef1117b
classwork/undergraduate/2015-2-digital-communications/reports/Dolhosensrq.png,,,,,latex,,Documentos/Arquivo Elétrica/Tarefas Final Semestre/Comunicação Digital Listas/Trabalho Unificado Unidade 1 a 3/*.png,7189136fed454e6c0885286b217a3d2617b04659
classwork/undergraduate/2015-2-digital-communications/reports/EnModDelta.png,,,,,latex,,Documentos/Arquivo Elétrica/Tarefas Final Semestre/Comunicação Digital Listas/Trabalho Unificado Unidade 1 a 3/*.png,e2a0bd83351e1ce5d4ffa9ef45c4824e7b6ad03a
classwork/undergraduate/2015-2-digital-communications/reports/EqnModDelta.png,,,,,latex,,Documentos/Arquivo Elétrica/Tarefas Final Semestre/Comunicação Digital Listas/Trabalho Unificado Unidade 1 a 3/*.png,72905e351dd604f390899f8e47dc3497b9407923
classwork/undergraduate/2015-2-digital-communications/reports/EsquemaModDelta.png,,,,,latex,,Documentos/Arquivo Elétrica/Tarefas Final Semestre/Comunicação Digital Listas/Trabalho Unificado Unidade 1 a 3/*.png,6b6f629e6b45b416345dbfbeb2138bea72c36edb
classwork/undergraduate/2015-2-digital-communications/reports/MqModDelta.png,,,,,latex,,Documentos/Arquivo Elétrica/Tarefas Final Semestre/Comunicação Digital Listas/Trabalho Unificado Unidade 1 a 3/*.png,7baf65391ee484d7a601f19ff7a543c822a2750e
classwork/undergraduate/2015-2-digital-communications/reports/Relatorio3T.pdf,,,,,latex,,Documentos/Arquivo Elétrica/Tarefas Final Semestre/Comunicação Digital Listas/Trabalho Unificado Unidade 1 a 3/Relatorio3T.pdf,9efd95fb6e53ff127f3077eea40a9e036fc168c4
classwork/undergraduate/2015-2-digital-communications/reports/Relatorio3T.tex,,,,,latex,,Documentos/Arquivo Elétrica/Tarefas Final Semestre/Comunicação Digital Listas/Trabalho Unificado Unidade 1 a 3/Relatorio3T.tex,1aa6d19e1e50b1d6e57317613ecb73ecf30b36bc
classwork/undergraduate/2015-2-digital-communications/reports/SinalAmostradoModDelta.png,,,,,latex,,Documentos/Arquivo Elétrica/Tarefas Final Semestre/Comunicação Digital Listas/Trabalho Unificado Unidade 1 a 3/*.png,d0907fc5b2f0947f10e0fcd76dd3c30ea7d34402
classwork/undergraduate/2015-2-digital-communications/reports/SinalRecuperadoModDelta.png,,,,,latex,,Documentos/Arquivo Elétrica/Tarefas Final Semestre/Comunicação Digital Listas/Trabalho Unificado Unidade 1 a 3/*.png,ef5453cf22791e6dd3e5b624a287c7c69b58b071
classwork/undergraduate/2015-2-digital-communications/reports/Trabalho1.tex,,,,,latex,,Documentos/Arquivo Elétrica/Tarefas Final Semestre/Comunicação Digital Listas/Trabalho Unificado Unidade 1 a 3/Trabalho1.tex,fba8f4fec39e15584287f14d5a6f5d99670d478f
classwork/undergraduate/2015-2-digital-communications/reports/Trabalho2.tex,,,,,latex,,Documentos/Arquivo Elétrica/Tarefas Final Semestre/Comunicação Digital Listas/Trabalho Unificado Unidade 1 a 3/Trabalho2.tex,8afaa18a89ea167412774ec6e48f899892077a3d
classwork/undergraduate/2015-2-digital-communications/reports/Trabalho3.tex,,,,,latex,,Documentos/Arquivo Elétrica/Tarefas Final Semestre/Comunicação Digital Listas/Trabalho Unificado Unidade 1 a 3/Trabalho3.tex,75c9571d6e8633cb1fbd9e0f755d46eb6498548d
classwork/undergraduate/2015-2-digital-communications/reports/Trabalho4.tex,,,,,latex,,Documentos/Arquivo Elétrica/Tarefas Final Semestre/Comunicação Digital Listas/Trabalho Unificado Unidade 1 a 3/Trabalho4.tex,941f4df1ee4a6b06c5ce59cbeb79dced4210dc6e
classwork/undergraduate/2015-2-power-system-protection/code/ProtCurv.m,Inverse-time overcurrent relay curves (IEC MI / NI / EI),Pedro (probable),"It computes trip time t = k*TMS/(M^alpha - 0.9) for the IEC very inverse (13.5, alpha=1, labelled 'MI'), normal inverse (0.14, 0.02, 'NI') and extremely inverse (80, 2, 'EI') curves. TMS runs 0.1-1.0 and the current multiple M runs 1.1-20. It plots log(t) in three subplots. The denominator uses -0.9 instead of the standard -1, either a deliberate offset or a slip.",Undergraduate 'Protecao de Sistemas Eletricos e de Potencia' (2015.2). A 'Protecao ... Listas' folder exists under Documentos/Arquivo Eletrica/Tarefas Final Semestre. Found in 'Projetos a Organizar' ('projects to sort out'). A copy is in MATLAB_Files_Old.rar/Projetos a Organizar,final,medium,MATLAB/MATLAB_Files_Old.rar!/Projetos a Organizar/ProtCurv.m,a65b392052c5779f81237b8036e9a3f3681c9884
classwork/undergraduate/2015-2-tcc-parameter-estimation-pe-switch-off/code/1.1.Primeira Ordem - Parâmetros Aglutinados/1 polo e 1 zero/POParAg.slx.original,Simulink backup of POParAg.slx made when the model was upgraded to a newer MATLAB release,same as the simulations in this folder,,companion file of the simulations in this folder,companion,high,Documentos/Mestrado/TCC/Experimentos/Estimação de Parâmetros/1.1.Primeira Ordem - Parâmetros Aglutinados/1 polo e 1 zero/POParAg.slx.original,2068d28fa6a6f844878f4bddbff1ae3061312d58
classwork/undergraduate/2015-2-tcc-parameter-estimation-pe-switch-off/code/1.1.Primeira Ordem - Parâmetros Aglutinados/1 polo e 1 zero/PriOrdemZero.slx,"First-order plant with one zero: 3-parameter estimation (A, B, C)","Pedro (TCC author per TCC - Main.tex \autor; all Estimacao de Parametros models share created timestamp 2015-08-06T17:19:04Z, i.e. Save-As descendants of one Pedro model).","Online parameter estimation by the gradient/MIT rule (theta_hat' = gamma*e0*signal), with saturation-based projection on the integrators. A PE square-wave reference r = r0 + q(t) is switched off by a relay (threshold 0.5) acting on the figure of merit epsilon = th'^T Q th' / (1 + th'^T Q th'). It extends the 1-pole estimator to a first-order plant with a zero, estimating three lumped parameters (A","Pedro's undergraduate final project (TCC) 'Identificacao de Parametros usando Adaptacao de Segundo Nivel' / slides 'Identificacao de Parametros atraves de Sinal Persistentemente Excitante com Esquema de Desligamento Automatico', advisor Aldayr Dantas de Araujo, 2015 (Mestrado/TCC/TCC - Relatorio - Latex/TCC - Main.tex; TCC - Apresentacao - Latex/abntex2-modelo-slides.tex, Dec 15 2015). Folder '1 p",experiment,medium,Documentos/Mestrado/TCC/Experimentos/Estimação de Parâmetros/1.1.Primeira Ordem - Parâmetros Aglutinados/1 polo e 1 zero/PriOrdemZero.slx,71cc7ddb4ae4e306e3fc21337cecf2d9c83cc80a
classwork/undergraduate/2015-2-tcc-parameter-estimation-pe-switch-off/code/1.1.Primeira Ordem - Parâmetros Aglutinados/1 polo e 1 zero/PriOrdemZero.slx.autosave,Simulink autosave of PriOrdemZero.slx (state at a crash/unsaved edit),same as the simulations in this folder,,companion file of the simulations in this folder,companion,high,Documentos/Mestrado/TCC/Experimentos/Estimação de Parâmetros/1.1.Primeira Ordem - Parâmetros Aglutinados/1 polo e 1 zero/PriOrdemZero.slx.autosave,3e320f54b547b166aee0a4333a3702b8a93d80ff
classwork/undergraduate/2015-2-tcc-parameter-estimation-pe-switch-off/code/1.1.Primeira Ordem - Parâmetros Aglutinados/1 polo/POParAgRL.slx,"First-order plant identification with relay-based PE switch-off, references a/b/c (TCC final)","Pedro (TCC author per TCC - Main.tex \autor; all Estimacao de Parametros models share created timestamp 2015-08-06T17:19:04Z, i.e. Save-As descendants of one Pedro model).","Online parameter estimation by the gradient/MIT rule (theta_hat' = gamma*e0*signal), with saturation-based projection on the integrators. A PE square-wave reference r = r0 + q(t) is switched off by a relay (threshold 0.5) acting on the figure of merit epsilon = th'^T Q th' / (1 + th'^T Q th'). It estimates theta1 and theta2 of the first-order plant y' = theta1*u - theta2*y (TCC slides: y' = 100u -","Pedro's undergraduate final project (TCC) 'Identificacao de Parametros usando Adaptacao de Segundo Nivel' / slides 'Identificacao de Parametros atraves de Sinal Persistentemente Excitante com Esquema de Desligamento Automatico', advisor Aldayr Dantas de Araujo, 2015 (Mestrado/TCC/TCC - Relatorio - Latex/TCC - Main.tex; TCC - Apresentacao - Latex/abntex2-modelo-slides.tex, Dec 15 2015). It produced",final,high,Documentos/Mestrado/TCC/Experimentos/Estimação de Parâmetros/1.1.Primeira Ordem - Parâmetros Aglutinados/1 polo/POParAgRL.slx,58e551d09e2fe03c6b82aa30978e25b45b99c01e
classwork/undergraduate/2015-2-tcc-parameter-estimation-pe-switch-off/code/1.1.Primeira Ordem - Parâmetros Aglutinados/1 polo/POParAgRL.slx.autosave,Simulink autosave of POParAgRL.slx (state at a crash/unsaved edit),same as the simulations in this folder,,companion file of the simulations in this folder,companion,high,Documentos/Mestrado/TCC/Experimentos/Estimação de Parâmetros/1.1.Primeira Ordem - Parâmetros Aglutinados/1 polo/POParAgRL.slx.autosave,53e4f3ba75bf2e5f15b0e25f7890cb9854b84d14
classwork/undergraduate/2015-2-tcc-parameter-estimation-pe-switch-off/code/1.1.Primeira Ordem - Parâmetros Aglutinados/1 polo/POParAgRL.slx.original,Simulink backup of POParAgRL.slx made when the model was upgraded to a newer MATLAB release,same as the simulations in this folder,,companion file of the simulations in this folder,companion,high,Documentos/Mestrado/TCC/Experimentos/Estimação de Parâmetros/1.1.Primeira Ordem - Parâmetros Aglutinados/1 polo/POParAgRL.slx.original,620d83339bbd2bb39a3457e6a9f833dd1c998d4e
classwork/undergraduate/2015-2-tcc-parameter-estimation-pe-switch-off/code/1.1.Primeira Ordem - Parâmetros Aglutinados/1 polo/PriOrdem.slx,First-order (1 pole) lumped-parameter estimation with PE turn-off relay,"Pedro (TCC author per TCC - Main.tex \autor; all Estimacao de Parametros models share created timestamp 2015-08-06T17:19:04Z, i.e. Save-As descendants of one Pedro model).","Online parameter estimation by the gradient/MIT rule (theta_hat' = gamma*e0*signal), with saturation-based projection on the integrators. A PE square-wave reference r = r0 + q(t) is switched off by a relay (threshold 0.5) acting on the figure of merit epsilon = th'^T Q th' / (1 + th'^T Q th'). Two parameters (A, B) of a first-order plant are estimated: plant constants 465 and 39, gains 0.001, init","Pedro's undergraduate final project (TCC) 'Identificacao de Parametros usando Adaptacao de Segundo Nivel' / slides 'Identificacao de Parametros atraves de Sinal Persistentemente Excitante com Esquema de Desligamento Automatico', advisor Aldayr Dantas de Araujo, 2015 (Mestrado/TCC/TCC - Relatorio - Latex/TCC - Main.tex; TCC - Apresentacao - Latex/abntex2-modelo-slides.tex, Dec 15 2015). It sits in ",intermediate-version,medium,Documentos/Mestrado/TCC/Experimentos/Estimação de Parâmetros/1.1.Primeira Ordem - Parâmetros Aglutinados/1 polo/PriOrdem.slx,2068d28fa6a6f844878f4bddbff1ae3061312d58
classwork/undergraduate/2015-2-tcc-parameter-estimation-pe-switch-off/code/1.1.Primeira Ordem - Parâmetros Aglutinados/Q2-Atenuação-Parâmetros da planta senoidais.psimsch,Bonus with sinusoidally varying plant parameters,Pedro (Pedro Yochinori Gushiken) - single-author reports credit only him; no other names found,"Variant in which the RL-plant parameters vary sinusoidally ('senoidais'), testing estimator tracking and PE re-activation. The root note para-untitled1.txt (saved 1 minute earlier) re-derives Ẋ=-XR/L+U/L for this plant.",Robustness experiment; TCC 1.1,experiment,medium,Documentos/Mestrado/Controle Adaptativo/Experimentos/Q2-Atenuação-Parâmetros da planta senoidais.psimsch,0e777d913c358a5b693a4ffcd9baf5114643279a
classwork/undergraduate/2015-2-tcc-parameter-estimation-pe-switch-off/code/1.1.Primeira Ordem - Parâmetros Aglutinados/Q2-Atenuação-Parâmetros da planta variáveis - Noise.psimsch,Bonus with varying plant + measurement noise,Pedro (Pedro Yochinori Gushiken) - single-author reports credit only him; no other names found,"The time-varying-plant PE-attenuation estimator with added measurement noise, a robustness test of the ε1 switch-off (noise keeps the update rates from vanishing).",Robustness experiment; TCC 1.1,experiment,medium,Documentos/Mestrado/Controle Adaptativo/Experimentos/Q2-Atenuação-Parâmetros da planta variáveis - Noise.psimsch,b926c36f94d7ebe86e7f068ac1a66d3a0d970515
classwork/undergraduate/2015-2-tcc-parameter-estimation-pe-switch-off/code/1.1.Primeira Ordem - Parâmetros Aglutinados/Q2-Atenuação-Parâmetros da planta variáveis - Projeção - NoFilterEpsilon.psimsch,"Varying plant + projection, no ε filter (TCC edit, Aug 2015)",Pedro (Pedro Yochinori Gushiken) - single-author reports credit only him; no other names found,"TCC-folder version of the NoFilterEpsilon model, edited in August 2015 (46.8 KB vs 46.8 KB June, different content) while preparing the TCC first-order case.","TCC (Later reused for Pedro's undergraduate TCC 'Identificação de Parâmetros através de Sinal PE com Esquema de Desligamento Automático' (advisor Aldayr, TCC - Main.pdf Nov 2015), copied into Mestrado/TCC/Experimentos/Estimação de Parâmetros (folder tree created 2015-08-20))",experiment,medium,Documentos/Mestrado/TCC/Experimentos/Estimação de Parâmetros/1.1.Primeira Ordem - Parâmetros Aglutinados/Q2-Atenuação-Parâmetros da planta variáveis - Projeção - NoFilterEpsilon.psimsch,b69e4c55382a6f613d1423d38f7e6eaba1c94a90
classwork/undergraduate/2015-2-tcc-parameter-estimation-pe-switch-off/code/1.1.Primeira Ordem - Parâmetros Aglutinados/Q2-Atenuação-Parâmetros da planta variáveis - Projeção.psimsch,Bonus with varying plant + parameter projection,Pedro (Pedro Yochinori Gushiken) - single-author reports credit only him; no other names found,"Adds parameter projection (bounding â and b̂ between limits) to the time-varying-plant PE-attenuation estimator. This is the first use of the projection that reappears in the List 3 report (U3 Letra B, 'Projeção' figure).",Robustness experiment; precursor of List 3 b) projection; TCC 1.1,experiment,medium,Documentos/Mestrado/Controle Adaptativo/Experimentos/Q2-Atenuação-Parâmetros da planta variáveis - Projeção.psimsch,7de30ab3d1e1137a8981ced66834568dfb02b7c3
classwork/undergraduate/2015-2-tcc-parameter-estimation-pe-switch-off/code/1.1.Primeira Ordem - Parâmetros Aglutinados/Q2-Atenuação-Parâmetros da planta variáveis.psimsch,Bonus on a time-varying plant,Pedro (Pedro Yochinori Gushiken) - single-author reports credit only him; no other names found,"PE-attenuation estimator on the 1st-order RL plant whose true parameters vary in time ('Parâmetros da planta variáveis'), to test whether the ε1 scheme switches the PE signal back on when the plant changes. The 'Q2' prefix refers to Unit 2 Question 2 (the RL plant).","Robustness experiment after List 2; Later reused for Pedro's undergraduate TCC 'Identificação de Parâmetros através de Sinal PE com Esquema de Desligamento Automático' (advisor Aldayr, TCC - Main.pdf Nov 2015), copied into Mestrado/TCC/Experimentos/Estimação de Parâmetros (folder tree created 2015-08-20)",experiment,medium,Documentos/Mestrado/Controle Adaptativo/Experimentos/Q2-Atenuação-Parâmetros da planta variáveis.psimsch,9d3b1ffde8be80cd55c142ed136610a8c39be03e
classwork/undergraduate/2015-2-tcc-parameter-estimation-pe-switch-off/code/1.1.Primeira Ordem - Parâmetros Aglutinados/Unidade2-Q2-Bonus-Atenuação - Quebrado Intencionalmente.psimsch,"Bonus PE-attenuation, intentionally broken",Pedro (Pedro Yochinori Gushiken) - single-author reports credit only him; no other names found,"Copy of the Bonus PE-attenuation model deliberately altered ('Quebrado Intencionalmente' = intentionally broken) so that the estimator fails. Its waveform file is tiny (14 KB vs 88 MB for the healthy run), so the simulation diverged or aborted almost at once. It probably demonstrates instability, for example adaptation gains too high or the finite-escape behaviour of the MIT-rule estimator.","Sept 2015, TCC folder. The likely purpose is a counter-example for the TCC or for Sistemas Não Lineares Trabalho 1 ('Escape em Tempo Finito, Estimador via Regra do MIT', done 2015-10-01 on the same RL-estimator idea). The exact purpose is not documented.",experiment,low,Documentos/Mestrado/TCC/Experimentos/Estimação de Parâmetros/1.1.Primeira Ordem - Parâmetros Aglutinados/Unidade2-Q2-Bonus-Atenuação - Quebrado Intencionalmente.psimsch,f5ae16c0e0909cf28d70d5073f2bd745eddd0fad
classwork/undergraduate/2015-2-tcc-parameter-estimation-pe-switch-off/code/1.1.Primeira Ordem - Parâmetros Aglutinados/Unidade2-Q2-Bonus-Atenuação - Quebrado Intencionalmente.smv,Waveforms: intentionally broken Bonus run,Pedro (Pedro Yochinori Gushiken) - single-author reports credit only him; no other names found,"SIMVIEW output of the 'Quebrado Intencionalmente' model. It has the same probes as the healthy run, but only 14 KB of data, so the run stopped or blew up very early.","Sept 2015, TCC folder",results-data,high,Documentos/Mestrado/TCC/Experimentos/Estimação de Parâmetros/1.1.Primeira Ordem - Parâmetros Aglutinados/Unidade2-Q2-Bonus-Atenuação - Quebrado Intencionalmente.smv,a8ee748980dc396dbf3376d521262de8832ff8cc
classwork/undergraduate/2015-2-tcc-parameter-estimation-pe-switch-off/code/1.1.Primeira Ordem - Parâmetros Aglutinados/Unidade2-Q2-Bonus-Atenuação-FrequênciaVariável.psimsch,Bonus experiment: PE attenuation with variable frequency,Pedro (Pedro Yochinori Gushiken) - single-author reports credit only him; no other names found,"A further variant of the PE-attenuation scheme in which the PE sinusoid frequency changes over time ('Frequência Variável'), presumably to test convergence and switch-off with a richer or varying excitation on the RL plant.","Personal/TCC exploration, Controle Adaptativo (PPGEE/UFRN, 2015-1, Prof. Aldayr Dantas de Araújo per programa_controle_adaptativo.pdf); Later reused for Pedro's undergraduate TCC 'Identificação de Parâmetros através de Sinal PE com Esquema de Desligamento Automático' (advisor Aldayr, TCC - Main.pdf Nov 2015), copied into Mestrado/TCC/Experimentos/Estimação de Parâmetros (folder tree created 2015-0",experiment,medium,Documentos/Mestrado/Controle Adaptativo/Experimentos/Unidade2-Q2-Bonus-Atenuação-FrequênciaVariável.psimsch,b810e466057ae914ad9ba616d2a4eede1ada0842
classwork/undergraduate/2015-2-tcc-parameter-estimation-pe-switch-off/code/1.1.Primeira Ordem - Parâmetros Aglutinados/Unidade2-Q2-Bonus-Atenuação-Lei de Frequência.psimsch,Bonus experiment: PE attenuation with a frequency law,Pedro (Pedro Yochinori Gushiken) - single-author reports credit only him; no other names found,"Experimental extension of the U2 Bonus: on top of attenuating the PE amplitude through ε1, the frequency of the PE sinusoid is also governed by a law ('Lei de Frequência'). Same 1st-order RL plant and parallel estimator.","Personal experiments after the List 2 report (Controle Adaptativo (PPGEE/UFRN, 2015-1, Prof. Aldayr Dantas de Araújo per programa_controle_adaptativo.pdf)). Later reused for Pedro's undergraduate TCC 'Identificação de Parâmetros através de Sinal PE com Esquema de Desligamento Automático' (advisor Aldayr, TCC - Main.pdf Nov 2015), copied into Mestrado/TCC/Experimentos/Estimação de Parâmetros (folde",experiment,medium,Documentos/Mestrado/Controle Adaptativo/Experimentos/Unidade2-Q2-Bonus-Atenuação-Lei de Frequência.psimsch,4d74534da9f2f6855665ff9601cd6ec2f6154a32
classwork/undergraduate/2015-2-tcc-parameter-estimation-pe-switch-off/code/1.1.Primeira Ordem - Parâmetros Aglutinados/Unidade2-Q2-Bonus-Atenuação.psimsch,"Bonus PE-attenuation, revised (experiments/TCC copy)",Pedro (Pedro Yochinori Gushiken) - single-author reports credit only him; no other names found,"Revised version of the Unit-2 Bonus model (30.5 KB vs 26.5 KB). It contains the probes epsilon1, a2q1/b2q1 (squared update rates times q) and epsilon1filtered alongside E0, X, XCHAPEU, ACHAPEU, BCHAPEU. It is the base model for the TCC first-order case.","Experiments after the List 2 report; Later reused for Pedro's undergraduate TCC 'Identificação de Parâmetros através de Sinal PE com Esquema de Desligamento Automático' (advisor Aldayr, TCC - Main.pdf Nov 2015), copied into Mestrado/TCC/Experimentos/Estimação de Parâmetros (folder tree created 2015-08-20)",experiment,medium,Documentos/Mestrado/Controle Adaptativo/Experimentos/Unidade2-Q2-Bonus-Atenuação.psimsch,943aa5edf77e71819904d4a6f7ce8ec0094df577
classwork/undergraduate/2015-2-tcc-parameter-estimation-pe-switch-off/code/2.1.Segunda Ordem - Parâmetros Aglutinados/2 polos 1 zero/SegOrdemZero.slx,Second-order plant with one zero: 4-parameter estimation,"Pedro (TCC author per TCC - Main.tex \autor; all Estimacao de Parametros models share created timestamp 2015-08-06T17:19:04Z, i.e. Save-As descendants of one Pedro model).","Online parameter estimation by the gradient/MIT rule (theta_hat' = gamma*e0*signal), with saturation-based projection on the integrators. A PE square-wave reference r = r0 + q(t) is switched off by a relay (threshold 0.5) acting on the figure of merit epsilon = th'^T Q th' / (1 + th'^T Q th'). It estimates four lumped parameters (Teta1..Teta4) of a 2-pole, 1-zero plant. The input combines several ","Pedro's undergraduate final project (TCC) 'Identificacao de Parametros usando Adaptacao de Segundo Nivel' / slides 'Identificacao de Parametros atraves de Sinal Persistentemente Excitante com Esquema de Desligamento Automatico', advisor Aldayr Dantas de Araujo, 2015 (Mestrado/TCC/TCC - Relatorio - Latex/TCC - Main.tex; TCC - Apresentacao - Latex/abntex2-modelo-slides.tex, Dec 15 2015). Folder '2 p",experiment,medium,Documentos/Mestrado/TCC/Experimentos/Estimação de Parâmetros/2.1.Segunda Ordem - Parâmetros Aglutinados/2 polos 1 zero/SegOrdemZero.slx,74b05babedb0f73f4c5b7f811fe0638bafaf33d6
classwork/undergraduate/2015-2-tcc-parameter-estimation-pe-switch-off/code/2.1.Segunda Ordem - Parâmetros Aglutinados/2 polos 1 zero/SegOrdemZero.slx.original,Simulink backup of SegOrdemZero.slx made when the model was upgraded to a newer MATLAB release,same as the simulations in this folder,,companion file of the simulations in this folder,companion,high,Documentos/Mestrado/TCC/Experimentos/Estimação de Parâmetros/2.1.Segunda Ordem - Parâmetros Aglutinados/2 polos 1 zero/SegOrdemZero.slx.original,47c7daa9cd069f4fa224119f7144b8a9fb77a703
classwork/undergraduate/2015-2-tcc-parameter-estimation-pe-switch-off/code/2.1.Segunda Ordem - Parâmetros Aglutinados/2 polos/SegOrdem.slx,"Second-order plant identification with relay-based PE switch-off, references a/b/c (TCC final)","Pedro (TCC author per TCC - Main.tex \autor; all Estimacao de Parametros models share created timestamp 2015-08-06T17:19:04Z, i.e. Save-As descendants of one Pedro model).","Online parameter estimation by the gradient/MIT rule (theta_hat' = gamma*e0*signal), with saturation-based projection on the integrators. A PE square-wave reference r = r0 + q(t) is switched off by a relay (threshold 0.5) acting on the figure of merit epsilon = th'^T Q th' / (1 + th'^T Q th'). It estimates theta1..theta3 of the 2nd-order plant y'' = theta1*u - theta2*y - theta3*y' with true values","Pedro's undergraduate final project (TCC) 'Identificacao de Parametros usando Adaptacao de Segundo Nivel' / slides 'Identificacao de Parametros atraves de Sinal Persistentemente Excitante com Esquema de Desligamento Automatico', advisor Aldayr Dantas de Araujo, 2015 (Mestrado/TCC/TCC - Relatorio - Latex/TCC - Main.tex; TCC - Apresentacao - Latex/abntex2-modelo-slides.tex, Dec 15 2015). It produced",final,high,Documentos/Mestrado/TCC/Experimentos/Estimação de Parâmetros/2.1.Segunda Ordem - Parâmetros Aglutinados/2 polos/SegOrdem.slx,640332b65e60145e8a570ab13dedd55911388477
classwork/undergraduate/2015-2-tcc-parameter-estimation-pe-switch-off/code/2.1.Segunda Ordem - Parâmetros Aglutinados/2 polos/SegOrdem.slx.autosave,Simulink autosave of SegOrdem.slx (state at a crash/unsaved edit),same as the simulations in this folder,,companion file of the simulations in this folder,companion,high,Documentos/Mestrado/TCC/Experimentos/Estimação de Parâmetros/2.1.Segunda Ordem - Parâmetros Aglutinados/2 polos/SegOrdem.slx.autosave,f940f54eda88e3a7b1edf872c656fa93670c165d
classwork/undergraduate/2015-2-tcc-parameter-estimation-pe-switch-off/code/2.1.Segunda Ordem - Parâmetros Aglutinados/2 polos/SegOrdem.slx.original,Simulink backup of SegOrdem.slx made when the model was upgraded to a newer MATLAB release,same as the simulations in this folder,,companion file of the simulations in this folder,companion,high,Documentos/Mestrado/TCC/Experimentos/Estimação de Parâmetros/2.1.Segunda Ordem - Parâmetros Aglutinados/2 polos/SegOrdem.slx.original,aa60b819a0e09e419b09ebaf412c0dfc41e336ed
classwork/undergraduate/2015-2-tcc-parameter-estimation-pe-switch-off/code/2.1.Segunda Ordem - Parâmetros Aglutinados/2 polos/untitled.slx.autosave,Simulink autosave of untitled.slx (state at a crash/unsaved edit),same as the simulations in this folder,,companion file of the simulations in this folder,companion,high,Documentos/Mestrado/TCC/Experimentos/Estimação de Parâmetros/2.1.Segunda Ordem - Parâmetros Aglutinados/2 polos/untitled.slx.autosave,3c80388d52a20a136fc08c8209ae659dcf6a736a
classwork/undergraduate/2015-2-tcc-parameter-estimation-pe-switch-off/code/2.1.Segunda Ordem - Parâmetros Aglutinados/SegOrdem.slx,"Second-order lumped-parameter estimator, older layout (re-saved March 2016)","Pedro (TCC author per TCC - Main.tex \autor; all Estimacao de Parametros models share created timestamp 2015-08-06T17:19:04Z, i.e. Save-As descendants of one Pedro model).","Online parameter estimation by the gradient/MIT rule (theta_hat' = gamma*e0*signal), with saturation-based projection on the integrators. A PE square-wave reference r = r0 + q(t) is switched off by a relay (threshold 0.5) acting on the figure of merit epsilon = th'^T Q th' / (1 + th'^T Q th'). This is a 2nd-order version with the original Aug 2015 layout ('Estimativa de A/B/C', 'Modelo da Planta c","Pedro's undergraduate final project (TCC) 'Identificacao de Parametros usando Adaptacao de Segundo Nivel' / slides 'Identificacao de Parametros atraves de Sinal Persistentemente Excitante com Esquema de Desligamento Automatico', advisor Aldayr Dantas de Araujo, 2015 (Mestrado/TCC/TCC - Relatorio - Latex/TCC - Main.tex; TCC - Apresentacao - Latex/abntex2-modelo-slides.tex, Dec 15 2015). It sits in ",intermediate-version,medium,Documentos/Mestrado/TCC/Experimentos/Estimação de Parâmetros/2.1.Segunda Ordem - Parâmetros Aglutinados/SegOrdem.slx,07f850a42f35a3af8a5eeaa44fa62dac5ec0ca1a
classwork/undergraduate/2015-2-tcc-parameter-estimation-pe-switch-off/code/3.1.Terceira Ordem - Parâmetros Aglutinados/Experimento-Terceira ORdem - No Convergence.psimsch,3rd-order experiment 'No Convergence',Pedro (Pedro Yochinori Gushiken) - single-author reports credit only him; no other names found,"Version of the 3rd-order estimator saved to document a configuration in which the estimates do not converge. The file name records the outcome. Pedro kept it on purpose and reran it in September 2015 (51 MB smv) while writing the TCC, perhaps as a counter-example.",Personal experiment; TCC 3.1,failed,medium,Documentos/Mestrado/Controle Adaptativo/Experimentos/Experimento-Terceira ORdem - No Convergence.psimsch,81a01e2988f08413e14799ba9d69d5f67d82c6ca
classwork/undergraduate/2015-2-tcc-parameter-estimation-pe-switch-off/code/3.1.Terceira Ordem - Parâmetros Aglutinados/Experimento-Terceira ORdem - try to converge.psimsch,3rd-order experiment 'try to converge',Pedro (Pedro Yochinori Gushiken) - single-author reports credit only him; no other names found,Attempt to get the 3rd-order lumped-parameter estimator to converge by tweaking gains or initial values.,Personal experiment / TCC 3.1,intermediate-version,medium,Documentos/Mestrado/Controle Adaptativo/Experimentos/Experimento-Terceira ORdem - try to converge.psimsch,d7dbf9ab81ad5b3631847c0482ef30bd7c603ebb
classwork/undergraduate/2015-2-tcc-parameter-estimation-pe-switch-off/code/3.1.Terceira Ordem - Parâmetros Aglutinados/Experimento-Terceira ORdem impl.psimsch,3rd-order experiment 'impl' (basis for Unit 3),Pedro (Pedro Yochinori Gushiken) - single-author reports credit only him; no other names found,"June re-save of the 3rd-order estimator ('impl' = implementation), made one hour before the Unit 3 (List 3) schematics. It was most likely the template that was cut down to the 2nd-order plant (a, b, c) used in the List 3 report.","Bridge between the May experiments and lista_controle_adaptativo_3.pdf (3o Trabalho: identification of the 2nd-order plant, a) instantaneous gradient, b) +projection, c) integral cost, d) pure LS, e) LS with forgetting) + RelatórioUN3 e 4/relatório/Q1.tex (PDF 2015-06-22 22:32)",intermediate-version,low,Documentos/Mestrado/Controle Adaptativo/Experimentos/Experimento-Terceira ORdem impl.psimsch,20bee1ad6745687695faefdc2a752683ef690cfc
classwork/undergraduate/2015-2-tcc-parameter-estimation-pe-switch-off/code/3.1.Terceira Ordem - Parâmetros Aglutinados/Experimento-Terceira Ordem - 131barra110 - lembrar.psimsch,"3rd-order experiment, '131/110 – remember' version",Pedro (Pedro Yochinori Gushiken) - single-author reports credit only him; no other names found,"3rd-order plant estimator with lumped parameters (ÂCHAPEU..DCHAPEU, four parameters) and ε1 PE attenuation (a2q1..d2q1 terms, ε1 filtered). The suffix '131barra110 - lembrar' ('131/110 - remember') is a note-to-self about a value or ratio, possibly a gain or plant coefficient, whose meaning is lost.","Personal experiment; Later reused for Pedro's undergraduate TCC 'Identificação de Parâmetros através de Sinal PE com Esquema de Desligamento Automático' (advisor Aldayr, TCC - Main.pdf Nov 2015), copied into Mestrado/TCC/Experimentos/Estimação de Parâmetros (folder tree created 2015-08-20) (3.1 Terceira Ordem - Parâmetros Aglutinados)",experiment,medium,Documentos/Mestrado/Controle Adaptativo/Experimentos/Experimento-Terceira Ordem - 131barra110 - lembrar.psimsch,6c76961dda5b52dd8a5a5090e66620bacba68046
classwork/undergraduate/2015-2-tcc-parameter-estimation-pe-switch-off/code/3.1.Terceira Ordem - Parâmetros Aglutinados/Experimento-Terceira Ordem - 131barra110 - lembrar.smv,Waveforms: 3rd-order '131/110' run (Aug 2015),Pedro (Pedro Yochinori Gushiken) - single-author reports credit only him; no other names found,"SIMVIEW output of the '131barra110 - lembrar' 3rd-order estimator, rerun during the TCC in August 2015. It shows E0, X, X̂, the four estimates, ε1 and its terms, and the filtered ε1.","TCC (Later reused for Pedro's undergraduate TCC 'Identificação de Parâmetros através de Sinal PE com Esquema de Desligamento Automático' (advisor Aldayr, TCC - Main.pdf Nov 2015), copied into Mestrado/TCC/Experimentos/Estimação de Parâmetros (folder tree created 2015-08-20))",results-data,high,Documentos/Mestrado/TCC/Experimentos/Estimação de Parâmetros/3.1.Terceira Ordem - Parâmetros Aglutinados/Experimento-Terceira Ordem - 131barra110 - lembrar.smv,6453cc30df79dff5f12add4bd06d3252598afec7
classwork/undergraduate/2015-2-tcc-parameter-estimation-pe-switch-off/code/3.1.Terceira Ordem - Parâmetros Aglutinados/Experimento-Terceira Ordem - Final - Ganho.psimsch,3rd-order experiment 'Final – Ganho',Pedro (Pedro Yochinori Gushiken) - single-author reports credit only him; no other names found,"3rd-order PE-attenuation estimator, an early 'final' candidate with gain changes ('Ganho'). It is the largest of the series (44.9 KB), probably because of extra gain blocks or parameters.",Personal experiment / TCC 3.1,intermediate-version,medium,Documentos/Mestrado/Controle Adaptativo/Experimentos/Experimento-Terceira Ordem - Final - Ganho.psimsch,c451a6e3571811be02ecb897934198d9ed661147
classwork/undergraduate/2015-2-tcc-parameter-estimation-pe-switch-off/code/3.1.Terceira Ordem - Parâmetros Aglutinados/Experimento-Terceira Ordem - Final.psimsch,"3rd-order PE-attenuation experiment, Final",Pedro (Pedro Yochinori Gushiken) - single-author reports credit only him; no other names found,"Final May version of the 3rd-order (lumped-parameter) estimator with automatic PE attenuation. It was saved after the non-converging variants, so it is presumably the converging configuration.",Personal experiment; TCC 3.1,final,medium,Documentos/Mestrado/Controle Adaptativo/Experimentos/Experimento-Terceira Ordem - Final.psimsch,0514449dd27892502acd21bfce0606677532e39b
classwork/undergraduate/2015-2-tcc-parameter-estimation-pe-switch-off/code/Outros experimentos/AtrasoSim.slx,"Gradient estimation with transport delay, plant 1/(s^2+s) (delay experiment)",Pedro (likely; same Simulink profile and project folder),This tests online gradient parameter estimation when the plant has a transport delay of 10 s. Four copies of 1/(s^2+s) with delay blocks feed gradient estimators with gains 20 and 0.1. Squared-error terms are integrated and the results go to scopes. It is an exploratory study of how I/O delay affects the estimator. The TCC text lists I/O delay as a neglected effect.,"Pedro's undergraduate final project (TCC) 'Identificacao de Parametros usando Adaptacao de Segundo Nivel' / slides 'Identificacao de Parametros atraves de Sinal Persistentemente Excitante com Esquema de Desligamento Automatico', advisor Aldayr Dantas de Araujo, 2015 (Mestrado/TCC/TCC - Relatorio - Latex/TCC - Main.tex; TCC - Apresentacao - Latex/abntex2-modelo-slides.tex, Dec 15 2015). Stored in T",experiment,medium,Documentos/Mestrado/TCC/Experimentos/AtrasoSim.slx,3be1ed46c5b0d720db2d0c5056fc4ff694921943
classwork/undergraduate/2015-2-tcc-parameter-estimation-pe-switch-off/code/Outros experimentos/Caso9ControleRele.slx,"Relay / sign-function (variable-structure) control of an unstable first-order plant, 'Case 9'",Pedro (likely; same R2015a 'user' profile as the other files). Not confirmed by any document.,"Several parallel copies of a variable-structure (relay/sign) adaptive control loop. The unstable plant is 3/(s-10) and the reference model 200/(s+100). The control uses Signum blocks, relays with hysteresis +/-0.05 and -10 gains. Band-limited white noise (covariance 1e-5) is added to each copy and squared-error integrals are computed. It looks like a VS-MRAC-style test. What 'Caso 9' refers to was","Unclear. Created Sep 24 2015 and saved Oct 9 2015, the same period as Pedro's 'Sistemas Nao Lineares' Lista 1, which has a 'Controle com Rele, VS-MRAC' section, though that one used 1/(s-1) in PSIM. VS-MRAC is also advisor Aldayr's research topic. It is stored in TCC/Experimentos, but the TCC report does not mention it.",experiment,low,Documentos/Mestrado/TCC/Experimentos/Caso9ControleRele.slx,84297e2144e8c2fca522015aa8de951c2005e718
classwork/undergraduate/2015-2-tcc-parameter-estimation-pe-switch-off/code/Outros experimentos/EstimadorComAtraso.slx,"First-order-plus-delay estimator, fixed adaptation gain",Pedro (likely; same project folder/profile),"It keeps only the fixed-gain 'Modelo da Planta' subsystem (First Order Transfer Function Estimation Block) from ModeloPlanta.slx. It estimates the parameters and dead time of the plant 293/(s+122) under a variable transport delay, with initial constants 79.42 and 2, and a 100/(s+100) filter.",TCC/Experimentos follow-up on delay estimation (Dec 31 2015). Not referenced in any document.,experiment,medium,Documentos/Mestrado/TCC/Experimentos/EstimadorComAtraso.slx,518e8578400cd78c4404826bd8380b75d0b6e6ca
classwork/undergraduate/2015-2-tcc-parameter-estimation-pe-switch-off/code/Outros experimentos/EstimadorComAtrasoGammaChaveado.slx,First-order-plus-delay estimator with switched adaptation gain,"Pedro (likely; Save-As descendant of his slinkprovadeconceito.slx, created 2015-08-04T20:31:26Z)","It keeps only the 'Modelo da Planta, Gamma Chaveado' subsystem. Two atomic subsystems use relays on |error| to switch the adaptation gain, with thresholds retuned from 10/100/1000 down to 0.01/0.1 and gain constants 0.01/100. It estimates the plant 293/(s+122) with variable delay under a 10 rad/s sine input.",TCC/Experimentos follow-up on delay estimation (Dec 31 2015). Not referenced in any document.,experiment,medium,Documentos/Mestrado/TCC/Experimentos/EstimadorComAtrasoGammaChaveado.slx,c9e9b5ec90861bcd206a5e52a9573d03bc093b59
classwork/undergraduate/2015-2-tcc-parameter-estimation-pe-switch-off/code/Outros experimentos/ModeloPlanta.slx,First-order-plus-delay estimator: fixed-gamma vs switched-gamma comparison,"Pedro (likely; Save-As descendant of his slinkprovadeconceito.slx, same created timestamp 2015-08-04T20:31:26Z)","Two copies of a subsystem titled 'First Order Transfer Function Estimation Block' estimate the gain, pole and delay of a first-order plant with dead time. The plant is 293/(s+122) behind a variable transport delay, with constants 79.42 and 2 as initial values, and a sine input at 10 rad/s. One copy uses a fixed adaptation gain. The other ('Gamma Chaveado') switches the gain with relays on |error| ","TCC/Experimentos, Dec 31 2015, after the TCC presentation. It looks like a follow-up on estimation with I/O delay. Where the plant 293/(s+122) comes from is unknown. No document references it.",experiment,medium,Documentos/Mestrado/TCC/Experimentos/ModeloPlanta.slx,9045a2c4cde1fcdbb0f1d70fec87147012093466
classwork/undergraduate/2015-2-tcc-parameter-estimation-pe-switch-off/code/Outros experimentos/ModeloPlanta.slx.original,Simulink backup of ModeloPlanta.slx made when the model was upgraded to a newer MATLAB release,same as the simulations in this folder,,companion file of the simulations in this folder,companion,high,Documentos/Mestrado/TCC/Experimentos/ModeloPlanta.slx.original,c43c5f1b9006ccc0c0eb15848442ec41384b73e3
classwork/undergraduate/2015-2-tcc-parameter-estimation-pe-switch-off/code/Outros experimentos/slinkprovadeconceito.slx,Simulink proof-of-concept scratch model,"Pedro (likely; it shares the created timestamp 2015-08-04T20:31:26Z with ModeloPlanta.slx and EstimadorComAtrasoGammaChaveado.slx, which were Save-As'd from it)","A tiny test model: one subsystem holding a Clock, Step, Sine Wave, Derivative, two 1/(s^2+s+1) transfer functions and a link to the 'S-Function Examples' library. The name means 'Simulink proof of concept', so it looks like Pedro's first Simulink trial when the TCC experiments began.","Pedro's undergraduate final project (TCC) 'Identificacao de Parametros usando Adaptacao de Segundo Nivel' / slides 'Identificacao de Parametros atraves de Sinal Persistentemente Excitante com Esquema de Desligamento Automatico', advisor Aldayr Dantas de Araujo, 2015 (Mestrado/TCC/TCC - Relatorio - Latex/TCC - Main.tex; TCC - Apresentacao - Latex/abntex2-modelo-slides.tex, Dec 15 2015). Stored in M",test/scratch,medium,Documentos/Mestrado/TCC/Experimentos/slinkprovadeconceito.slx,28dd9872d0072b8a0ecdadd4f963aaf4c28ef82f
classwork/undergraduate/2015-2-tcc-parameter-estimation-pe-switch-off/code/Parametros de Simulacao/_outras versões/identif (MATLAB 2016-06-18).mat,Parameter structs for gradient and least-squares identification (June 2016),Pedro,"SimulacaoGrad: 0–40 s, h=1e-3, filter Aw=[0 1;-4 -4], plant Ap=[0 1;-2 -1], bp=[0;1], Γ=10I, x(0)=[0.2 0.3], β=0.1, reference amplitudes [1 .3 .4] at frequencies [0 1 2]. SimulacaoMQ: least squares with forgetting, 20 s, Ap=[0 1;-3 -2], bp=[1;0], P0=100I, β=0.5, Pmax=6e4, θ(0)=[0 2.1 3.1 1.1].","Controle Adaptativo (PPGEE/UFRN, Prof. Aldayr Dantas de Araújo) assignments, MATLAB re-implementation in 2016 (Mestrado/TCC/Controle Adaptativo/lista_controle_adaptativo_*.pdf). The identification assignment (gradient vs least-squares estimators).",parameters,high,MATLAB/MATLAB_Files_Old.rar!/identif.mat,d3eae52d184fcb9e96238378fd58ae27a213694d
classwork/undergraduate/2015-2-tcc-parameter-estimation-pe-switch-off/code/Parametros de Simulacao/all_from_yesterday.mat,Workspace with June 2016 course simulations: parameter structs + results,Pedro (probable),"Contains the SimulacaoGrad, SimulacaoMQ, SimulacaoAPPC and SimulacaoAstrom input structs plus the output structs res, resAPPC, res_AstHagg and ans (fields teta, x, z1, z1e, eo, saida_planta, m, u). It saves the previous day's runs of the identification, APPC and Åström–Hägglund assignments.","Controle Adaptativo (PPGEE/UFRN, Prof. Aldayr Dantas de Araújo) assignments, MATLAB re-implementation in 2016 (Mestrado/TCC/Controle Adaptativo/lista_controle_adaptativo_*.pdf).",results-data,high,MATLAB/Parametros de Simulacao/all_from_yesterday.mat,46a41ce049dc89f3a3734954af11ec4a2983a483
classwork/undergraduate/2015-2-tcc-parameter-estimation-pe-switch-off/code/Parametros de Simulacao/astrom.mat,Åström–Hägglund relay auto-tuning PID parameter struct,Pedro,"SimulacaoAstrom: 15 s, h=0.01, plant numerator [0 1], initial PID values N0=Td0=Ti0=0.1 and kp0=1, d0=0, relay limit 0.3, wait 300 steps, r0=1, M=5.","Controle Adaptativo (PPGEE/UFRN, Prof. Aldayr Dantas de Araújo) assignments, MATLAB re-implementation in 2016 (Mestrado/TCC/Controle Adaptativo/lista_controle_adaptativo_*.pdf). The Åström–Hägglund adaptive PID item of List 4.",parameters,high,MATLAB/MATLAB_Files_Old.rar!/astrom.mat,bb6bd87cbc84f1369eb27d3675586786954de551
classwork/undergraduate/2015-2-tcc-parameter-estimation-pe-switch-off/code/Parametros de Simulacao/matlab.mat,Workspace of the MRAC MIT-rule tuning runs (Mar 2016),Pedro (probable),"Auto-named workspace containing it, b, theta_estrela, ref, K, gamma, tadpt, contador_laco, loop, tout (1000×1), modelo_ref, theta_c_ini, B, falha, gamma_save and theta_c_estrela_MRAC_Direto, plus a 6 MB uint8 object blob (MCOS), probably a Simulink.SimulationOutput or figure. It looks like a loop that searched for adaptation gains, recording a failure flag and the saved γ.","Controle Adaptativo (PPGEE/UFRN, Prof. Aldayr Dantas de Araújo) assignments, MATLAB re-implementation in 2016 (Mestrado/TCC/Controle Adaptativo/lista_controle_adaptativo_*.pdf). Trabalho 1 (direct MRAC, MIT rule).",results-data,medium,MATLAB/Parametros de Simulacao/matlab.mat,3a7cdaa626d369739efde166f60c26abf7f13fb0
classwork/undergraduate/2015-2-tcc-parameter-estimation-pe-switch-off/code/Parametros de Simulacao/params.m,Parameters for the direct MRAC MIT-rule assignment (Trabalho 1),Pedro,"Script that sets the workspace variables for the direct MRAC with MIT rule: ref=1, plant it=[10 1], b=[0 11], ideal controller θc*=[0 1.5625 -0.5114 -0.25], reference model coefficients, γ=[0 1 1 1] and θc(0)=0.85θc*. Comments derive the matching conditions (t1*=1.5625, t2*=-0.5114, t3*=-0.25) and keep alternative γ values for the gradient rule.","Controle Adaptativo (PPGEE/UFRN, Prof. Aldayr Dantas de Araújo) assignments, MATLAB re-implementation in 2016 (Mestrado/TCC/Controle Adaptativo/lista_controle_adaptativo_*.pdf). List 1 ('MRAC direto ... a) regra do MIT'). It goes with the Simulink model Mestrado/MRACDireto_Trab1_Regra_MIT_Pedro.slx (group A).",parameters,medium,MATLAB/MATLAB_Files_Old.rar!/params.m,71dc83e9daa2cc08cbb0713cf3dabfd272bdb419
classwork/undergraduate/2015-2-tcc-parameter-estimation-pe-switch-off/code/Parametros de Simulacao/sim_MRAC.mat,"MRAC (input-output, filtered) parameter struct",Pedro,"simulacaoMRAC: 50 s, h=0.01, filter L=[1 1.5], filter M=1/(s²+5s+4), plant 1/(s²+3s+3), reference amplitudes [1 0 0] at frequencies [0 .3 1], P=I, γ=10, θ(0)=[1 1 1 2.5], θ_{2n-1}(0)=0.4, kp=3, km=4.","Controle Adaptativo (PPGEE/UFRN, Prof. Aldayr Dantas de Araújo) assignments, MATLAB re-implementation in 2016 (Mestrado/TCC/Controle Adaptativo/lista_controle_adaptativo_*.pdf). The MRAC item of List 4 (input-output MRAC for relative degree >1).",parameters,medium,MATLAB/MATLAB_Files_Old.rar!/sim_MRAC.mat,50f7cc4e12ebc2f8e820de242ed0c3247605b651
classwork/undergraduate/2015-2-tcc-parameter-estimation-pe-switch-off/code/Parametros de Simulacao/structs.mat,"Gradient + least-squares parameter structs (revised, Jun 20 2016)",Pedro,"SimulacaoGrad (25 s, filter as polynomial [1 4 4], Γ=30I, step reference) and SimulacaoMQ (FiltroW [1 4 4], Plinha=1e-4·I, minp=10, x(0)=[0.2 0.3], constant reference). This revision replaces the state-matrix filter of identif.mat with polynomial coefficients.","Controle Adaptativo (PPGEE/UFRN, Prof. Aldayr Dantas de Araújo) assignments, MATLAB re-implementation in 2016 (Mestrado/TCC/Controle Adaptativo/lista_controle_adaptativo_*.pdf). Identification assignment.",parameters,medium,MATLAB/MATLAB_Files_Old.rar!/structs.mat,888d3f491fb8b4f4576b7b15b3c06d59988bf9b4
classwork/undergraduate/2015-2-tcc-parameter-estimation-pe-switch-off/code/Parametros de Simulacao/thales.mat,Gradient-identification parameter struct prepared for colleague 'Thales',"Pedro (probable), for a colleague named Thales","SimulacaoGrad_thales: 10 s, h=1e-3, Aw=[0 1;-3 -2], plant Ap=[-2 0;1 0], bp=[1;0], P=0.1I, Γ=10I, x(0)=[1 1], θ(0)=[0 -0.5 1.8 1.4], β=0.1, reference amplitudes [1 .2 .5].","Controle Adaptativo (PPGEE/UFRN, Prof. Aldayr Dantas de Araújo) assignments, MATLAB re-implementation in 2016 (Mestrado/TCC/Controle Adaptativo/lista_controle_adaptativo_*.pdf). A variant set up for another student named Thales. MATLAB_Files_Old.rar also contains Astrom_Hagglund_Thales.m.",parameters,medium,MATLAB/MATLAB_Files_Old.rar!/thales.mat,d4823f4709ca26dd1a523a04696fa26aeaa1dfee
classwork/undergraduate/2015-2-tcc-parameter-estimation-pe-switch-off/code/PrimeiraOrdemQuadrado.slx,First-order plant parameter estimation with square-wave PE (earliest TCC estimator),"Pedro (TCC author per TCC - Main.tex \autor; all Estimacao de Parametros models share created timestamp 2015-08-06T17:19:04Z, i.e. Save-As descendants of one Pedro model).","Online parameter estimation by the gradient/MIT rule (theta_hat' = gamma*e0*signal), with saturation-based projection on the integrators. A PE square-wave reference r = r0 + q(t) is switched off by a relay (threshold 0.5) acting on the figure of merit epsilon = th'^T Q th' / (1 + th'^T Q th'). This version estimates two lumped parameters (A, B) of a first-order plant. A square-wave Pulse Generator","Pedro's undergraduate final project (TCC) 'Identificacao de Parametros usando Adaptacao de Segundo Nivel' / slides 'Identificacao de Parametros atraves de Sinal Persistentemente Excitante com Esquema de Desligamento Automatico', advisor Aldayr Dantas de Araujo, 2015 (Mestrado/TCC/TCC - Relatorio - Latex/TCC - Main.tex; TCC - Apresentacao - Latex/abntex2-modelo-slides.tex, Dec 15 2015).",intermediate-version,medium,Documentos/Mestrado/TCC/PrimeiraOrdemQuadrado.slx,33dba8ce0afba1bf8b47af8e02d82a6754205410
classwork/undergraduate/2015-2-tcc-parameter-estimation-pe-switch-off/code/Simulink (Aug 2015 copies)/ControleAdaptativoEstimaodeParmetrospors.prj,Simulink Project file for the models in this folder,same as the code in this folder,,companion file,companion,high,MATLAB/Simulink Files/Controle Adaptativo - Estimação de Parâmetros por sinal P.E/ControleAdaptativoEstimaodeParmetrospors.prj,8aaf4c6f51c39ca6d37233d17205eb14a6c3b544
classwork/undergraduate/2015-2-tcc-parameter-estimation-pe-switch-off/code/Simulink (Aug 2015 copies)/PrimeiraOrdem.slx,"TCC: first Simulink first-order estimator, sine PE with logic-based switch-off (Aug 6 2015)",Pedro,"This is the earliest Simulink model of the TCC estimator: online gradient estimation of a first-order (RL-type, R=1.2) plant from a parallel model. The figure-of-merit switch-off of the PE signal is built from relational operators, AND/OR logic and Switch blocks instead of the later Relay. It uses Data Store Read/Write blocks and a Band-Limited White Noise source (cov 0.1). The constants 230/250/6","Pedro's undergraduate TCC (Aug-Dec 2015, advisor Prof. Aldayr Dantas de Araujo): 'Identificacao de Parametros atraves de Sinal PE com Esquema de Desligamento Automatico' (Documentos/Mestrado/TCC/TCC - Relatorio - Latex/TCC - Main.tex). See Simulacoes MATLAB e PSIM/05 README",intermediate-version,high,MATLAB/MATLAB_Files_Old.rar!/Controle Adaptativo - Estimação de Parâmetros por sinal P.E/PrimeiraOrdem.slx,90d15e5992bd196635852cae23c52459ad9e9081
classwork/undergraduate/2015-2-tcc-parameter-estimation-pe-switch-off/code/Simulink (Aug 2015 copies)/PrimeiraOrdemQuadrado.slx,TCC: first-order estimator with square-wave PE and relay switch-off (Aug 13 2015 revision),Pedro,"Gradient estimation of the two lumped parameters (A, B) of a first-order plant. The PE input is a square-wave Pulse Generator (amplitude 100, period 0.1 s). A Relay (threshold 0.5) switches the PE off from the figure of merit epsilon. Adaptive gains are 0.008, integrator ICs 70/80, and saturations [1,500] and [1,300] act as projection. Annotations: 'Calculo de Epsilon', 'Estimativa de A/B', 'Model","Pedro's undergraduate TCC (Aug-Dec 2015, advisor Prof. Aldayr Dantas de Araujo): 'Identificacao de Parametros atraves de Sinal PE com Esquema de Desligamento Automatico' (Documentos/Mestrado/TCC/TCC - Relatorio - Latex/TCC - Main.tex). See Simulacoes MATLAB e PSIM/05 README",intermediate-version,high,MATLAB/MATLAB_Files_Old.rar!/Controle Adaptativo - Estimação de Parâmetros por sinal P.E/PrimeiraOrdemQuadrado.slx,ab68b365b25540b50e1713d8f7586e59c4ae87ba
classwork/undergraduate/2015-2-tcc-parameter-estimation-pe-switch-off/code/Simulink (Aug 2015 copies)/PrimeiraOrdemSeno.slx,TCC: first-order estimator with high-frequency sine PE (Aug 9 2015),Pedro,"This is a variant of PrimeiraOrdem where the PE signal is a sine (amplitude 100, 1000 rad/s). The adaptive gains are 0.1/5800 and 0.1, the initial estimates 115/80, and extra constants are 5 and -8. The switch-off still uses comparator/NOR logic and Switches rather than a Relay.","Pedro's undergraduate TCC (Aug-Dec 2015, advisor Prof. Aldayr Dantas de Araujo): 'Identificacao de Parametros atraves de Sinal PE com Esquema de Desligamento Automatico' (Documentos/Mestrado/TCC/TCC - Relatorio - Latex/TCC - Main.tex). See Simulacoes MATLAB e PSIM/05 README",experiment,high,MATLAB/MATLAB_Files_Old.rar!/Controle Adaptativo - Estimação de Parâmetros por sinal P.E/PrimeiraOrdemSeno.slx,1d59eed72eafffafaebf91dc1744510ea4425d89
classwork/undergraduate/2015-2-tcc-parameter-estimation-pe-switch-off/code/simLeo.slx,'simLeo': small unity-feedback loops with transport delay (for an unidentified 'Leo'),"Pedro (made on his machine: it was Save-As'd from the Oct 2015 MRAC model, same creation stamp); intended user unknown","Three independent step-response loops: 4/(s(s+1)) with a transport delay in the feedback path, 42/(s^2+s+28) in unity feedback with a step of 900, and 3.96/(s(s+1.1)) in unity feedback whose output is delayed. Output goes to simout/simulink_output. It looks like a classical-control homework check (delay effect on closed-loop response).","Unknown. The name suggests it was made for or with someone called Leo. The only 'Leonardo' in the Dropbox is Prof. Leonardo Rodrigues de Lima Teixeira, Pedro's TCC committee member, and nothing ties this file to him",test/scratch,low,MATLAB/MATLAB_Files_Old.rar!/simLeo.slx,4fac6133a39414c26ae2965ef0fa674910daee35
classwork/undergraduate/2015-2-tcc-parameter-estimation-pe-switch-off/reports/latex/TCC - Main.pdf,,,,,latex,,Documentos/Mestrado/TCC/TCC - Main.pdf,9bd380081da6df94956f4d4174a091bd59713744
classwork/undergraduate/2015-2-tcc-parameter-estimation-pe-switch-off/reports/latex/TCC - Main.tex,,,,,latex,,Documentos/Mestrado/Tese/TCC - Main.tex,0afc0413a88de9f419af180012a27156b47cf528
classwork/undergraduate/2015-2-tcc-parameter-estimation-pe-switch-off/reports/latex/abntex2-modelo-references.bib,,,,,latex,,Documentos/Mestrado/TCC/TCC - Relatório - Latex/abntex2-modelo-references.bib,ff8f0318d4df2ebe7639e6422193436cafa9384f
classwork/undergraduate/2015-2-tcc-parameter-estimation-pe-switch-off/reports/latex/bib-controleadaptativo.bib,,,,,latex,,Documentos/Mestrado/TCC/TCC - Relatório - Latex/bib-controleadaptativo.bib,55a0cef8aa311111c27d7ebfaa565fca0538e8cf
classwork/undergraduate/2015-2-tcc-parameter-estimation-pe-switch-off/reports/latex/pics/PlantaPrimeiraOrdemSemZeroEpsilon.png,,,,,latex,,Documentos/Mestrado/TCC/TCC - Relatório - Latex/pics/PlantaPrimeiraOrdemSemZeroEpsilon.png,7f09a1555e0a7497f8603df0916d8e6ee466ffc6
classwork/undergraduate/2015-2-tcc-parameter-estimation-pe-switch-off/reports/latex/pics/PlantaPrimeiraOrdemSemZeroEstimativas.png,,,,,latex,,Documentos/Mestrado/TCC/TCC - Relatório - Latex/pics/PlantaPrimeiraOrdemSemZeroEstimativas.png,405b8c3da129aab0d8008dcedd887d4265c5c7e2
classwork/undergraduate/2015-2-tcc-parameter-estimation-pe-switch-off/reports/latex/pics/PlantaPrimeiraOrdemSemZeroModeloPlanta.png,,,,,latex,,Documentos/Mestrado/TCC/TCC - Relatório - Latex/pics/PlantaPrimeiraOrdemSemZeroModeloPlanta.png,afa70d38f2a98317a909621fb2ac49100a5749fb
classwork/undergraduate/2015-2-tcc-parameter-estimation-pe-switch-off/reports/latex/pics/PlantaPrimeiraOrdemSemZeroPlanta.png,,,,,latex,,Documentos/Mestrado/TCC/TCC - Relatório - Latex/pics/PlantaPrimeiraOrdemSemZeroPlanta.png,0d521ad9125242e27c895db01809d7eb609a96ff
classwork/undergraduate/2015-2-tcc-parameter-estimation-pe-switch-off/reports/latex/pics/PlantaPrimeiraOrdemSemZeroU.png,,,,,latex,,Documentos/Mestrado/TCC/TCC - Relatório - Latex/pics/PlantaPrimeiraOrdemSemZeroU.png,a7c296b6d19ecf9fb846d3042313a04211d3f30f
classwork/undergraduate/2015-2-tcc-parameter-estimation-pe-switch-off/reports/latex/pics/PlantaSegundaOrdemEpsilon.png,,,,,latex,,Documentos/Mestrado/TCC/TCC - Relatório - Latex/pics/PlantaSegundaOrdemEpsilon.png,c1ff13250545575be508527a52abd711928c20ed
classwork/undergraduate/2015-2-tcc-parameter-estimation-pe-switch-off/reports/latex/pics/PlantaSegundaOrdemEstimativas.png,,,,,latex,,Documentos/Mestrado/TCC/TCC - Relatório - Latex/pics/PlantaSegundaOrdemEstimativas.png,3a56c19e81a526a7315bbcb5b9f16e5229210492
classwork/undergraduate/2015-2-tcc-parameter-estimation-pe-switch-off/reports/latex/pics/PlantaSegundaOrdemModeloPlanta.png,,,,,latex,,Documentos/Mestrado/TCC/TCC - Relatório - Latex/pics/PlantaSegundaOrdemModeloPlanta.png,f6f9c1b77933ac03bd356224a02aeb34e678a688
classwork/undergraduate/2015-2-tcc-parameter-estimation-pe-switch-off/reports/latex/pics/PlantaSegundaOrdemPlanta.png,,,,,latex,,Documentos/Mestrado/TCC/TCC - Relatório - Latex/pics/PlantaSegundaOrdemPlanta.png,722b7e09e8ba52258fb03c708e2e89d1968f69d7
classwork/undergraduate/2015-2-tcc-parameter-estimation-pe-switch-off/reports/latex/pics/PlantaSegundaOrdemU.png,,,,,latex,,Documentos/Mestrado/TCC/TCC - Relatório - Latex/pics/PlantaSegundaOrdemU.png,a7c296b6d19ecf9fb846d3042313a04211d3f30f
classwork/undergraduate/2015-2-tcc-parameter-estimation-pe-switch-off/reports/latex/pics/ResultadoPrimeiraOrdemEstimativaE0RefA.png,,,,,latex,,Documentos/Mestrado/TCC/TCC - Relatório - Latex/pics/ResultadoPrimeiraOrdemEstimativaE0RefA.png,26e1506eb4842610520a50d5bec08e50b8e200fd
classwork/undergraduate/2015-2-tcc-parameter-estimation-pe-switch-off/reports/latex/pics/ResultadoPrimeiraOrdemEstimativaE0RefB.png,,,,,latex,,Documentos/Mestrado/TCC/TCC - Relatório - Latex/pics/ResultadoPrimeiraOrdemEstimativaE0RefB.png,7a35a9890db548365b807cc411082d4394fa0575
classwork/undergraduate/2015-2-tcc-parameter-estimation-pe-switch-off/reports/latex/pics/ResultadoPrimeiraOrdemEstimativaE0RefC.png,,,,,latex,,Documentos/Mestrado/TCC/TCC - Relatório - Latex/pics/ResultadoPrimeiraOrdemEstimativaE0RefC.png,ed61757f168417ce3e710239dc934e8b4a818d47
classwork/undergraduate/2015-2-tcc-parameter-estimation-pe-switch-off/reports/latex/pics/ResultadoPrimeiraOrdemEstimativaEpsilonRefA.png,,,,,latex,,Documentos/Mestrado/TCC/TCC - Relatório - Latex/pics/ResultadoPrimeiraOrdemEstimativaEpsilonRefA.png,bdab39c1b52f5bed4083277d50cfe2e6e1d96c9b
classwork/undergraduate/2015-2-tcc-parameter-estimation-pe-switch-off/reports/latex/pics/ResultadoPrimeiraOrdemEstimativaEpsilonRefB.png,,,,,latex,,Documentos/Mestrado/TCC/TCC - Relatório - Latex/pics/ResultadoPrimeiraOrdemEstimativaEpsilonRefB.png,526617c4ca32b89364cedfd57e372d39c9f9989a
classwork/undergraduate/2015-2-tcc-parameter-estimation-pe-switch-off/reports/latex/pics/ResultadoPrimeiraOrdemEstimativaTheta1RefA.png,,,,,latex,,Documentos/Mestrado/TCC/TCC - Relatório - Latex/pics/ResultadoPrimeiraOrdemEstimativaTheta1RefA.png,ce936781e448ce57e928cff74e84e51cf61d0b4f
classwork/undergraduate/2015-2-tcc-parameter-estimation-pe-switch-off/reports/latex/pics/ResultadoPrimeiraOrdemEstimativaTheta1RefB.png,,,,,latex,,Documentos/Mestrado/TCC/TCC - Relatório - Latex/pics/ResultadoPrimeiraOrdemEstimativaTheta1RefB.png,694c36af0ad0abab9f964a00b6f519951055f817
classwork/undergraduate/2015-2-tcc-parameter-estimation-pe-switch-off/reports/latex/pics/ResultadoPrimeiraOrdemEstimativaTheta1RefC.png,,,,,latex,,Documentos/Mestrado/TCC/TCC - Relatório - Latex/pics/ResultadoPrimeiraOrdemEstimativaTheta1RefC.png,e80714d8ec6d3c2e196da8cb7147802630bb2c65
classwork/undergraduate/2015-2-tcc-parameter-estimation-pe-switch-off/reports/latex/pics/ResultadoPrimeiraOrdemEstimativaTheta2RefA.png,,,,,latex,,Documentos/Mestrado/TCC/TCC - Relatório - Latex/pics/ResultadoPrimeiraOrdemEstimativaTheta2RefA.png,5a76a9c19e264a06afe39d7b43b4799590378d04
classwork/undergraduate/2015-2-tcc-parameter-estimation-pe-switch-off/reports/latex/pics/ResultadoPrimeiraOrdemEstimativaTheta2RefB.png,,,,,latex,,Documentos/Mestrado/TCC/TCC - Relatório - Latex/pics/ResultadoPrimeiraOrdemEstimativaTheta2RefB.png,61fc230e5389d49bf38b3badd7f2aa2ad99c64c3
classwork/undergraduate/2015-2-tcc-parameter-estimation-pe-switch-off/reports/latex/pics/ResultadoPrimeiraOrdemEstimativaTheta2RefC.png,,,,,latex,,Documentos/Mestrado/TCC/TCC - Relatório - Latex/pics/ResultadoPrimeiraOrdemEstimativaTheta2RefC.png,77673dfe6459f7e7a9962f794fde0b55ea1c38de
classwork/undergraduate/2015-2-tcc-parameter-estimation-pe-switch-off/reports/latex/pics/ResultadoPrimeiraOrdemEstimativaYRefA.png,,,,,latex,,Documentos/Mestrado/TCC/TCC - Relatório - Latex/pics/ResultadoPrimeiraOrdemEstimativaYRefA.png,78e376b9ab28f2d49213a2549a31e2b720c69573
classwork/undergraduate/2015-2-tcc-parameter-estimation-pe-switch-off/reports/latex/pics/ResultadoPrimeiraOrdemEstimativaYRefB.png,,,,,latex,,Documentos/Mestrado/TCC/TCC - Relatório - Latex/pics/ResultadoPrimeiraOrdemEstimativaYRefB.png,f64100ed30a640ff190f81a96b40ee99b516b4df
classwork/undergraduate/2015-2-tcc-parameter-estimation-pe-switch-off/reports/latex/pics/ResultadoPrimeiraOrdemEstimativaYRefC.png,,,,,latex,,Documentos/Mestrado/TCC/TCC - Relatório - Latex/pics/ResultadoPrimeiraOrdemEstimativaYRefC.png,c509806d4858b79011bc3435b8252927bc0daf76
classwork/undergraduate/2015-2-tcc-parameter-estimation-pe-switch-off/reports/latex/pics/ResultadoPrimeiraOrdemEstimativaYcRefA.png,,,,,latex,,Documentos/Mestrado/TCC/TCC - Relatório - Latex/pics/ResultadoPrimeiraOrdemEstimativaYcRefA.png,47c59cc1fdffa85747030b9519ff2007f710a742
classwork/undergraduate/2015-2-tcc-parameter-estimation-pe-switch-off/reports/latex/pics/ResultadoPrimeiraOrdemEstimativaYcRefB.png,,,,,latex,,Documentos/Mestrado/TCC/TCC - Relatório - Latex/pics/ResultadoPrimeiraOrdemEstimativaYcRefB.png,82d4640e3c9308feeee3f8f6524cc4f42e599028
classwork/undergraduate/2015-2-tcc-parameter-estimation-pe-switch-off/reports/latex/pics/ResultadoPrimeiraOrdemEstimativaYcRefC.png,,,,,latex,,Documentos/Mestrado/TCC/TCC - Relatório - Latex/pics/ResultadoPrimeiraOrdemEstimativaYcRefC.png,f70cbc199a45ecc82f8df7e8329883643e942e9a
classwork/undergraduate/2015-2-tcc-parameter-estimation-pe-switch-off/reports/latex/pics/ResultadoSegundaOrdemEstimativaE0RefA.png,,,,,latex,,Documentos/Mestrado/TCC/TCC - Relatório - Latex/pics/ResultadoSegundaOrdemEstimativaE0RefA.png,addc469c6e235d71ee2b087e11defd0bf7eeb730
classwork/undergraduate/2015-2-tcc-parameter-estimation-pe-switch-off/reports/latex/pics/ResultadoSegundaOrdemEstimativaE0RefB.png,,,,,latex,,Documentos/Mestrado/TCC/TCC - Relatório - Latex/pics/ResultadoSegundaOrdemEstimativaE0RefB.png,d5ab339fbb34c2a9df3ccc77921ee6c447d82319
classwork/undergraduate/2015-2-tcc-parameter-estimation-pe-switch-off/reports/latex/pics/ResultadoSegundaOrdemEstimativaE0RefC.png,,,,,latex,,Documentos/Mestrado/TCC/TCC - Relatório - Latex/pics/ResultadoSegundaOrdemEstimativaE0RefC.png,8e5619c5dcc5f1826a3369848e903d16c8a20950
classwork/undergraduate/2015-2-tcc-parameter-estimation-pe-switch-off/reports/latex/pics/ResultadoSegundaOrdemEstimativaEpsilonRefA.png,,,,,latex,,Documentos/Mestrado/TCC/TCC - Relatório - Latex/pics/ResultadoSegundaOrdemEstimativaEpsilonRefA.png,32ec8efc6eb0564f408a99d9c3b84179ee39476b
classwork/undergraduate/2015-2-tcc-parameter-estimation-pe-switch-off/reports/latex/pics/ResultadoSegundaOrdemEstimativaEpsilonRefB.png,,,,,latex,,Documentos/Mestrado/TCC/TCC - Relatório - Latex/pics/ResultadoSegundaOrdemEstimativaEpsilonRefB.png,70656d66f02583b386e4dff761ad674e7f006e08
classwork/undergraduate/2015-2-tcc-parameter-estimation-pe-switch-off/reports/latex/pics/ResultadoSegundaOrdemEstimativaTheta1RefA.png,,,,,latex,,Documentos/Mestrado/TCC/TCC - Relatório - Latex/pics/ResultadoSegundaOrdemEstimativaTheta1RefA.png,675fb6f5774c3c7ac03af6ee8fa615e558b72f54
classwork/undergraduate/2015-2-tcc-parameter-estimation-pe-switch-off/reports/latex/pics/ResultadoSegundaOrdemEstimativaTheta1RefB.png,,,,,latex,,Documentos/Mestrado/TCC/TCC - Relatório - Latex/pics/ResultadoSegundaOrdemEstimativaTheta1RefB.png,60c511751bdd7291e2a96a37bf7aa9fbcea8abb7
classwork/undergraduate/2015-2-tcc-parameter-estimation-pe-switch-off/reports/latex/pics/ResultadoSegundaOrdemEstimativaTheta1RefC.png,,,,,latex,,Documentos/Mestrado/TCC/TCC - Relatório - Latex/pics/ResultadoSegundaOrdemEstimativaTheta1RefC.png,c2ec405603a8380a2127d5a5353230fcc942f80a
classwork/undergraduate/2015-2-tcc-parameter-estimation-pe-switch-off/reports/latex/pics/ResultadoSegundaOrdemEstimativaTheta2RefA.png,,,,,latex,,Documentos/Mestrado/TCC/TCC - Relatório - Latex/pics/ResultadoSegundaOrdemEstimativaTheta2RefA.png,e8b51ed6943519734764a2dbfa86ce347e5ba605
classwork/undergraduate/2015-2-tcc-parameter-estimation-pe-switch-off/reports/latex/pics/ResultadoSegundaOrdemEstimativaTheta2RefB.png,,,,,latex,,Documentos/Mestrado/TCC/TCC - Relatório - Latex/pics/ResultadoSegundaOrdemEstimativaTheta2RefB.png,f310da65df6f354a2064e382f31653736983649e
classwork/undergraduate/2015-2-tcc-parameter-estimation-pe-switch-off/reports/latex/pics/ResultadoSegundaOrdemEstimativaTheta2RefC.png,,,,,latex,,Documentos/Mestrado/TCC/TCC - Relatório - Latex/pics/ResultadoSegundaOrdemEstimativaTheta2RefC.png,1ecefbc0077f91d4377f2a226dc2e8cc2a2a2e80
classwork/undergraduate/2015-2-tcc-parameter-estimation-pe-switch-off/reports/latex/pics/ResultadoSegundaOrdemEstimativaTheta3RefA.png,,,,,latex,,Documentos/Mestrado/TCC/TCC - Relatório - Latex/pics/ResultadoSegundaOrdemEstimativaTheta3RefA.png,b2757a73b01bf285bdba5c1213181e78230df853
classwork/undergraduate/2015-2-tcc-parameter-estimation-pe-switch-off/reports/latex/pics/ResultadoSegundaOrdemEstimativaTheta3RefB.png,,,,,latex,,Documentos/Mestrado/TCC/TCC - Relatório - Latex/pics/ResultadoSegundaOrdemEstimativaTheta3RefB.png,7462df0a846e125323353e7c7ba0c8cad41aab34
classwork/undergraduate/2015-2-tcc-parameter-estimation-pe-switch-off/reports/latex/pics/ResultadoSegundaOrdemEstimativaTheta3RefC.png,,,,,latex,,Documentos/Mestrado/TCC/TCC - Relatório - Latex/pics/ResultadoSegundaOrdemEstimativaTheta3RefC.png,4e7eeadf56142d7dabb1f3de3b3b6fd9107e10ea
classwork/undergraduate/2015-2-tcc-parameter-estimation-pe-switch-off/reports/latex/pics/ResultadoSegundaOrdemEstimativaYRefA.png,,,,,latex,,Documentos/Mestrado/TCC/TCC - Relatório - Latex/pics/ResultadoSegundaOrdemEstimativaYRefA.png,22e11fd008bfa4c9a1859e6c207d355dcfc71e9c
classwork/undergraduate/2015-2-tcc-parameter-estimation-pe-switch-off/reports/latex/pics/ResultadoSegundaOrdemEstimativaYRefB.png,,,,,latex,,Documentos/Mestrado/TCC/TCC - Relatório - Latex/pics/ResultadoSegundaOrdemEstimativaYRefB.png,82b6d8fdb5972238a46eebcada346fd689d3d676
classwork/undergraduate/2015-2-tcc-parameter-estimation-pe-switch-off/reports/latex/pics/ResultadoSegundaOrdemEstimativaYRefC.png,,,,,latex,,Documentos/Mestrado/TCC/TCC - Relatório - Latex/pics/ResultadoSegundaOrdemEstimativaYRefC.png,f2054d596d1cd01034aa61ceff9d08ba2a3fd367
classwork/undergraduate/2015-2-tcc-parameter-estimation-pe-switch-off/reports/latex/pics/ResultadoSegundaOrdemEstimativaYcRefA.png,,,,,latex,,Documentos/Mestrado/TCC/TCC - Relatório - Latex/pics/ResultadoSegundaOrdemEstimativaYcRefA.png,19e760b615e903ad99b434d46b71320fe7cc4451
classwork/undergraduate/2015-2-tcc-parameter-estimation-pe-switch-off/reports/latex/pics/ResultadoSegundaOrdemEstimativaYcRefB.png,,,,,latex,,Documentos/Mestrado/TCC/TCC - Relatório - Latex/pics/ResultadoSegundaOrdemEstimativaYcRefB.png,71d2ca32988d887657d3f891a8e9420c239af6a0
classwork/undergraduate/2015-2-tcc-parameter-estimation-pe-switch-off/reports/latex/pics/ResultadoSegundaOrdemEstimativaYcRefC.png,,,,,latex,,Documentos/Mestrado/TCC/TCC - Relatório - Latex/pics/ResultadoSegundaOrdemEstimativaYcRefC.png,d0cd3691f8014b6657674776b34175b98199e383
classwork/undergraduate/2015-2-tcc-parameter-estimation-pe-switch-off/slides/abntex2-modelo-slides.pdf,,,,,latex,,Documentos/Mestrado/TCC/TCC - Apresentação - Latex/abntex2-modelo-slides.pdf,b992b4eae126cd6b6f6ed20cbd6b5afedb1d6e8b
classwork/undergraduate/2015-2-tcc-parameter-estimation-pe-switch-off/slides/abntex2-modelo-slides.tex,,,,,latex,,Documentos/Mestrado/TCC/TCC - Apresentação - Latex/abntex2-modelo-slides.tex,54019c1dc06006ec572409c61bbed320e445ef34
classwork/undergraduate/2015-2-tcc-parameter-estimation-pe-switch-off/slides/bib-controleadaptativo.bib,,,,,latex,,Documentos/Mestrado/TCC/TCC - Apresentação - Latex/bib-controleadaptativo.bib,55a0cef8aa311111c27d7ebfaa565fca0538e8cf
classwork/undergraduate/2015-2-tcc-parameter-estimation-pe-switch-off/slides/pics/EntradaU.png,,,,,latex,,Documentos/Mestrado/TCC/TCC - Apresentação - Latex/pics/EntradaU.png,0e0f7ccadf2672e4aaae0afe1f0e202684644caf
classwork/undergraduate/2015-2-tcc-parameter-estimation-pe-switch-off/slides/pics/EntradaURefA.png,,,,,latex,,Documentos/Mestrado/TCC/TCC - Apresentação - Latex/pics/EntradaURefA.png,15291beb741792c595bcff6e4476e12eba2a1c75
classwork/undergraduate/2015-2-tcc-parameter-estimation-pe-switch-off/slides/pics/EntradaUSegOrdem.png,,,,,latex,,Documentos/Mestrado/TCC/TCC - Apresentação - Latex/pics/EntradaUSegOrdem.png,2a3fc72646ef2c0beab25f7f4b9c1fcdc3bba7d9
classwork/undergraduate/2015-2-tcc-parameter-estimation-pe-switch-off/slides/pics/EntradaUSegOrdemRefC.png,,,,,latex,,Documentos/Mestrado/TCC/TCC - Apresentação - Latex/pics/EntradaUSegOrdemRefC.png,13bf4d1e43ac0526942e473df626ea8080a7613b
classwork/undergraduate/2015-2-tcc-parameter-estimation-pe-switch-off/slides/pics/PlantaPrimeiraOrdemSemZeroEpsilon.png,,,,,latex,,Documentos/Mestrado/TCC/TCC - Apresentação - Latex/pics/PlantaPrimeiraOrdemSemZeroEpsilon.png,7f09a1555e0a7497f8603df0916d8e6ee466ffc6
classwork/undergraduate/2015-2-tcc-parameter-estimation-pe-switch-off/slides/pics/PlantaPrimeiraOrdemSemZeroEstimativas.png,,,,,latex,,Documentos/Mestrado/TCC/TCC - Apresentação - Latex/pics/PlantaPrimeiraOrdemSemZeroEstimativas.png,405b8c3da129aab0d8008dcedd887d4265c5c7e2
classwork/undergraduate/2015-2-tcc-parameter-estimation-pe-switch-off/slides/pics/PlantaPrimeiraOrdemSemZeroModeloPlanta.png,,,,,latex,,Documentos/Mestrado/TCC/TCC - Apresentação - Latex/pics/PlantaPrimeiraOrdemSemZeroModeloPlanta.png,afa70d38f2a98317a909621fb2ac49100a5749fb
classwork/undergraduate/2015-2-tcc-parameter-estimation-pe-switch-off/slides/pics/PlantaPrimeiraOrdemSemZeroPlanta.png,,,,,latex,,Documentos/Mestrado/TCC/TCC - Apresentação - Latex/pics/PlantaPrimeiraOrdemSemZeroPlanta.png,0d521ad9125242e27c895db01809d7eb609a96ff
classwork/undergraduate/2015-2-tcc-parameter-estimation-pe-switch-off/slides/pics/PlantaPrimeiraOrdemSemZeroU.png,,,,,latex,,Documentos/Mestrado/TCC/TCC - Apresentação - Latex/pics/PlantaPrimeiraOrdemSemZeroU.png,a7c296b6d19ecf9fb846d3042313a04211d3f30f
classwork/undergraduate/2015-2-tcc-parameter-estimation-pe-switch-off/slides/pics/PlantaSegundaOrdemEpsilon.png,,,,,latex,,Documentos/Mestrado/TCC/TCC - Apresentação - Latex/pics/PlantaSegundaOrdemEpsilon.png,c1ff13250545575be508527a52abd711928c20ed
classwork/undergraduate/2015-2-tcc-parameter-estimation-pe-switch-off/slides/pics/PlantaSegundaOrdemEstimativas.png,,,,,latex,,Documentos/Mestrado/TCC/TCC - Apresentação - Latex/pics/PlantaSegundaOrdemEstimativas.png,3a56c19e81a526a7315bbcb5b9f16e5229210492
classwork/undergraduate/2015-2-tcc-parameter-estimation-pe-switch-off/slides/pics/PlantaSegundaOrdemModeloPlanta.png,,,,,latex,,Documentos/Mestrado/TCC/TCC - Apresentação - Latex/pics/PlantaSegundaOrdemModeloPlanta.png,f6f9c1b77933ac03bd356224a02aeb34e678a688
classwork/undergraduate/2015-2-tcc-parameter-estimation-pe-switch-off/slides/pics/PlantaSegundaOrdemPlanta.png,,,,,latex,,Documentos/Mestrado/TCC/TCC - Apresentação - Latex/pics/PlantaSegundaOrdemPlanta.png,722b7e09e8ba52258fb03c708e2e89d1968f69d7
classwork/undergraduate/2015-2-tcc-parameter-estimation-pe-switch-off/slides/pics/PlantaSegundaOrdemU.png,,,,,latex,,Documentos/Mestrado/TCC/TCC - Apresentação - Latex/pics/PlantaSegundaOrdemU.png,a7c296b6d19ecf9fb846d3042313a04211d3f30f
classwork/undergraduate/2015-2-tcc-parameter-estimation-pe-switch-off/slides/pics/ResultadoPrimeiraOrdemEstimativaE0RefA.png,,,,,latex,,Documentos/Mestrado/TCC/TCC - Apresentação - Latex/pics/ResultadoPrimeiraOrdemEstimativaE0RefA.png,26e1506eb4842610520a50d5bec08e50b8e200fd
classwork/undergraduate/2015-2-tcc-parameter-estimation-pe-switch-off/slides/pics/ResultadoPrimeiraOrdemEstimativaE0RefC.png,,,,,latex,,Documentos/Mestrado/TCC/TCC - Apresentação - Latex/pics/ResultadoPrimeiraOrdemEstimativaE0RefC.png,ed61757f168417ce3e710239dc934e8b4a818d47
classwork/undergraduate/2015-2-tcc-parameter-estimation-pe-switch-off/slides/pics/ResultadoPrimeiraOrdemEstimativaEpsilonRefA.png,,,,,latex,,Documentos/Mestrado/TCC/TCC - Apresentação - Latex/pics/ResultadoPrimeiraOrdemEstimativaEpsilonRefA.png,bdab39c1b52f5bed4083277d50cfe2e6e1d96c9b
classwork/undergraduate/2015-2-tcc-parameter-estimation-pe-switch-off/slides/pics/ResultadoPrimeiraOrdemEstimativaTheta1RefA.png,,,,,latex,,Documentos/Mestrado/TCC/TCC - Apresentação - Latex/pics/ResultadoPrimeiraOrdemEstimativaTheta1RefA.png,ce936781e448ce57e928cff74e84e51cf61d0b4f
classwork/undergraduate/2015-2-tcc-parameter-estimation-pe-switch-off/slides/pics/ResultadoPrimeiraOrdemEstimativaTheta1RefC.png,,,,,latex,,Documentos/Mestrado/TCC/TCC - Apresentação - Latex/pics/ResultadoPrimeiraOrdemEstimativaTheta1RefC.png,e80714d8ec6d3c2e196da8cb7147802630bb2c65
classwork/undergraduate/2015-2-tcc-parameter-estimation-pe-switch-off/slides/pics/ResultadoPrimeiraOrdemEstimativaTheta2RefA.png,,,,,latex,,Documentos/Mestrado/TCC/TCC - Apresentação - Latex/pics/ResultadoPrimeiraOrdemEstimativaTheta2RefA.png,5a76a9c19e264a06afe39d7b43b4799590378d04
classwork/undergraduate/2015-2-tcc-parameter-estimation-pe-switch-off/slides/pics/ResultadoPrimeiraOrdemEstimativaTheta2RefC.png,,,,,latex,,Documentos/Mestrado/TCC/TCC - Apresentação - Latex/pics/ResultadoPrimeiraOrdemEstimativaTheta2RefC.png,77673dfe6459f7e7a9962f794fde0b55ea1c38de
classwork/undergraduate/2015-2-tcc-parameter-estimation-pe-switch-off/slides/pics/ResultadoPrimeiraOrdemEstimativaYRefA.png,,,,,latex,,Documentos/Mestrado/TCC/TCC - Apresentação - Latex/pics/ResultadoPrimeiraOrdemEstimativaYRefA.png,78e376b9ab28f2d49213a2549a31e2b720c69573
classwork/undergraduate/2015-2-tcc-parameter-estimation-pe-switch-off/slides/pics/ResultadoPrimeiraOrdemEstimativaYRefC.png,,,,,latex,,Documentos/Mestrado/TCC/TCC - Apresentação - Latex/pics/ResultadoPrimeiraOrdemEstimativaYRefC.png,c509806d4858b79011bc3435b8252927bc0daf76
classwork/undergraduate/2015-2-tcc-parameter-estimation-pe-switch-off/slides/pics/ResultadoPrimeiraOrdemEstimativaYcRefA.png,,,,,latex,,Documentos/Mestrado/TCC/TCC - Apresentação - Latex/pics/ResultadoPrimeiraOrdemEstimativaYcRefA.png,47c59cc1fdffa85747030b9519ff2007f710a742
classwork/undergraduate/2015-2-tcc-parameter-estimation-pe-switch-off/slides/pics/ResultadoPrimeiraOrdemEstimativaYcRefC.png,,,,,latex,,Documentos/Mestrado/TCC/TCC - Apresentação - Latex/pics/ResultadoPrimeiraOrdemEstimativaYcRefC.png,f70cbc199a45ecc82f8df7e8329883643e942e9a
classwork/undergraduate/2015-2-tcc-parameter-estimation-pe-switch-off/slides/pics/ResultadoSegundaOrdemEstimativaE0RefA.png,,,,,latex,,Documentos/Mestrado/TCC/TCC - Apresentação - Latex/pics/ResultadoSegundaOrdemEstimativaE0RefA.png,addc469c6e235d71ee2b087e11defd0bf7eeb730
classwork/undergraduate/2015-2-tcc-parameter-estimation-pe-switch-off/slides/pics/ResultadoSegundaOrdemEstimativaE0RefC.png,,,,,latex,,Documentos/Mestrado/TCC/TCC - Apresentação - Latex/pics/ResultadoSegundaOrdemEstimativaE0RefC.png,8e5619c5dcc5f1826a3369848e903d16c8a20950
classwork/undergraduate/2015-2-tcc-parameter-estimation-pe-switch-off/slides/pics/ResultadoSegundaOrdemEstimativaEpsilonRefA.png,,,,,latex,,Documentos/Mestrado/TCC/TCC - Apresentação - Latex/pics/ResultadoSegundaOrdemEstimativaEpsilonRefA.png,32ec8efc6eb0564f408a99d9c3b84179ee39476b
classwork/undergraduate/2015-2-tcc-parameter-estimation-pe-switch-off/slides/pics/ResultadoSegundaOrdemEstimativaTheta1RefA.png,,,,,latex,,Documentos/Mestrado/TCC/TCC - Apresentação - Latex/pics/ResultadoSegundaOrdemEstimativaTheta1RefA.png,675fb6f5774c3c7ac03af6ee8fa615e558b72f54
classwork/undergraduate/2015-2-tcc-parameter-estimation-pe-switch-off/slides/pics/ResultadoSegundaOrdemEstimativaTheta1RefC.png,,,,,latex,,Documentos/Mestrado/TCC/TCC - Apresentação - Latex/pics/ResultadoSegundaOrdemEstimativaTheta1RefC.png,c2ec405603a8380a2127d5a5353230fcc942f80a
classwork/undergraduate/2015-2-tcc-parameter-estimation-pe-switch-off/slides/pics/ResultadoSegundaOrdemEstimativaTheta2RefA.png,,,,,latex,,Documentos/Mestrado/TCC/TCC - Apresentação - Latex/pics/ResultadoSegundaOrdemEstimativaTheta2RefA.png,e8b51ed6943519734764a2dbfa86ce347e5ba605
classwork/undergraduate/2015-2-tcc-parameter-estimation-pe-switch-off/slides/pics/ResultadoSegundaOrdemEstimativaTheta2RefC.png,,,,,latex,,Documentos/Mestrado/TCC/TCC - Apresentação - Latex/pics/ResultadoSegundaOrdemEstimativaTheta2RefC.png,1ecefbc0077f91d4377f2a226dc2e8cc2a2a2e80
classwork/undergraduate/2015-2-tcc-parameter-estimation-pe-switch-off/slides/pics/ResultadoSegundaOrdemEstimativaTheta3RefA.png,,,,,latex,,Documentos/Mestrado/TCC/TCC - Apresentação - Latex/pics/ResultadoSegundaOrdemEstimativaTheta3RefA.png,b2757a73b01bf285bdba5c1213181e78230df853
classwork/undergraduate/2015-2-tcc-parameter-estimation-pe-switch-off/slides/pics/ResultadoSegundaOrdemEstimativaTheta3RefC.png,,,,,latex,,Documentos/Mestrado/TCC/TCC - Apresentação - Latex/pics/ResultadoSegundaOrdemEstimativaTheta3RefC.png,4e7eeadf56142d7dabb1f3de3b3b6fd9107e10ea
classwork/undergraduate/2015-2-tcc-parameter-estimation-pe-switch-off/slides/pics/ResultadoSegundaOrdemEstimativaYRefA.png,,,,,latex,,Documentos/Mestrado/TCC/TCC - Apresentação - Latex/pics/ResultadoSegundaOrdemEstimativaYRefA.png,22e11fd008bfa4c9a1859e6c207d355dcfc71e9c
classwork/undergraduate/2015-2-tcc-parameter-estimation-pe-switch-off/slides/pics/ResultadoSegundaOrdemEstimativaYRefC.png,,,,,latex,,Documentos/Mestrado/TCC/TCC - Apresentação - Latex/pics/ResultadoSegundaOrdemEstimativaYRefC.png,f2054d596d1cd01034aa61ceff9d08ba2a3fd367
classwork/undergraduate/2015-2-tcc-parameter-estimation-pe-switch-off/slides/pics/ResultadoSegundaOrdemEstimativaYcRefA.png,,,,,latex,,Documentos/Mestrado/TCC/TCC - Apresentação - Latex/pics/ResultadoSegundaOrdemEstimativaYcRefA.png,19e760b615e903ad99b434d46b71320fe7cc4451
classwork/undergraduate/2015-2-tcc-parameter-estimation-pe-switch-off/slides/pics/ResultadoSegundaOrdemEstimativaYcRefC.png,,,,,latex,,Documentos/Mestrado/TCC/TCC - Apresentação - Latex/pics/ResultadoSegundaOrdemEstimativaYcRefC.png,d0cd3691f8014b6657674776b34175b98199e383
classwork/undergraduate/control-systems-ii-scilab-handout/reports/scilab-control-systems-simulation-handout.pdf,SCILAB aplicado aos Sistemas de Controle como ferramenta de Simulação - handout for Sistemas de Controle II,Kurios Iuri Pinheiro de Melo Queiroz; Isael Calistrato Jácome; Pedro Yochinori Gushiken,Co-authored teaching handout (Pedro is co-author). PDF CreationDate 2017-04-23 but work date/semester unknown; no LaTeX source in scope. Could alternatively go to study_material course-handouts if owner considers it Prof. Kurios' material.,"Sistemas de Controle II (UFRN undergrad), likely a teaching-assistant/monitoria project with Prof. Kurios Queiroz",doc,medium,Documentos/Apos_SCILAB_CII.pdf,fc3de3484d23799d287ba3f998c203fbd431e3ec
dissertation/code/2016-early-narendra-simulink/Exportado para R2012a (estava na raiz de Documentos)/SIM_NARENDRA_2_METODO_INVERSA.slx,"Simulation 2 (inverse method), exported to MATLAB R2012a format","Pedro (all SIM_NARENDRA_* files share the creation timestamp 2016-03-30T19:32:17Z, i.e. Save-As descendants of one model; slides in the same folder authored by Pedro Yochinori Gushiken; Narendra is the method's author, not the file's).","This is the same model as Apresentacao - Narendra/SIM_NARENDRA_2_METODO_INVERSA.slx (theta_p=[2;1], theta_m=[-1;-3], models [3;-6],[-2;-2],[7;-3], inverse-matrix alpha), saved in the older R2012a format. The rich-text annotations were lost in the export, so only plain 'Xi_ponto(t) -- Xi(t)' remains.","Second-level adaptation (Han & Narendra 2012) study, Mar-Apr 2016, start of Pedro's MSc with advisor Aldayr Dantas de Araujo. Same folder as the slides 'Demonstracao do Controle por Modelo de Referencia com Adaptacao de Segundo Nivel' (abntex2-modelo-slides.tex, Apr 7 2016, author Pedro). The work later led to the CBA2016 paper (Gushiken & Araujo), but the CBA2016 figures use different plants/mode",intermediate-version,high,Documentos/SIM_NARENDRA_2_METODO_INVERSA.slx,d4094c10a4bef128427c492aed5b9b24d1d12c52
dissertation/code/2016-early-narendra-simulink/SIM_NARENDRA_1.slx,"Second-level adaptation (fixed models), Simulation 1 base model","Pedro (all SIM_NARENDRA_* files share the creation timestamp 2016-03-30T19:32:17Z, i.e. Save-As descendants of one model; slides in the same folder authored by Pedro Yochinori Gushiken; Narendra is the method's author, not the file's).","Indirect MRAC of a 2nd-order plant in companion form with all states measured: x_p' = A_p x_p + b u, reference model x_m' = A_m x_m + b r, b=[0;1]. Three FIXED identification models theta_1..theta_3 span a convex hull. The plant estimate theta_hat = Theta_bar*alpha_bar drives the control law u = r + k^T x_p with k = theta_m - theta_hat. This is the first model of the family. theta_p=[-2;-1], theta","Second-level adaptation (Han & Narendra 2012) study, Mar-Apr 2016, start of Pedro's MSc with advisor Aldayr Dantas de Araujo. Same folder as the slides 'Demonstracao do Controle por Modelo de Referencia com Adaptacao de Segundo Nivel' (abntex2-modelo-slides.tex, Apr 7 2016, author Pedro). The work later led to the CBA2016 paper (Gushiken & Araujo), but the CBA2016 figures use different plants/mode",intermediate-version,high,Documentos/Apresentação - CBA2016.rar!/Apresentação - Narendra/SIM_NARENDRA_1.slx,824b543f7f99b44b213e82f1b90fa268490eeb1a
dissertation/code/2016-early-narendra-simulink/SIM_NARENDRA_1_METODO_DIFERENCIAL.slx,"Second-level adaptation, differential method, Simulation 1 (final, with noise)","Pedro (all SIM_NARENDRA_* files share the creation timestamp 2016-03-30T19:32:17Z, i.e. Save-As descendants of one model; slides in the same folder authored by Pedro Yochinori Gushiken; Narendra is the method's author, not the file's).","Indirect MRAC of a 2nd-order plant in companion form with all states measured: x_p' = A_p x_p + b u, reference model x_m' = A_m x_m + b r, b=[0;1]. Three FIXED identification models theta_1..theta_3 span a convex hull. The plant estimate theta_hat = Theta_bar*alpha_bar drives the control law u = r + k^T x_p with k = theta_m - theta_hat. alpha is estimated by the differential law alpha' = -E^T E al","Second-level adaptation (Han & Narendra 2012) study, Mar-Apr 2016, start of Pedro's MSc with advisor Aldayr Dantas de Araujo. Same folder as the slides 'Demonstracao do Controle por Modelo de Referencia com Adaptacao de Segundo Nivel' (abntex2-modelo-slides.tex, Apr 7 2016, author Pedro). The work later led to the CBA2016 paper (Gushiken & Araujo), but the CBA2016 figures use different plants/mode",final,high,Documentos/Apresentação - CBA2016.rar!/Apresentação - Narendra/SIM_NARENDRA_1_METODO_DIFERENCIAL.slx,be570f9d5ec28a47f2b5f943b6e1c0234d8f6e38
dissertation/code/2016-early-narendra-simulink/SIM_NARENDRA_1_METODO_DIFERENCIAL_BASE_CANONICA.slx,Differential method 'canonical basis' variant (actually a duplicate of the inside-hull model),"Pedro (all SIM_NARENDRA_* files share the creation timestamp 2016-03-30T19:32:17Z, i.e. Save-As descendants of one model; slides in the same folder authored by Pedro Yochinori Gushiken; Narendra is the method's author, not the file's).","Despite its name, this model does NOT use canonical-basis models. Its blockdiagram is identical to SIM_NARENDRA_1_METODO_DIFERENCIAL_THETA_P_DENTRO_FECHO: models [-2;-4],[-6;-6],[3;-6], theta_p=[-2;-5], gradient/differential alpha estimation, reference 10+sin(2t). It looks like a Save-As whose intended edits were never made. The scaled-basis edit appears instead in ..._DIFERENCIAL_M_V_BASE_CANONIC","Second-level adaptation (Han & Narendra 2012) study, Mar-Apr 2016, start of Pedro's MSc with advisor Aldayr Dantas de Araujo. Same folder as the slides 'Demonstracao do Controle por Modelo de Referencia com Adaptacao de Segundo Nivel' (abntex2-modelo-slides.tex, Apr 7 2016, author Pedro). The work later led to the CBA2016 paper (Gushiken & Araujo), but the CBA2016 figures use different plants/mode",test/scratch,high,Documentos/Apresentação - CBA2016.rar!/Apresentação - Narendra/SIM_NARENDRA_1_METODO_DIFERENCIAL_BASE_CANONICA.slx,84ac53e27d823eec87da303f867bcea2d57e8647
dissertation/code/2016-early-narendra-simulink/SIM_NARENDRA_1_METODO_DIFERENCIAL_M_V_BASE_CANONICA.slx,"Second-level adaptation, differential method, scaled canonical basis (x10)","Pedro (all SIM_NARENDRA_* files share the creation timestamp 2016-03-30T19:32:17Z, i.e. Save-As descendants of one model; slides in the same folder authored by Pedro Yochinori Gushiken; Narendra is the method's author, not the file's).","Indirect MRAC of a 2nd-order plant in companion form with all states measured: x_p' = A_p x_p + b u, reference model x_m' = A_m x_m + b r, b=[0;1]. Three FIXED identification models theta_1..theta_3 span a convex hull. The plant estimate theta_hat = Theta_bar*alpha_bar drives the control law u = r + k^T x_p with k = theta_m - theta_hat. alpha comes from the differential (gradient) law. The fixed m","Second-level adaptation (Han & Narendra 2012) study, Mar-Apr 2016, start of Pedro's MSc with advisor Aldayr Dantas de Araujo. Same folder as the slides 'Demonstracao do Controle por Modelo de Referencia com Adaptacao de Segundo Nivel' (abntex2-modelo-slides.tex, Apr 7 2016, author Pedro). The work later led to the CBA2016 paper (Gushiken & Araujo), but the CBA2016 figures use different plants/mode",experiment,medium,Documentos/Apresentação - CBA2016.rar!/Apresentação - Narendra/SIM_NARENDRA_1_METODO_DIFERENCIAL_M_V_BASE_CANONICA.slx,ee44ab41349514c7fc9fa9efcc8ff6d26372ac69
dissertation/code/2016-early-narendra-simulink/SIM_NARENDRA_1_METODO_DIFERENCIAL_RECURSIVO.slx,"Recursive (two-tier) second-level adaptation, first attempt","Pedro (all SIM_NARENDRA_* files share the creation timestamp 2016-03-30T19:32:17Z, i.e. Save-As descendants of one model; slides in the same folder authored by Pedro Yochinori Gushiken; Narendra is the method's author, not the file's).","Indirect MRAC of a 2nd-order plant in companion form with all states measured: x_p' = A_p x_p + b u, reference model x_m' = A_m x_m + b r, b=[0;1]. Three FIXED identification models theta_1..theta_3 span a convex hull. The plant estimate theta_hat = Theta_bar*alpha_bar drives the control law u = r + k^T x_p with k = theta_m - theta_hat. It adds a SECOND bank of three identification models (states ","Second-level adaptation (Han & Narendra 2012) study, Mar-Apr 2016, start of Pedro's MSc with advisor Aldayr Dantas de Araujo. Same folder as the slides 'Demonstracao do Controle por Modelo de Referencia com Adaptacao de Segundo Nivel' (abntex2-modelo-slides.tex, Apr 7 2016, author Pedro). The work later led to the CBA2016 paper (Gushiken & Araujo), but the CBA2016 figures use different plants/mode",experiment,medium,Documentos/Apresentação - CBA2016.rar!/Apresentação - Narendra/SIM_NARENDRA_1_METODO_DIFERENCIAL_RECURSIVO.slx,3d9efc8baa1427a64c50ff790b9ebd1eaf2b9110
dissertation/code/2016-early-narendra-simulink/SIM_NARENDRA_1_METODO_DIFERENCIAL_RECURSIVO_T2.slx,"Recursive second-level adaptation, type 2 (cleaned, with noise and error norm)","Pedro (all SIM_NARENDRA_* files share the creation timestamp 2016-03-30T19:32:17Z, i.e. Save-As descendants of one model; slides in the same folder authored by Pedro Yochinori Gushiken; Narendra is the method's author, not the file's).","This is the cleaned-up recursive two-tier model. Tier-1 is the hull of [-2;-4],[-6;-6],[3;-6]. Tier-2 is {Theta_bar*alpha_bar11, [-6;-6], [3;-6]} with adaptive laws for Alfa11 and Alfa12, and the annotation names the model indices j=1 and j=2. Uniform noise is injected both into u and into the measured plant state x_p, and Scopes show output, output error and its 2-norm. Plant theta_p=[-2;-1], ref","Second-level adaptation (Han & Narendra 2012) study, Mar-Apr 2016, start of Pedro's MSc with advisor Aldayr Dantas de Araujo. Same folder as the slides 'Demonstracao do Controle por Modelo de Referencia com Adaptacao de Segundo Nivel' (abntex2-modelo-slides.tex, Apr 7 2016, author Pedro). The work later led to the CBA2016 paper (Gushiken & Araujo), but the CBA2016 figures use different plants/mode",final,medium,Documentos/Apresentação - CBA2016.rar!/Apresentação - Narendra/SIM_NARENDRA_1_METODO_DIFERENCIAL_RECURSIVO_T2.slx,85b27c33642bacb4770422b882d136b5fa78bcbe
dissertation/code/2016-early-narendra-simulink/SIM_NARENDRA_1_METODO_DIFERENCIAL_RECURSIVO_T2_1.slx,"Recursive second-level adaptation, type 2, variant 1 (estimate replaces model 1)","Pedro (all SIM_NARENDRA_* files share the creation timestamp 2016-03-30T19:32:17Z, i.e. Save-As descendants of one model; slides in the same folder authored by Pedro Yochinori Gushiken; Narendra is the method's author, not the file's).","This is the recursive two-tier version of the second-level adaptation model (see ..._RECURSIVO). The second-tier hull is formed by the current virtual estimate Theta_bar*alpha_bar11 and the two fixed models theta_2=[-6;-6] and theta_3=[3;-6]. That means the first vertex is replaced by the running estimate, so the hull shrinks around theta_p=[-2;-1]. It still contains the leftover alpha chains of R","Second-level adaptation (Han & Narendra 2012) study, Mar-Apr 2016, start of Pedro's MSc with advisor Aldayr Dantas de Araujo. Same folder as the slides 'Demonstracao do Controle por Modelo de Referencia com Adaptacao de Segundo Nivel' (abntex2-modelo-slides.tex, Apr 7 2016, author Pedro). The work later led to the CBA2016 paper (Gushiken & Araujo), but the CBA2016 figures use different plants/mode",intermediate-version,medium,Documentos/Apresentação - CBA2016.rar!/Apresentação - Narendra/SIM_NARENDRA_1_METODO_DIFERENCIAL_RECURSIVO_T2_1.slx,9b4463a6c027c2998e6a6befc7187b25364dfd79
dissertation/code/2016-early-narendra-simulink/SIM_NARENDRA_1_METODO_DIFERENCIAL_RECURSIVO_T2_2.slx,"Recursive second-level adaptation, type 2, variant 2 (estimate replaces model 3)","Pedro (all SIM_NARENDRA_* files share the creation timestamp 2016-03-30T19:32:17Z, i.e. Save-As descendants of one model; slides in the same folder authored by Pedro Yochinori Gushiken; Narendra is the method's author, not the file's).","Same two-tier recursive structure as T2_1, but the second-tier hull is {theta_1=[-2;-4], theta_2=[-6;-6], Theta_bar*alpha_bar31}. The running estimate replaces the third vertex instead of the first. The plant is theta_p=[-2;-1], and noise blocks are present.","Second-level adaptation (Han & Narendra 2012) study, Mar-Apr 2016, start of Pedro's MSc with advisor Aldayr Dantas de Araujo. Same folder as the slides 'Demonstracao do Controle por Modelo de Referencia com Adaptacao de Segundo Nivel' (abntex2-modelo-slides.tex, Apr 7 2016, author Pedro). The work later led to the CBA2016 paper (Gushiken & Araujo), but the CBA2016 figures use different plants/mode",experiment,medium,Documentos/Apresentação - CBA2016.rar!/Apresentação - Narendra/SIM_NARENDRA_1_METODO_DIFERENCIAL_RECURSIVO_T2_2.slx,419ede70b7a097e666adba8424252ce05eec14d0
dissertation/code/2016-early-narendra-simulink/SIM_NARENDRA_1_METODO_DIFERENCIAL_RECURSIVO_T2_2.slx.autosave,Simulink autosave of SIM_NARENDRA_1_METODO_DIFERENCIAL_RECURSIVO_T2_2.slx (state at a crash/unsaved edit),same as the simulations in this folder,,companion file of the simulations in this folder,companion,high,Documentos/Apresentação - Narendra/SIM_NARENDRA_1_METODO_DIFERENCIAL_RECURSIVO_T2_2.slx.autosave,498b3ca554fbd8f5bd7dd8e510cf71c4ed581837
dissertation/code/2016-early-narendra-simulink/SIM_NARENDRA_1_METODO_DIFERENCIAL_RUIDO.slx,"Second-level adaptation, differential method, with input disturbance (noise)","Pedro (all SIM_NARENDRA_* files share the creation timestamp 2016-03-30T19:32:17Z, i.e. Save-As descendants of one model; slides in the same folder authored by Pedro Yochinori Gushiken; Narendra is the method's author, not the file's).","Indirect MRAC of a 2nd-order plant in companion form with all states measured: x_p' = A_p x_p + b u, reference model x_m' = A_m x_m + b r, b=[0;1]. Three FIXED identification models theta_1..theta_3 span a convex hull. The plant estimate theta_hat = Theta_bar*alpha_bar drives the control law u = r + k^T x_p with k = theta_m - theta_hat. alpha comes from the differential law. A Uniform Random Numbe","Second-level adaptation (Han & Narendra 2012) study, Mar-Apr 2016, start of Pedro's MSc with advisor Aldayr Dantas de Araujo. Same folder as the slides 'Demonstracao do Controle por Modelo de Referencia com Adaptacao de Segundo Nivel' (abntex2-modelo-slides.tex, Apr 7 2016, author Pedro). The work later led to the CBA2016 paper (Gushiken & Araujo), but the CBA2016 figures use different plants/mode",experiment,high,Documentos/Apresentação - CBA2016.rar!/Apresentação - Narendra/SIM_NARENDRA_1_METODO_DIFERENCIAL_RUIDO.slx,2dc669f568f7a5da130be1cce15a09e0682d1520
dissertation/code/2016-early-narendra-simulink/SIM_NARENDRA_1_METODO_DIFERENCIAL_RUIDO.slx.autosave,Simulink autosave of SIM_NARENDRA_1_METODO_DIFERENCIAL_RUIDO.slx (state at a crash/unsaved edit),same as the simulations in this folder,,companion file of the simulations in this folder,companion,high,Documentos/Apresentação - Narendra/SIM_NARENDRA_1_METODO_DIFERENCIAL_RUIDO.slx.autosave,2bd6ec5c22b5c27718a3792900364dfd43796ed2
dissertation/code/2016-early-narendra-simulink/SIM_NARENDRA_1_METODO_DIFERENCIAL_THETA_P_DENTRO_FECHO.slx,"Second-level adaptation, differential (gradient) method, plant inside the hull","Pedro (all SIM_NARENDRA_* files share the creation timestamp 2016-03-30T19:32:17Z, i.e. Save-As descendants of one model; slides in the same folder authored by Pedro Yochinori Gushiken; Narendra is the method's author, not the file's).","Indirect MRAC of a 2nd-order plant in companion form with all states measured: x_p' = A_p x_p + b u, reference model x_m' = A_m x_m + b r, b=[0;1]. Three FIXED identification models theta_1..theta_3 span a convex hull. The plant estimate theta_hat = Theta_bar*alpha_bar drives the control law u = r + k^T x_p with k = theta_m - theta_hat. Instead of inverting E, alpha is estimated by integrating the","Second-level adaptation (Han & Narendra 2012) study, Mar-Apr 2016, start of Pedro's MSc with advisor Aldayr Dantas de Araujo. Same folder as the slides 'Demonstracao do Controle por Modelo de Referencia com Adaptacao de Segundo Nivel' (abntex2-modelo-slides.tex, Apr 7 2016, author Pedro). The work later led to the CBA2016 paper (Gushiken & Araujo), but the CBA2016 figures use different plants/mode",experiment,high,Documentos/Apresentação - CBA2016.rar!/Apresentação - Narendra/SIM_NARENDRA_1_METODO_DIFERENCIAL_THETA_P_DENTRO_FECHO.slx,74d1927a2bc974e3f0aca297d3a840c81e5ebe9e
dissertation/code/2016-early-narendra-simulink/SIM_NARENDRA_1_METODO_INVERSA.slx,"Second-level adaptation, inverse method, Simulation 1 (final)","Pedro (all SIM_NARENDRA_* files share the creation timestamp 2016-03-30T19:32:17Z, i.e. Save-As descendants of one model; slides in the same folder authored by Pedro Yochinori Gushiken; Narendra is the method's author, not the file's).","Indirect MRAC of a 2nd-order plant in companion form with all states measured: x_p' = A_p x_p + b u, reference model x_m' = A_m x_m + b r, b=[0;1]. Three FIXED identification models theta_1..theta_3 span a convex hull. The plant estimate theta_hat = Theta_bar*alpha_bar drives the control law u = r + k^T x_p with k = theta_m - theta_hat. alpha_bar is obtained by inverting the error matrix. A tongue","Second-level adaptation (Han & Narendra 2012) study, Mar-Apr 2016, start of Pedro's MSc with advisor Aldayr Dantas de Araujo. Same folder as the slides 'Demonstracao do Controle por Modelo de Referencia com Adaptacao de Segundo Nivel' (abntex2-modelo-slides.tex, Apr 7 2016, author Pedro). The work later led to the CBA2016 paper (Gushiken & Araujo), but the CBA2016 figures use different plants/mode",final,high,Documentos/Apresentação - CBA2016.rar!/Apresentação - Narendra/SIM_NARENDRA_1_METODO_INVERSA.slx,de7bdfce88ad79aabb7add34deb1707076def660
dissertation/code/2016-early-narendra-simulink/SIM_NARENDRA_1_METODO_INVERSA_BASE_CANONICA.slx,"Second-level adaptation, inverse method, canonical-basis models","Pedro (all SIM_NARENDRA_* files share the creation timestamp 2016-03-30T19:32:17Z, i.e. Save-As descendants of one model; slides in the same folder authored by Pedro Yochinori Gushiken; Narendra is the method's author, not the file's).","Indirect MRAC of a 2nd-order plant in companion form with all states measured: x_p' = A_p x_p + b u, reference model x_m' = A_m x_m + b r, b=[0;1]. Three FIXED identification models theta_1..theta_3 span a convex hull. The plant estimate theta_hat = Theta_bar*alpha_bar drives the control law u = r + k^T x_p with k = theta_m - theta_hat. alpha is computed by inverting the error matrix. The fixed mo","Second-level adaptation (Han & Narendra 2012) study, Mar-Apr 2016, start of Pedro's MSc with advisor Aldayr Dantas de Araujo. Same folder as the slides 'Demonstracao do Controle por Modelo de Referencia com Adaptacao de Segundo Nivel' (abntex2-modelo-slides.tex, Apr 7 2016, author Pedro). The work later led to the CBA2016 paper (Gushiken & Araujo), but the CBA2016 figures use different plants/mode",experiment,medium,Documentos/Apresentação - CBA2016.rar!/Apresentação - Narendra/SIM_NARENDRA_1_METODO_INVERSA_BASE_CANONICA.slx,13da8ced81f415c5e8d0782d27a3d1fe33a754ac
dissertation/code/2016-early-narendra-simulink/SIM_NARENDRA_1_METODO_INVERSA_M_V_BASE_CANONICA.slx,"Second-level adaptation, inverse method, scaled canonical basis (x2000)","Pedro (all SIM_NARENDRA_* files share the creation timestamp 2016-03-30T19:32:17Z, i.e. Save-As descendants of one model; slides in the same folder authored by Pedro Yochinori Gushiken; Narendra is the method's author, not the file's).","Indirect MRAC of a 2nd-order plant in companion form with all states measured: x_p' = A_p x_p + b u, reference model x_m' = A_m x_m + b r, b=[0;1]. Three FIXED identification models theta_1..theta_3 span a convex hull. The plant estimate theta_hat = Theta_bar*alpha_bar drives the control law u = r + k^T x_p with k = theta_m - theta_hat. alpha is computed by matrix inversion. The fixed models are a","Second-level adaptation (Han & Narendra 2012) study, Mar-Apr 2016, start of Pedro's MSc with advisor Aldayr Dantas de Araujo. Same folder as the slides 'Demonstracao do Controle por Modelo de Referencia com Adaptacao de Segundo Nivel' (abntex2-modelo-slides.tex, Apr 7 2016, author Pedro). The work later led to the CBA2016 paper (Gushiken & Araujo), but the CBA2016 figures use different plants/mode",experiment,medium,Documentos/Apresentação - CBA2016.rar!/Apresentação - Narendra/SIM_NARENDRA_1_METODO_INVERSA_M_V_BASE_CANONICA.slx,2ea4a41eaf0c1d4b69a003f053cacfdf4d65edc5
dissertation/code/2016-early-narendra-simulink/SIM_NARENDRA_1_METODO_INVERSA_THETA_P_DENTRO_FECHO.slx,"Second-level adaptation, inverse method, plant inside the hull","Pedro (all SIM_NARENDRA_* files share the creation timestamp 2016-03-30T19:32:17Z, i.e. Save-As descendants of one model; slides in the same folder authored by Pedro Yochinori Gushiken; Narendra is the method's author, not the file's).","Indirect MRAC of a 2nd-order plant in companion form with all states measured: x_p' = A_p x_p + b u, reference model x_m' = A_m x_m + b r, b=[0;1]. Three FIXED identification models theta_1..theta_3 span a convex hull. The plant estimate theta_hat = Theta_bar*alpha_bar drives the control law u = r + k^T x_p with k = theta_m - theta_hat. alpha is computed by inverting the error matrix (alpha = -E^-","Second-level adaptation (Han & Narendra 2012) study, Mar-Apr 2016, start of Pedro's MSc with advisor Aldayr Dantas de Araujo. Same folder as the slides 'Demonstracao do Controle por Modelo de Referencia com Adaptacao de Segundo Nivel' (abntex2-modelo-slides.tex, Apr 7 2016, author Pedro). The work later led to the CBA2016 paper (Gushiken & Araujo), but the CBA2016 figures use different plants/mode",experiment,high,Documentos/Apresentação - CBA2016.rar!/Apresentação - Narendra/SIM_NARENDRA_1_METODO_INVERSA_THETA_P_DENTRO_FECHO.slx,3c7a833a7e3fa25eb002c2be74003712d5db96e1
dissertation/code/2016-early-narendra-simulink/SIM_NARENDRA_2_METODO_INVERSA.slx,"Second-level adaptation, inverse method, Simulation 2 (unstable plant [2 1])","Pedro (all SIM_NARENDRA_* files share the creation timestamp 2016-03-30T19:32:17Z, i.e. Save-As descendants of one model; slides in the same folder authored by Pedro Yochinori Gushiken; Narendra is the method's author, not the file's).","Indirect MRAC of a 2nd-order plant in companion form with all states measured: x_p' = A_p x_p + b u, reference model x_m' = A_m x_m + b r, b=[0;1]. Three FIXED identification models theta_1..theta_3 span a convex hull. The plant estimate theta_hat = Theta_bar*alpha_bar drives the control law u = r + k^T x_p with k = theta_m - theta_hat. alpha comes from matrix inversion. Values: theta_p=[2;1] (uns","Second-level adaptation (Han & Narendra 2012) study, Mar-Apr 2016, start of Pedro's MSc with advisor Aldayr Dantas de Araujo. Same folder as the slides 'Demonstracao do Controle por Modelo de Referencia com Adaptacao de Segundo Nivel' (abntex2-modelo-slides.tex, Apr 7 2016, author Pedro). The work later led to the CBA2016 paper (Gushiken & Araujo), but the CBA2016 figures use different plants/mode",final,high,Documentos/Apresentação - CBA2016.rar!/Apresentação - Narendra/SIM_NARENDRA_2_METODO_INVERSA.slx,9b8ad39d40531e164c493bc6592a5382cdd7f1ac
dissertation/code/2016-early-narendra-simulink/SIM_NARENDRA_2_METODO_INVERSA.slx.autosave,Simulink autosave of SIM_NARENDRA_2_METODO_INVERSA.slx (state at a crash/unsaved edit),same as the simulations in this folder,,companion file of the simulations in this folder,companion,high,Documentos/Apresentação - Narendra/SIM_NARENDRA_2_METODO_INVERSA.slx.autosave,6d2f1156cdb114520d66ae28290d903e68f74a24
dissertation/code/2016-early-narendra-simulink/SIM_NARENDRA_3_METODO_DIFERENCIAL.slx,"Second-level adaptation, differential method, Simulation 3 (theta_p=[5 3])","Pedro (all SIM_NARENDRA_* files share the creation timestamp 2016-03-30T19:32:17Z, i.e. Save-As descendants of one model; slides in the same folder authored by Pedro Yochinori Gushiken; Narendra is the method's author, not the file's).","Indirect MRAC of a 2nd-order plant in companion form with all states measured: x_p' = A_p x_p + b u, reference model x_m' = A_m x_m + b r, b=[0;1]. Three FIXED identification models theta_1..theta_3 span a convex hull. The plant estimate theta_hat = Theta_bar*alpha_bar drives the control law u = r + k^T x_p with k = theta_m - theta_hat. alpha comes from the differential law. Values: theta_p=[5;3],","Second-level adaptation (Han & Narendra 2012) study, Mar-Apr 2016, start of Pedro's MSc with advisor Aldayr Dantas de Araujo. Same folder as the slides 'Demonstracao do Controle por Modelo de Referencia com Adaptacao de Segundo Nivel' (abntex2-modelo-slides.tex, Apr 7 2016, author Pedro). The work later led to the CBA2016 paper (Gushiken & Araujo), but the CBA2016 figures use different plants/mode",final,high,Documentos/Apresentação - CBA2016.rar!/Apresentação - Narendra/SIM_NARENDRA_3_METODO_DIFERENCIAL.slx,f1915c52fe98200f4af030112800060897ed1eaf
dissertation/code/2016-early-narendra-simulink/SIM_NARENDRA_3_METODO_DIFERENCIAL.slx.autosave,Simulink autosave of SIM_NARENDRA_3_METODO_DIFERENCIAL.slx (state at a crash/unsaved edit),same as the simulations in this folder,,companion file of the simulations in this folder,companion,high,Documentos/Apresentação - Narendra/SIM_NARENDRA_3_METODO_DIFERENCIAL.slx.autosave,696b2e40ea92521a1b1dd8b77186b9f76165813e
dissertation/code/2016-early-narendra-simulink/SIM_NARENDRA_4_METODO_DIFERENCIAL.slx,"Second-level adaptation, differential method, Simulation 4 (3rd-order, time-varying plant)","Pedro (all SIM_NARENDRA_* files share the creation timestamp 2016-03-30T19:32:17Z, i.e. Save-As descendants of one model; slides in the same folder authored by Pedro Yochinori Gushiken; Narendra is the method's author, not the file's).","This is the 3rd-order extension of the companion-form indirect MRAC with second-level adaptation using fixed models. It uses differential alpha estimation. The plant parameters vary in time through a Sine block: theta_p = [3+cos t, 4+sin t, 3], while the slide says [3+sin t, 4+cos t, 3]. Other values: theta_m=[-15 -23 -9], fixed models [5;3;3], [1;3;3], [3;6;3], b=[0;0;1]. An XY Graph plots the pa","Second-level adaptation (Han & Narendra 2012) study, Mar-Apr 2016, start of Pedro's MSc with advisor Aldayr Dantas de Araujo. Same folder as the slides 'Demonstracao do Controle por Modelo de Referencia com Adaptacao de Segundo Nivel' (abntex2-modelo-slides.tex, Apr 7 2016, author Pedro). The work later led to the CBA2016 paper (Gushiken & Araujo), but the CBA2016 figures use different plants/mode",final,high,Documentos/Apresentação - CBA2016.rar!/Apresentação - Narendra/SIM_NARENDRA_4_METODO_DIFERENCIAL.slx,f1cbf2fc354627a6a9682ab7e867415ddc682cf3
dissertation/code/2016-second-level-adaptation-experiments/Untitled13.m,Scratch: try/catch test calling blub(),Pedro (probable),"Throw-away script that tests MATLAB try/catch behaviour by calling blub() without an argument, which errors, and sets 'exit' and returns in the catch block.","Sep 2016 GUI/toolbox programming experiments, written the same day as blub.m.",test/scratch,high,MATLAB/Untitled13.m,688f74dd4f083312f6ba161b6e406852b4b8ebfb
dissertation/code/2016-second-level-adaptation-experiments/archived-versions/MATLAB_Files_Old.rar/rampa.m,Trivial ramp-generation test,Pedro (probable),"This plots a ramp x(k+1)=x(k)+0.1*passo by Euler stepping, from stoptime and passo. Several statements lack semicolons and unused variables d and r are left in. It is a scratch test, possibly for a ramp reference.","Unknown, MSc period (Apr 2016)",test/scratch,low,MATLAB/MATLAB_Files_Old.rar!/rampa.m,3574d293c51be05ddcf3756d8b90f7f2f17b17d6
dissertation/code/2016-second-level-adaptation-experiments/aula_18_08_2016.m,"Class notes: discrete-time transfer functions (Sistemas Lineares, Aug 18 2016)",Pedro (notes taken in class),"Lecture notes written as comments: G(z)=N(z)/D(z), poles and zeros, partial fractions G(z)/z and the impulse response g(k)=sum a_i lambda_i^k. The code stub only creates x_ex1 and has an empty for-loop, so the example was never written.","Lecture of 'Sistemas Lineares' on Aug 18 2016 (MSc course, 2016.2), per the header comment",test/scratch,high,MATLAB/m Files/Aulas/aula_18_08_2016.m,ab5a0a3b270419e7f4c59daad6e9eb07c77e7dae
dissertation/code/2016-second-level-adaptation-experiments/blub.m,Scratch: minimal classdef with a debugOn property,Pedro (probable),"A minimal MATLAB class 'blub' with one property debugOn, set in the constructor. Pedro was trying out classdef syntax, possibly for a debug flag in the toolbox.","Programming experiment, Aug 2016.",test/scratch,high,MATLAB/blub.m,e019f69e58f332a3cd9fdf00570e813f65d7b130
dissertation/code/2016-second-level-adaptation-experiments/calc_x_p.m,ODE right-hand side for a 2nd-order test plant (ode45),Pedro (probable),"Returns ẋ=[-1 1;0 -1]x+[0;1]u, a Jordan-block 2nd-order plant, for ode45. workspace_14/25_11_2016.mat contain an ode45 solution struct x_p (x(0)=[5;8], u=0, 0–0.01 s) produced with it.",Nov 2016 experiments with the input-output second-level adaptation code. Not used in the dissertation.,test/scratch,medium,Matlab_Current/calc_x_p.m,960a4f4ed191f023ec9c196a167a515632e835cf
dissertation/code/2016-second-level-adaptation-experiments/narendra_2015_sim1.m,Unfinished reproduction of a Narendra 2015 multiple-model example (3rd-order plant),Pedro,"Starts reproducing a 3rd-order example: A_p with unknown a31, b_p with unknown b3, nominal ā31=-10 and b̄3=2, true α*=-20.48 and β*=6, three identification models (α_i, β_i) = (-10,2), (-10,24), (-70,2), and A_m, b_m. The Euler loop is broken: x_p and u are never initialised, x_i indexing is inconsistent, and there is an extra 'end'. It cannot run.","Probably 'Narendra 2015' second-level adaptation with unknown input vector, listed later by examiner Josenalde as 'Artigo do Narendra, 2015' (Dissertação/Correções Defesa). Workspaces from Nov 2016 hold a related matrix narendra1 and a Parameters_narendra struct.",failed,medium,Matlab_Current/narendra_2015_sim1.m,ea5ff4a7383fd73cfefab01b74fb1afa26d0b0f4
dissertation/code/2016-second-level-adaptation-experiments/notes.m,Notes: eigen-analysis for a step-size/gain bound (comments only),Pedro,"Comment-only notes in Portuguese on the Real Schur form, eigenvectors, and bounding x'Ax/x'A²x < Ts·γ via eigen-decomposition (sum λi ki² / sum λi² ki²), with ideas such as polyeig or setting the gradient to zero. It looks like an attempt to find the largest stable adaptive gain for a discretised (Euler) update.","Nov 2016 stability or step-size analysis of the second-level adaptation law. workspace_25_11_2016.mat contains the eigen variables (V1, D1, g, vg, dg) and 400×400 D/P matrices.",reference-material,medium,Matlab_Current/notes.m,ea6b589807c5e376cd14b3f06f467889a8d24f95
dissertation/code/2016-second-level-adaptation-experiments/parametros_4_ord_nob.mat,"GUI parameter set: 4th-order plant (s+1)⁴, plant outside model hull",Pedro (probable),"Parameters struct: companion-form plant [-1 -4 -6 -4], which is (s+1)⁴ and equals the reference model, 5 models with small entries, 90 s, h=0.01, γ=1, PE reference with frequencies [0 0.771 2]. The convex-coefficient solve gives negative values, so the plant is outside the hull. 'nob' is unexplained; it may mean 'no b' (b known).",Oct–Nov 2016 scaling of second-level adaptation to higher order.,parameters,medium,Matlab_Current/parametros_4_ord_nob.mat,1624e9088a6007f8a02e08a97f8c0de1b63b32b4
dissertation/code/2016-second-level-adaptation-experiments/params4ord_deg.mat,"GUI parameter set: 4th-order plant in hull, step reference (degrau)",Pedro (probable),"Identical to params_4ord_fechoverd.mat except the reference amplitudes are [1 0 0], a pure step with no PE sinusoids.",Nov 2016 test of convergence without PE (cf. the step-reference studies later in dissertation Ch2/Ch5).,parameters,medium,Matlab_Current/params4ord_deg.mat,f344471ab3badb382f5ce554e1cbf9eb335f3806
dissertation/code/2016-second-level-adaptation-experiments/params_4ord_fechoverd.mat,GUI parameter set: 4th-order plant inside the model hull ('fecho verdadeiro'),Pedro (probable),"Same plant and reference as parametros_4_ord_nob ((s+1)⁴), but 5 new models whose hull really contains the plant (α*=[1/7, 8/21, 10/21, 0, 0]). 90 s, h=0.01, γ=1, PE reference.",Nov 2016 higher-order second-level adaptation tests.,parameters,medium,Matlab_Current/params_4ord_fechoverd.mat,35caf28f430e82c742e5db606a2bb276cae65770
dissertation/code/2016-second-level-adaptation-experiments/params_b_desc.mat,"GUI parameter set: 2nd-order plant with unknown b ('b desconhecido'), 5 models",Pedro (probable),"Parameters struct: 4-parameter vector (a and b of a 2nd-order plant) [-6.2 -4.25 -4.4 -6.9], 5 models, reference model [2 1 -4 -4], 60 s, h=0.005, α0=0.1, γ=10, PE reference. The plant was built inside the hull with α*=[0.1 0.15 0.2 0.25 0.3].","Oct 2016 extension of second-level adaptation to an unknown input vector b ('b_desc'), group F functions L2AA*.",parameters,medium,Matlab_Current/params_b_desc.mat,9c5735346c3ef11d4ba31cd2cb3c12972bbe1f8b
dissertation/code/2016-second-level-adaptation-experiments/params_b_desc_1ordem.mat,"GUI parameter set: 1st-order plant with unknown b, 3 models",Pedro (probable),"Parameters struct: plant [0.8 -2] (a, b), 3 models [[0 2 1];[0 -1 -3]], reference model [1 -3], x_m(0)=2, 30 s, h=0.005, α0=[0 1], Q=1e8I, γ=10, constant reference. The plant is inside the hull (α*=[0.28 0.08 0.64]).","Oct 2016 unknown-b second-level adaptation, first-order test case.",parameters,medium,Matlab_Current/params_b_desc_1ordem.mat,59c1f38faf587059113d5027f3e0c617d93ce91c
dissertation/code/2016-second-level-adaptation-experiments/params_sim_1ord_bdesc.mat,"GUI parameter set: 1st-order unknown-b case, revised (Nov 4 2016)",Pedro (probable),"Same 3 models as params_b_desc_1ordem, but plant [1 -1.5] (α*=[0.3 0.3 0.4]), h=0.001, reference amplitudes [1 1 0] (step + sin 0.5t).","Nov 2016 unknown-b second-level adaptation, first-order case.",parameters,medium,Matlab_Current/params_sim_1ord_bdesc.mat,9d42501fb9f2b5b0a4b2ce8bdac499bbd60721a7
dissertation/code/2016-second-level-adaptation-experiments/phase.m,Phase portrait with random initial conditions and quiver field (2-species reaction model),Pedro (probably adapted from an online example),"It plots 200 ode45 trajectories from random initial conditions over t in [-5, 5] for u' = w u^2 - B u, w' = A - w - w u^2 (A=B=1), and overlays a quiver direction field. The equations are a two-variable autocatalytic or glycolysis-type reaction model. The structure is the common online 'phase portrait with random ICs + quiver' recipe.",Unknown (Jun 2 2016). Possibly a nonlinear-systems exercise or an exercise Pedro helped someone with; no matching report found. Found in 'Projetos a Organizar' ('projects to sort out'). A copy is in MATLAB_Files_Old.rar/Projetos a Organizar,experiment,low,MATLAB/MATLAB_Files_Old.rar!/Projetos a Organizar/phase.m,57b9265bdc246545795ff5de41c3cf13454c20bb
dissertation/code/2016-second-level-adaptation-experiments/test_svd.m,Scratch: rank growth of a sum of random EᵀE matrices,Pedro (probable),"Adds random AᵀA terms to an accumulator Em, but only when they increase its minimum singular value, and prints the SVDs before and after. It probes how an integrated EᵀE (the M matrix of the modified SLA law) gains full rank, while a single EᵀE has rank ≤1.","Groundwork for the modified SLA idea. The dissertation Sec 4.5 argues that EᵀE has rank 0 or 1 while the integrated M can have full rank (Ch2 Sec 2.5, Ch4 Sec 4.4).",experiment,medium,MATLAB/test_svd.m,0a0f8a158d11e20f3802b6c73fe85c7c32f9783d
dissertation/code/2016-second-level-adaptation-experiments/testswitch.m,Scratch: switch on concatenated char vectors,Pedro (probable),"Tests a MATLAB switch on a concatenated char array (['b','m','b'] against the case ['b','m','a']). It is a syntax experiment.","Programming experiment (Sep 2016, GUI development).",test/scratch,high,MATLAB/testswitch.m,c528a2b3ac74ee2c425e1982638f38dcf046279c
dissertation/code/2016-second-level-adaptation-experiments/testtest.m,Scratch: quiver plot of a stiff quadratic gradient field,Pedro (probable),"Plots the gradient field (2x, 400y) of V=x²+200y² with quiver, an elliptical level curve, and lines from random points along the scaled gradient direction. It visualises gradient-descent behaviour on an ill-conditioned quadratic cost.",Likely intuition-building for gradient-based adaptive laws and their conditioning (Oct 2016). No document links it directly.,experiment,low,MATLAB/testtest.m,11c98644996ae5a310fd6d2f72f23244fff3125a
dissertation/code/2016-second-level-adaptation-toolbox/L2AA_CL_Ident.m,"Output-only SLA identification with memory, models with zeros (L2AA_CL_Ident)",Pedro,"Merges L2AA_CL with the I/O ideas. Models carry 2n parameters: numerator (C_i) and denominator in observer-canonical form via transposed companion matrices. The plant and models are driven in open loop (u=r), alpha uses the output error plus the accumulated memory M, vm, and the memory is reset when converged. The first-level models are FIXED despite the 'AA' name. It prints theta_p_hat at the end","'App Controle Adaptativo' (Sep-Nov 2016, MSc): an attempt to wrap Pedro's SLA toolbox and the June 2016 identification/AC methods in a tabbed MATLAB GUI; Nov 2016 work on output-only identification and accumulated-data (concurrent-learning-like) SLA, precursor of the 'SLA Modificada'/SLAFF of the 2018 dissertation (sec. 2.5, 4.4, citing Chowdhary et al. 2013).",experiment,high,Matlab_Current/Apps/App Controle Adaptativo/L2AA_CL_Ident.m,273faed999349c35983d36f67889872977342247
dissertation/code/2016-second-level-adaptation-toolbox/L2AA_Ident.m,"SLA identification with adaptive models, open loop (GUI back-end)",Pedro,"Copy of the L2AA toolbox function (adaptive first-level models theta_i'=-e_i'Pb x_p, SLA alpha law with projection, eta switch-off of the PE part of r). The control law is commented out (u=r), so it only identifies the plant parameters in open loop. The tabbedGUI marks the case 'identification, SLA, state accessible' as DONE with this function.","'App Controle Adaptativo' (Sep-Nov 2016, MSc): an attempt to wrap Pedro's SLA toolbox and the June 2016 identification/AC methods in a tabbed MATLAB GUI; Nov 2016 work on output-only identification and accumulated-data (concurrent-learning-like) SLA, precursor of the 'SLA Modificada'/SLAFF of the 2018 dissertation (sec. 2.5, 4.4, citing Chowdhary et al. 2013).",gui,high,MATLAB/Apps/App Controle Adaptativo/L2AA_Ident.m,b163dc63fc60b954c2f1c2327089a82c97e68497
dissertation/code/2016-second-level-adaptation-toolbox/L2A_IO_CL_Ident.m,"Output-only SLA + concurrent memory (Matlab_Current, name fixed)",Pedro,Same algorithm as the MATLAB/ L2A_IO_CL_Ident (11): output-error SLA with 'natural' and 'concorrente' laws and a stored M/vm. The internal function name now matches the file. A note says the state x_p must not be used (still to fix).,"'App Controle Adaptativo' (Sep-Nov 2016, MSc): an attempt to wrap Pedro's SLA toolbox and the June 2016 identification/AC methods in a tabbed MATLAB GUI; Nov 2016 work on output-only identification and accumulated-data (concurrent-learning-like) SLA, precursor of the 'SLA Modificada'/SLAFF of the 2018 dissertation (sec. 2.5, 4.4, citing Chowdhary et al. 2013).",intermediate-version,high,Matlab_Current/Apps/App Controle Adaptativo/L2A_IO_CL_Ident.m,6eafd35f8e36be1bf517546535580d7ef8ef5994
dissertation/code/2016-second-level-adaptation-toolbox/L2A_IO_CL_Ident_Esc.m,Output-only SLA with memory and scalar-gain stability check (Esc),Pedro,"V0_Completo with Euler integration back instead of ode45. Each step it checks the eigenvalues of M0 - gamma h M0^2 (M0=M+E'E) to keep the discrete alpha update stable, and reduces gamma if needed. It computes Lyapunov V=||alpha-alpha*||^2 against the known true alpha* and 'garantia' step-size bounds. A sliding-window point-collection scheme of 30*npar points is drafted but commented out.","'App Controle Adaptativo' (Sep-Nov 2016, MSc): an attempt to wrap Pedro's SLA toolbox and the June 2016 identification/AC methods in a tabbed MATLAB GUI; Nov 2016 work on output-only identification and accumulated-data (concurrent-learning-like) SLA, precursor of the 'SLA Modificada'/SLAFF of the 2018 dissertation (sec. 2.5, 4.4, citing Chowdhary et al. 2013). Matches Qualificacao (2017) sec. 3.5.",experiment,medium,Matlab_Current/Apps/App Controle Adaptativo/L2A_IO_CL_Ident_Esc.m,b114965f7ecc8b3869cb306da8c433e57fe592cb
dissertation/code/2016-second-level-adaptation-toolbox/L2A_IO_CL_Ident_Otimo.m,Output-only SLA with memory and matrix 'optimal' gain (Otimo),Pedro,"Like _Esc, but the gain becomes a matrix: gamma=P=V D^-1 V'/h from the eigen-decomposition of M0, i.e. roughly M0^-1/h, a Newton-like step, used while norm(P)<1e3. It also stores the inverse residual.","'App Controle Adaptativo' (Sep-Nov 2016, MSc): an attempt to wrap Pedro's SLA toolbox and the June 2016 identification/AC methods in a tabbed MATLAB GUI; Nov 2016 work on output-only identification and accumulated-data (concurrent-learning-like) SLA, precursor of the 'SLA Modificada'/SLAFF of the 2018 dissertation (sec. 2.5, 4.4, citing Chowdhary et al. 2013). Matches Qualificacao (2017) sec. 3.5.",experiment,medium,Matlab_Current/Apps/App Controle Adaptativo/L2A_IO_CL_Ident_Otimo.m,94d81e518472fc539b7376ab83153853cc0bd4e2
dissertation/code/2016-second-level-adaptation-toolbox/L2A_IO_CL_Ident_V0.m,"Output-only SLA + memory, V0 (Matlab_Current, Nov 4)",Pedro,"V0 law (natural law plus memory term, memory reset at convergence). Stores a sample only if 1.5*min(svd(M)) < min(svd(M+E'E)), with a comment that the selection 'needs refining'. Fixed models; the identification models still use x_p.","'App Controle Adaptativo' (Sep-Nov 2016, MSc): an attempt to wrap Pedro's SLA toolbox and the June 2016 identification/AC methods in a tabbed MATLAB GUI; Nov 2016 work on output-only identification and accumulated-data (concurrent-learning-like) SLA, precursor of the 'SLA Modificada'/SLAFF of the 2018 dissertation (sec. 2.5, 4.4, citing Chowdhary et al. 2013).",intermediate-version,high,Matlab_Current/Apps/App Controle Adaptativo/L2A_IO_CL_Ident_V0.m,57b13bfce52063992900119748202d9d87ce7f16
dissertation/code/2016-second-level-adaptation-toolbox/L2A_IO_CL_Ident_V0_Completo.m,"Output-only SLA + memory for plants WITH zeros, ode45 integration (V0_Completo)",Pedro,"Full version for plants with numerator and denominator (2n parameters, observer-canonical form). It integrates the plant, models and reference model with ode45 each step (RelTol 1e-8) and limits gamma by 2/lambda_max(M+E'E). It computes the true alpha* from the known plant, plots sign(dV), and adds robustness 'garantia' measures.","'App Controle Adaptativo' (Sep-Nov 2016, MSc): an attempt to wrap Pedro's SLA toolbox and the June 2016 identification/AC methods in a tabbed MATLAB GUI; Nov 2016 work on output-only identification and accumulated-data (concurrent-learning-like) SLA, precursor of the 'SLA Modificada'/SLAFF of the 2018 dissertation (sec. 2.5, 4.4, citing Chowdhary et al. 2013).",experiment,high,Matlab_Current/Apps/App Controle Adaptativo/L2A_IO_CL_Ident_V0_Completo.m,b7e6a0c08a6d06bf1697f2f9eca9488166a95c0c
dissertation/code/2016-second-level-adaptation-toolbox/L2A_IO_Ident.m,Output-only SLA identification with fixed models (GUI back-end),Pedro,"SLA identification in open loop (u=r) that uses only the output y=h'x of the plant and of the n+1 FIXED identification models (scalar error row E). The PE part of the reference is switched off when eta<=tol_eta. The models are still driven by the plant state x_p, so it is not truly output-only. tabbedGUI uses it for 'identification, SLA, SISO case' (comment '%Zeros', i.e. models with zeros still t","'App Controle Adaptativo' (Sep-Nov 2016, MSc): an attempt to wrap Pedro's SLA toolbox and the June 2016 identification/AC methods in a tabbed MATLAB GUI; Nov 2016 work on output-only identification and accumulated-data (concurrent-learning-like) SLA, precursor of the 'SLA Modificada'/SLAFF of the 2018 dissertation (sec. 2.5, 4.4, citing Chowdhary et al. 2013).",gui,high,MATLAB/Apps/App Controle Adaptativo/L2A_IO_Ident.m,2012965a7a985e5a27c88a14b4b9f203b4802a9f
dissertation/code/2016-second-level-adaptation-toolbox/Toolbox Adaptacao L2/L1A.m,"First-level (conventional) adaptation baseline, L1A",Pedro (header 'Aluno: Pedro Gushiken'),"Same code skeleton as the SLA functions, but the controller uses the fixed combination alpha_bar(0), so k = theta_m - Theta_bar(t)*alpha_bar0. Only the first-level models adapt (theta_i'=-e_i'P b x_p), which makes it the conventional indirect MRAC used for comparison. eta is computed from theta_3'. Plots with plot_adap_figures_L1.","MSc (PPgEEC/UFRN, advisor Prof. Aldayr Dantas de Araujo), 2016: Narendra-style second-level adaptation (SLA, Han & Narendra 2012; Narendra, Wang & Chen, ACC 2014, cited in the header) for indirect MRAC of companion-form plants with accessible states. Used for the comparison 'Adaptacao de Primeiro Nivel' figure (ap_CBA2016.tex, pics/SIM1_L1AA.png, Sep 2 2016) and called by exemplos.m.",final,high,MATLAB/Apps/App Controle Adaptativo/Toolbox Adaptacao L2/L1A.m,fa301dde3d37258cea1e300839b7f1e96ee4953b
dissertation/code/2016-second-level-adaptation-toolbox/Toolbox Adaptacao L2/L2A.m,"Attempt at SLA for plants with zeros (broken WIP), L2A",Pedro,"Starts from L2AA, but splits the models, plant and reference model into pole and zero parts (modelos_polos/zeros, b_p, b_m). The first-level law references an undefined regressor w_T, and b and modelo_de_referencia are never defined, so it cannot run. It was abandoned in favour of the I/O versions.","MSc (PPgEEC/UFRN, advisor Prof. Aldayr Dantas de Araujo), 2016: Narendra-style second-level adaptation (SLA, Han & Narendra 2012; Narendra, Wang & Chen, ACC 2014, cited in the header) for indirect MRAC of companion-form plants with accessible states.",failed,high,MATLAB/Apps/App Controle Adaptativo/Toolbox Adaptacao L2/L2A.m,f159340e84f7011fb46cb280c7c83c0e7cd46931
dissertation/code/2016-second-level-adaptation-toolbox/Toolbox Adaptacao L2/L2AA.m,L2AA final toolbox function (Matlab_Current copy),Pedro,"Same as MATLAB/ Toolbox L2AA.m (2cb8b2ff): SLA with adaptive identification models, alpha projection and eta-based smooth switch-off of the PE reference; struct in, struct out.","MSc (PPgEEC/UFRN, advisor Prof. Aldayr Dantas de Araujo), 2016: Narendra-style second-level adaptation (SLA, Han & Narendra 2012; Narendra, Wang & Chen, ACC 2014, cited in the header) for indirect MRAC of companion-form plants with accessible states. Printed in Qualificacao_Pedro_Gushiken.pdf (Jun 2017), sec. 4.1 and 5.1.1, prints L2AA.m verbatim.",final,high,Matlab_Current/Apps/App Controle Adaptativo/Toolbox Adaptacao L2/L2AA.m,a243156e5ee517755b0d740b1b46214d68e72ea8
dissertation/code/2016-second-level-adaptation-toolbox/Toolbox Adaptacao L2/L2AA_CL.asv,MATLAB editor autosave of L2AA_CL.m (an earlier/unsaved version of that script),same as the code in this folder,,companion file,companion,high,MATLAB/Apps/App Controle Adaptativo/Toolbox Adaptacao L2/L2AA_CL.asv,84d2367aa7b0eed6486c74f37e5a5911a1de7334
dissertation/code/2016-second-level-adaptation-toolbox/Toolbox Adaptacao L2/L2AA_CL.m,"L2AA with accumulated-data (concurrent-learning-like) term, L2AA_CL",Pedro,"L2AA plus a memory matrix M=sum E'E and a vector vm=sum E'e_N+1, added as -M alpha - vm to the alpha law. A new sample is stored only if it raises min(svd(M)) and norm(M) grows by 1.5x. svd values are printed every step, which makes it debugging code. The internal function name is still L2AA.","MSc (PPgEEC/UFRN, advisor Prof. Aldayr Dantas de Araujo), 2016: Narendra-style second-level adaptation (SLA, Han & Narendra 2012; Narendra, Wang & Chen, ACC 2014, cited in the header) for indirect MRAC of companion-form plants with accessible states. Precursor of the 'SLA Modificada' (dissertation sec. 2.5) and of the Chowdhary-inspired accumulation of past data.",experiment,high,MATLAB/Apps/App Controle Adaptativo/Toolbox Adaptacao L2/L2AA_CL.m,92e9bf4a952d14a623fedfa5e5c8420838a17547
dissertation/code/2016-second-level-adaptation-toolbox/Toolbox Adaptacao L2/L2A_sem_zeros_IO.m,"Output-only SLA identification, fixed models (stoptime layout)",Pedro,Open-loop (u=r) SLA identification using only output errors y_i - y. The models are fixed (theta_i not adapted) and alpha is estimated from the scalar output-error row E.,"MSc (PPgEEC/UFRN, advisor Prof. Aldayr Dantas de Araujo), 2016: Narendra-style second-level adaptation (SLA, Han & Narendra 2012; Narendra, Wang & Chen, ACC 2014, cited in the header) for indirect MRAC of companion-form plants with accessible states.",intermediate-version,high,MATLAB/Apps/App Controle Adaptativo/Toolbox Adaptacao L2/L2A_sem_zeros_IO.m,e2abce5317bec6bed93a206e29fefa712438b681
dissertation/code/2016-second-level-adaptation-toolbox/Toolbox Adaptacao L2/Old/L2AA_Dif_Anim.m,SLA adaptive models with parameter-space animation (positional args + colour),Pedro,"Same algorithm as L2AA_Dif_Anim_InputAsStruct, but with positional arguments plus a colour 'cor'. It animates the triangle of the three adaptive models and the trajectory of theta_p_hat in the 2-D parameter space (animatedline, getframe) and returns the movie frames.","MSc (PPgEEC/UFRN, advisor Prof. Aldayr Dantas de Araujo), 2016: Narendra-style second-level adaptation (SLA, Han & Narendra 2012; Narendra, Wang & Chen, ACC 2014, cited in the header) for indirect MRAC of companion-form plants with accessible states. Pre-toolbox scripts kept in Toolbox Adaptacao L2/Old.",intermediate-version,high,MATLAB/Apps/App Controle Adaptativo/Toolbox Adaptacao L2/Old/L2AA_Dif_Anim.m,07015c35e3cd422cea8e1e32b796d3933ddcfef0
dissertation/code/2016-second-level-adaptation-toolbox/Toolbox Adaptacao L2/Old/L2AA_Dif_Anim_InputAsStruct.m,"SLA adaptive models with animation, struct input",Pedro,"First version that takes a single args struct (fields stoptime,h,modelos,planta,…,P,cor). It animates the moving convex hull of the adaptive models and the theta_p_hat trajectory (240 frames). It has its own local copy of can().","MSc (PPgEEC/UFRN, advisor Prof. Aldayr Dantas de Araujo), 2016: Narendra-style second-level adaptation (SLA, Han & Narendra 2012; Narendra, Wang & Chen, ACC 2014, cited in the header) for indirect MRAC of companion-form plants with accessible states. Pre-toolbox scripts kept in Toolbox Adaptacao L2/Old.",intermediate-version,high,MATLAB/Apps/App Controle Adaptativo/Toolbox Adaptacao L2/Old/L2AA_Dif_Anim_InputAsStruct.m,17f7d4607c1509cf40d16606b0f13547b6e05127
dissertation/code/2016-second-level-adaptation-toolbox/Toolbox Adaptacao L2/Old/L2AA_Dif_IO_ModDes_SatAlfa.m,SLA adaptive models with input-output (filtered) states,Pedro,"L2AA_Dif_ModDes_SatAlfa adapted to I/O: the plant output is passed through a filter Lambda_f (argument 'filtro') to build w2=[y; w1'], which replaces the state x_p in the errors, the control and the adaptive laws. This is a first attempt at the case without state access.","MSc (PPgEEC/UFRN, advisor Prof. Aldayr Dantas de Araujo), 2016: Narendra-style second-level adaptation (SLA, Han & Narendra 2012; Narendra, Wang & Chen, ACC 2014, cited in the header) for indirect MRAC of companion-form plants with accessible states. Pre-toolbox scripts kept in Toolbox Adaptacao L2/Old.",experiment,medium,MATLAB/Apps/App Controle Adaptativo/Toolbox Adaptacao L2/Old/L2AA_Dif_IO_ModDes_SatAlfa.m,5de9ec08c1e01169de20c45de4f4c4ac14423a17
dissertation/code/2016-second-level-adaptation-toolbox/Toolbox Adaptacao L2/Old/L2AA_Dif_ModDes_SatAlfa.m,SLA with ADAPTIVE identification models (first L2AA),Pedro,"First 'L2AA' (second-level adaptation with adaptive models). It is L2A_Dif_ModDes_SatAlfa, but each identification model is also adapted by theta_i'=-e_i'P b x_p (new argument P), so Theta_bar(t) changes in time. Same alpha projection and eta-based PE switch-off. It plots the final model hull in the parameter plane.","MSc (PPgEEC/UFRN, advisor Prof. Aldayr Dantas de Araujo), 2016: Narendra-style second-level adaptation (SLA, Han & Narendra 2012; Narendra, Wang & Chen, ACC 2014, cited in the header) for indirect MRAC of companion-form plants with accessible states. Pre-toolbox scripts kept in Toolbox Adaptacao L2/Old.",intermediate-version,high,MATLAB/Apps/App Controle Adaptativo/Toolbox Adaptacao L2/Old/L2AA_Dif_ModDes_SatAlfa.m,ac0c12a198562043024401da63a15e062ea60323
dissertation/code/2016-second-level-adaptation-toolbox/Toolbox Adaptacao L2/Old/L2AA_Dif_ModDes_SatAlfa_longA.m,"L2AA animation, 'longA' (long animation) variant",Pedro,"theAnimation variant that draws the full model trajectories (a11…a23) every 10/h steps, plus the line from theta(0) to theta_p, for longer animations. It also flips a sign test in the alpha_N+1 projection (== instead of ~=), which looks like an experiment.","MSc (PPgEEC/UFRN, advisor Prof. Aldayr Dantas de Araujo), 2016: Narendra-style second-level adaptation (SLA, Han & Narendra 2012; Narendra, Wang & Chen, ACC 2014, cited in the header) for indirect MRAC of companion-form plants with accessible states. Pre-toolbox scripts kept in Toolbox Adaptacao L2/Old.",experiment,high,MATLAB/Apps/App Controle Adaptativo/Toolbox Adaptacao L2/Old/L2AA_Dif_ModDes_SatAlfa_longA.m,b9b3bc1c56dabc939d6360c8a4f3cff8bdfec665
dissertation/code/2016-second-level-adaptation-toolbox/Toolbox Adaptacao L2/Old/L2AA_Dif_ModDes_SatAlfa_theAnimation.m,L2AA animation only ('theAnimation'),Pedro,L2AA_Dif_ModDes_SatAlfa with the plots removed and eta forced to 1 (no PE switch-off). Each step it adds the model triangle to an animatedline and grabs a movie frame (returns 'movie').,"MSc (PPgEEC/UFRN, advisor Prof. Aldayr Dantas de Araujo), 2016: Narendra-style second-level adaptation (SLA, Han & Narendra 2012; Narendra, Wang & Chen, ACC 2014, cited in the header) for indirect MRAC of companion-form plants with accessible states. Pre-toolbox scripts kept in Toolbox Adaptacao L2/Old.",experiment,high,MATLAB/Apps/App Controle Adaptativo/Toolbox Adaptacao L2/Old/L2AA_Dif_ModDes_SatAlfa_theAnimation.m,b3d308237b206e48e4ddd01bf387a439f02b06c4
dissertation/code/2016-second-level-adaptation-toolbox/Toolbox Adaptacao L2/Old/L2A_Dif.m,"SLA, differential method for alpha (fixed models)",Pedro,"Generalised n-th-order SLA with fixed models where alpha is obtained from the differential equation alpha'=-E'E alpha - E'e_N+1 instead of inverting E (E now built from model-state differences). The reference is a sine. It plots outputs, alphas, control, error norm and the theta_p_hat trajectory in the convex hull.","MSc (PPgEEC/UFRN, advisor Prof. Aldayr Dantas de Araujo), 2016: Narendra-style second-level adaptation (SLA, Han & Narendra 2012; Narendra, Wang & Chen, ACC 2014, cited in the header) for indirect MRAC of companion-form plants with accessible states. Pre-toolbox scripts kept in Toolbox Adaptacao L2/Old. Corresponds to the 'Metodo Diferencial' of the April 2016 Simulink models (README 07).",intermediate-version,high,MATLAB/Apps/App Controle Adaptativo/Toolbox Adaptacao L2/Old/L2A_Dif.m,d06f5a86015cbb51ded7d683eba3ed4b4fafc30c
dissertation/code/2016-second-level-adaptation-toolbox/Toolbox Adaptacao L2/Old/L2A_Dif_ModDes.m,SLA differential method + gain + PE switch-off (TCC idea),Pedro,"Adds a gain gamma to the alpha equation and, as the header says, 'um esquema de desligamento do sinal PE, similar ao usado no TCC'. The figure of merit is eta=alpha''Q alpha'/(1+alpha''Q alpha'). When eta<=1e-4 the reference relaxes to a constant through r'=10(-r+ref). It adds an eta plot.","MSc (PPgEEC/UFRN, advisor Prof. Aldayr Dantas de Araujo), 2016: Narendra-style second-level adaptation (SLA, Han & Narendra 2012; Narendra, Wang & Chen, ACC 2014, cited in the header) for indirect MRAC of companion-form plants with accessible states. Pre-toolbox scripts kept in Toolbox Adaptacao L2/Old. Direct bridge from the 2015 TCC (PE switch-off by a figure of merit) to the MSc; basis of CBA20",intermediate-version,high,MATLAB/Apps/App Controle Adaptativo/Toolbox Adaptacao L2/Old/L2A_Dif_ModDes.m,faf4bdb30fe465eb7cdd99d7f21c45f62cc49221
dissertation/code/2016-second-level-adaptation-toolbox/Toolbox Adaptacao L2/Old/L2A_Dif_ModDes_ModEnm1.m,ModDes variant with plant-estimate model (x_p_hat),Pedro,"Adds a series-parallel estimate of the plant, x_p_hat'=A_p_hat x_p + b u with A_p_hat=can(Theta_bar alpha_bar), and plots its error e_est. The reference relaxation gain drops from 10 to 1. The suffix 'ModEnm1' probably means a modification on the error/estimate (meaning uncertain).","MSc (PPgEEC/UFRN, advisor Prof. Aldayr Dantas de Araujo), 2016: Narendra-style second-level adaptation (SLA, Han & Narendra 2012; Narendra, Wang & Chen, ACC 2014, cited in the header) for indirect MRAC of companion-form plants with accessible states. Pre-toolbox scripts kept in Toolbox Adaptacao L2/Old.",experiment,medium,MATLAB/Apps/App Controle Adaptativo/Toolbox Adaptacao L2/Old/L2A_Dif_ModDes_ModEnm1.m,9ffe84ea14f43c3ba1f415f3f07d8d2e1dbe925e
dissertation/code/2016-second-level-adaptation-toolbox/Toolbox Adaptacao L2/Old/L2A_Dif_ModDes_SatAlfa.m,SLA fixed models + alpha projection + PE switch-off (CBA2016 simulations 1 & 2),Pedro,"ModDes plus the projection of alpha onto the simplex (alpha_i' zeroed at the bounds 0/1; the alpha_N+1 rule as in eqs. 28-29 of the paper). The reference is ref + 0.2ref sin t + 0.2ref sin 2t and the switch-off threshold is eta<=1e-2. Header examples are tagged '%artigo' (plant [2.3 -3.6], models [-4 -3 8; -5 -2 -4], theta_m [-4 -4], gamma 20) plus 'Terceira Ordem Estavel' and 'Terceira Ordem Inst","MSc (PPgEEC/UFRN, advisor Prof. Aldayr Dantas de Araujo), 2016: Narendra-style second-level adaptation (SLA, Han & Narendra 2012; Narendra, Wang & Chen, ACC 2014, cited in the header) for indirect MRAC of companion-form plants with accessible states. Pre-toolbox scripts kept in Toolbox Adaptacao L2/Old. CBA2016 paper 'Adaptacao de segundo nivel usando modelos fixos com desligamento do sinal persis",final,high,MATLAB/Apps/App Controle Adaptativo/Toolbox Adaptacao L2/Old/L2A_Dif_ModDes_SatAlfa.m,81f26e51630cfcc0165cb15165335276246dcaf9
dissertation/code/2016-second-level-adaptation-toolbox/Toolbox Adaptacao L2/Old/L2A_Dif_ModDes_SatAlfaAlt.m,Alternative alpha saturation (SatAlfaAlt),Pedro,"First try at keeping alpha in the convex hull. It zeroes the components of alpha' whose sign disagrees with alpha_N+1', and clamps alpha to [0,1] after the Euler step. The switch-off threshold is eta<=1e-2.","MSc (PPgEEC/UFRN, advisor Prof. Aldayr Dantas de Araujo), 2016: Narendra-style second-level adaptation (SLA, Han & Narendra 2012; Narendra, Wang & Chen, ACC 2014, cited in the header) for indirect MRAC of companion-form plants with accessible states. Pre-toolbox scripts kept in Toolbox Adaptacao L2/Old.",experiment,high,MATLAB/Apps/App Controle Adaptativo/Toolbox Adaptacao L2/Old/L2A_Dif_ModDes_SatAlfaAlt.m,6b31883018b180682414e82c0866df1223a8e2c3
dissertation/code/2016-second-level-adaptation-toolbox/Toolbox Adaptacao L2/Old/L2A_Dif_ModDes_SatAlfa_Pert.m,SatAlfa with input disturbance (CBA2016 simulation 3),Pedro,"SatAlfa with an input disturbance p=-1 between t=16 s and 22 s (x_p'=A_p x_p+b u+b p). The parameter trajectory is plotted in two colours, before and after 16 s. The header muses 'se a planta e LIT porque nao congelar alfa_ponto apos a adaptacao?', and a 'contador' for re-triggering is left commented out.","MSc (PPgEEC/UFRN, advisor Prof. Aldayr Dantas de Araujo), 2016: Narendra-style second-level adaptation (SLA, Han & Narendra 2012; Narendra, Wang & Chen, ACC 2014, cited in the header) for indirect MRAC of companion-form plants with accessible states. Pre-toolbox scripts kept in Toolbox Adaptacao L2/Old. CBA2016 paper 'Adaptacao de segundo nivel usando modelos fixos com desligamento do sinal persis",final,high,MATLAB/Apps/App Controle Adaptativo/Toolbox Adaptacao L2/Old/L2A_Dif_ModDes_SatAlfa_Pert.m,39478847f4eb7aa36b5ba97ee64b01fd1b053515
dissertation/code/2016-second-level-adaptation-toolbox/Toolbox Adaptacao L2/Old/L2A_Dif_ModDes_SatAlfa_RMed.m,SatAlfa with measurement noise on model errors (RMed),Pedro,"Adds uniform noise 0.05*rand to the model errors e_i ('RMed' = ruido de medicao). The reference uses a single sine and eta<=1e-3, and the header has a different example plant.","MSc (PPgEEC/UFRN, advisor Prof. Aldayr Dantas de Araujo), 2016: Narendra-style second-level adaptation (SLA, Han & Narendra 2012; Narendra, Wang & Chen, ACC 2014, cited in the header) for indirect MRAC of companion-form plants with accessible states. Pre-toolbox scripts kept in Toolbox Adaptacao L2/Old.",experiment,medium,MATLAB/Apps/App Controle Adaptativo/Toolbox Adaptacao L2/Old/L2A_Dif_ModDes_SatAlfa_RMed.m,37b565f832ca67965fd14300a81413a00e40fab7
dissertation/code/2016-second-level-adaptation-toolbox/Toolbox Adaptacao L2/Old/L2A_Dif_ModDes_SatAlfa_Rui.m,SatAlfa with multiplicative state noise (CBA2016 simulation 4),Pedro,"Feeds the identification models with a noisy state x_p(1+(0.5-rand)*0.2*rand). It uses one sine (0.15 ref) and a relaxed threshold eta<=0.2. This matches the paper's noise simulation ('eps_m=0.2, gamma=20'), with noise of about 7.5% of the steady-state output.","MSc (PPgEEC/UFRN, advisor Prof. Aldayr Dantas de Araujo), 2016: Narendra-style second-level adaptation (SLA, Han & Narendra 2012; Narendra, Wang & Chen, ACC 2014, cited in the header) for indirect MRAC of companion-form plants with accessible states. Pre-toolbox scripts kept in Toolbox Adaptacao L2/Old. CBA2016 paper 'Adaptacao de segundo nivel usando modelos fixos com desligamento do sinal persis",final,medium,MATLAB/Apps/App Controle Adaptativo/Toolbox Adaptacao L2/Old/L2A_Dif_ModDes_SatAlfa_Rui.m,305b2b923cd507b274066b5f8bd332a1209f2cd5
dissertation/code/2016-second-level-adaptation-toolbox/Toolbox Adaptacao L2/Old/L2A_Dif_ModDes_SatAlfa_qo.m,SatAlfa with richer 4-sine reference (qo),Pedro,"Variant with a reference of four sines (0.8, 1, 1.2, 1.4 rad/s, each 0.1 ref), normalised by the reference-model static gain, and eta<=1e-2. The meaning of 'qo' is unknown.","MSc (PPgEEC/UFRN, advisor Prof. Aldayr Dantas de Araujo), 2016: Narendra-style second-level adaptation (SLA, Han & Narendra 2012; Narendra, Wang & Chen, ACC 2014, cited in the header) for indirect MRAC of companion-form plants with accessible states. Pre-toolbox scripts kept in Toolbox Adaptacao L2/Old.",experiment,medium,MATLAB/Apps/App Controle Adaptativo/Toolbox Adaptacao L2/Old/L2A_Dif_ModDes_SatAlfa_qo.m,8c1d1fb5f26bb0aa7278c38d0812adc80f38e8e4
dissertation/code/2016-second-level-adaptation-toolbox/Toolbox Adaptacao L2/Old/L2A_Inv.m,"SLA by inversion of E, generalised n-th order (L2A_Inv)",Pedro,"n-th-order fixed-model SLA where alpha=-E^{-1}e_N+1 every step (the 'metodo da inversa'). It builds companion matrices for arbitrary n, uses a constant reference, and plots states, alphas, control, error norm and the theta_p_hat path inside the model hull.","MSc (PPgEEC/UFRN, advisor Prof. Aldayr Dantas de Araujo), 2016: Narendra-style second-level adaptation (SLA, Han & Narendra 2012; Narendra, Wang & Chen, ACC 2014, cited in the header) for indirect MRAC of companion-form plants with accessible states. Pre-toolbox scripts kept in Toolbox Adaptacao L2/Old. Same method as the SIM_NARENDRA_*_METODO_INVERSA Simulink models (Apr 2016).",intermediate-version,high,MATLAB/Apps/App Controle Adaptativo/Toolbox Adaptacao L2/Old/L2A_Inv.m,7399bd9efb7bf3911d246b4c7493f086ce93b380
dissertation/code/2016-second-level-adaptation-toolbox/Toolbox Adaptacao L2/Old/Narendra_Sim_1_Inversa.asv,MATLAB editor autosave of Narendra_Sim_1_Inversa.m (an earlier/unsaved version of that script),same as the code in this folder,,companion file,companion,high,MATLAB/Apps/App Controle Adaptativo/Toolbox Adaptacao L2/Old/Narendra_Sim_1_Inversa.asv,6f65c8a3bb35dcd662a25729d116e15dc9550974
dissertation/code/2016-second-level-adaptation-toolbox/Toolbox Adaptacao L2/Old/Narendra_Sim_1_Inversa.m,Narendra Simulation 1 by E-inverse (first MATLAB script),Pedro,"Hard-coded reproduction of Simulation 1 of Narendra, Wang & Chen (ACC 2014): plant theta_p=[-2 -1], theta_m=[-1 -3], fixed models [-2 -4],[-6 -6],[3 -6], reference 10 sin t+10, alpha=-E^{-1}e_3. Euler integration; it plots alpha_bar. The internal function name is narendra_sim_inversa.","MSc (PPgEEC/UFRN, advisor Prof. Aldayr Dantas de Araujo), 2016: Narendra-style second-level adaptation (SLA, Han & Narendra 2012; Narendra, Wang & Chen, ACC 2014, cited in the header) for indirect MRAC of companion-form plants with accessible states. Pre-toolbox scripts kept in Toolbox Adaptacao L2/Old. Same parameters as 'Simulacao 1' of the April 2016 Narendra slides / SIM_NARENDRA_1.",intermediate-version,high,MATLAB/Apps/App Controle Adaptativo/Toolbox Adaptacao L2/Old/Narendra_Sim_1_Inversa.m,6f65c8a3bb35dcd662a25729d116e15dc9550974
dissertation/code/2016-second-level-adaptation-toolbox/Toolbox Adaptacao L2/Old/Narendra_Sim_Geral_Inversa.asv,MATLAB editor autosave of Narendra_Sim_Geral_Inversa.m (an earlier/unsaved version of that script),same as the code in this folder,,companion file,companion,high,MATLAB/Apps/App Controle Adaptativo/Toolbox Adaptacao L2/Old/Narendra_Sim_Geral_Inversa.asv,fa31f6035c3dd2601ce39daa719a26966793cb7e
dissertation/code/2016-second-level-adaptation-toolbox/Toolbox Adaptacao L2/Old/Narendra_Sim_Geral_Inversa.m,"Narendra simulation by E-inverse, general order",Pedro,"Generalises Narendra_Sim_1_Inversa to any order. Arguments: models matrix, plant, reference model, initial conditions, alpha0 and a constant reference. It builds companion matrices with loops and plots ||x_m - x_p||.","MSc (PPgEEC/UFRN, advisor Prof. Aldayr Dantas de Araujo), 2016: Narendra-style second-level adaptation (SLA, Han & Narendra 2012; Narendra, Wang & Chen, ACC 2014, cited in the header) for indirect MRAC of companion-form plants with accessible states. Pre-toolbox scripts kept in Toolbox Adaptacao L2/Old.",intermediate-version,high,MATLAB/Apps/App Controle Adaptativo/Toolbox Adaptacao L2/Old/Narendra_Sim_Geral_Inversa.m,7568330fae5c65c0af6b25b1dad6c76ab5d2a17f
dissertation/code/2016-second-level-adaptation-toolbox/Toolbox Adaptacao L2/Old/Narendra_Sim_Geral_Inversa_2_var.m,"Narendra simulation by E-inverse, 2-parameter positional version",Pedro,"Intermediate step between Sim_1 and Sim_Geral: still 2nd order and three models, but parameters come as arguments. Its internal function name is Narendra_Sim_Geral_Inversa, not the file name. It has a bug: x_3 is initialised from model 1's initial condition, and r(k) has no semicolon.","MSc (PPgEEC/UFRN, advisor Prof. Aldayr Dantas de Araujo), 2016: Narendra-style second-level adaptation (SLA, Han & Narendra 2012; Narendra, Wang & Chen, ACC 2014, cited in the header) for indirect MRAC of companion-form plants with accessible states. Pre-toolbox scripts kept in Toolbox Adaptacao L2/Old.",intermediate-version,high,MATLAB/Apps/App Controle Adaptativo/Toolbox Adaptacao L2/Old/Narendra_Sim_Geral_Inversa_2_var.m,57347f331fe1d0350d6835d984d4f7cc2094ebb2
dissertation/code/2016-second-level-adaptation-toolbox/Toolbox Adaptacao L2/Old/genfigure.m,Driver: overlay animations for different third-model positions,Pedro,"Script that loops angle c=1:90:180 and calls L2AA_Dif_Anim with the 3rd model on a circle around [2.5;-3], varying the colour, to overlay hull/trajectory animations.","MSc (PPgEEC/UFRN, advisor Prof. Aldayr Dantas de Araujo), 2016: Narendra-style second-level adaptation (SLA, Han & Narendra 2012; Narendra, Wang & Chen, ACC 2014, cited in the header) for indirect MRAC of companion-form plants with accessible states. Pre-toolbox scripts kept in Toolbox Adaptacao L2/Old.",test/scratch,high,MATLAB/Apps/App Controle Adaptativo/Toolbox Adaptacao L2/Old/genfigure.m,6bebbdc768d8a0219f023bb91b2c70bf25da4b42
dissertation/code/2016-second-level-adaptation-toolbox/Toolbox Adaptacao L2/_outras versões/L2AA (MATLAB 2016-09-29).m,"SLA with adaptive identification models and PE switch-off, L2AA (final toolbox function)",Pedro,"Main toolbox function. n+1 identification models x_i'=A_m x_i+(A_i-A_m)x_p+b u, each adapted by theta_i'=-e_i'P b x_p. The second-level law is alpha'=gamma(-E'E alpha - E'e_N+1), with the rectangular/simplex projection of the CBA2016 paper. The plant estimate is Theta_bar alpha_bar and the control is u=r+k'x_p with k=theta_m - Theta_bar alpha_bar. The reference is a sum of cosines (ref_amp, ref_fr","MSc (PPgEEC/UFRN, advisor Prof. Aldayr Dantas de Araujo), 2016: Narendra-style second-level adaptation (SLA, Han & Narendra 2012; Narendra, Wang & Chen, ACC 2014, cited in the header) for indirect MRAC of companion-form plants with accessible states. Printed verbatim in Qualificacao_Pedro_Gushiken.pdf (Jun 2017), sec. 4.1 and 5.1.1, prints L2AA.m verbatim.",final,high,MATLAB/Apps/App Controle Adaptativo/Toolbox Adaptacao L2/L2AA.m,2cb8b2ff98d1200890539d6987dc559fbf229732
dissertation/code/2016-second-level-adaptation-toolbox/Toolbox Adaptacao L2/anim_trajetorias.m,Animate SLA parameter trajectories from a simulation function,Pedro,"Takes a function handle (e.g. @L2AA) and an args struct. It runs the simulation, then draws the moving model hull and the theta_p_hat path every stoptime/(nframes*h) steps.","MSc (PPgEEC/UFRN, advisor Prof. Aldayr Dantas de Araujo), 2016: Narendra-style second-level adaptation (SLA, Han & Narendra 2012; Narendra, Wang & Chen, ACC 2014, cited in the header) for indirect MRAC of companion-form plants with accessible states. Called by exemplos.m as anim_trajetorias(@L2AA,SIM1).",library/function,high,MATLAB/Apps/App Controle Adaptativo/Toolbox Adaptacao L2/anim_trajetorias.m,083ed360414be15b1d8c510c789b42c42f837fd2
dissertation/code/2016-second-level-adaptation-toolbox/Toolbox Adaptacao L2/backup_of_make_struct.m,Leftover old make_struct (broken backup),Pedro,"Backup of an early make_struct written for the least-squares identification parameters (t_inicial…Pmax,minp), but its body assigns undefined variables (alfa_barra, tempo, …). It is a half-edited file and cannot run.","MSc (PPgEEC/UFRN, advisor Prof. Aldayr Dantas de Araujo), 2016: Narendra-style second-level adaptation (SLA, Han & Narendra 2012; Narendra, Wang & Chen, ACC 2014, cited in the header) for indirect MRAC of companion-form plants with accessible states.",test/scratch,high,MATLAB/Apps/App Controle Adaptativo/Toolbox Adaptacao L2/backup_of_make_struct.m,9673e619cef28505fb038e2161b1f5242ffc6b60
dissertation/code/2016-second-level-adaptation-toolbox/Toolbox Adaptacao L2/can.m,Companion-form matrix builder can(),Pedro,Builds the n x n companion matrix whose last row is the given vector (ones on the superdiagonal). Shared helper.,"MSc (PPgEEC/UFRN, advisor Prof. Aldayr Dantas de Araujo), 2016: Narendra-style second-level adaptation (SLA, Han & Narendra 2012; Narendra, Wang & Chen, ACC 2014, cited in the header) for indirect MRAC of companion-form plants with accessible states.",library/function,high,MATLAB/Apps/AC_Metodos.rar!/AC_Metodos/can.m,9d1a8fa818005bba1000c3f61eab649dd913aeab
dissertation/code/2016-second-level-adaptation-toolbox/Toolbox Adaptacao L2/convert_struct.m,Struct-to-positional-outputs helper convert_struct (toolbox version),Pedro,"Returns the fields of a struct as varargout in field order (struct2cell). This is how every function in the family unpacks its args struct, so callers depend on field ORDER, not names.","MSc (PPgEEC/UFRN, advisor Prof. Aldayr Dantas de Araujo), 2016: Narendra-style second-level adaptation (SLA, Han & Narendra 2012; Narendra, Wang & Chen, ACC 2014, cited in the header) for indirect MRAC of companion-form plants with accessible states.",library/function,high,MATLAB/Apps/AC_Metodos.rar!/AC_Metodos/convert_struct.m,61471b8abc91bbb32f6ca147ed58aa0edd03f03e
dissertation/code/2016-second-level-adaptation-toolbox/Toolbox Adaptacao L2/exemplos.m,Example script: CBA2016 simulations with animation and L1 vs L2 comparison,Pedro,"Builds the SIM1 struct ('simulacao 1, referente ao artigo enviado para o CBA'). It animates the trajectories via anim_trajetorias(@L2AA,SIM1), then plots L1A (conventional) and L2AA (second level) results. SIM2 (90 s, h=0.05) is defined but not run.","MSc (PPgEEC/UFRN, advisor Prof. Aldayr Dantas de Araujo), 2016: Narendra-style second-level adaptation (SLA, Han & Narendra 2012; Narendra, Wang & Chen, ACC 2014, cited in the header) for indirect MRAC of companion-form plants with accessible states. CBA2016 paper 'Adaptacao de segundo nivel usando modelos fixos com desligamento do sinal persistentemente excitante' (Gushiken & Araujo, Documentos/M",test/scratch,high,MATLAB/Apps/App Controle Adaptativo/Toolbox Adaptacao L2/exemplos.m,a6cd78535458308ee2bc143c46d5c98f8f16af16
dissertation/code/2016-second-level-adaptation-toolbox/Toolbox Adaptacao L2/graph_arrow_2D.m,Draw a 2-D arrow between parameter estimates,Pedro,"Draws a line from theta_k to theta_k+1 with a filled arrowhead, to show the direction of parameter trajectories in the plane.","MSc (PPgEEC/UFRN, advisor Prof. Aldayr Dantas de Araujo), 2016: Narendra-style second-level adaptation (SLA, Han & Narendra 2012; Narendra, Wang & Chen, ACC 2014, cited in the header) for indirect MRAC of companion-form plants with accessible states.",library/function,medium,MATLAB/Apps/App Controle Adaptativo/Toolbox Adaptacao L2/graph_arrow_2D.m,52ab9dcf646f2f4eb8e5384da8fc9a3d94f8fd22
dissertation/code/2016-second-level-adaptation-toolbox/Toolbox Adaptacao L2/make_struct.m,Output struct builder for the SLA toolbox (make_struct),Pedro,"Wraps the simulation outputs (x_p, x_m, eta, theta_p_hat, error norm, e_o, u, alpha_bar, r, models, Theta_bar, time, endk) into a struct whose field names are the caller's variable names, via convert_names_to_fields/inputname.","MSc (PPgEEC/UFRN, advisor Prof. Aldayr Dantas de Araujo), 2016: Narendra-style second-level adaptation (SLA, Han & Narendra 2012; Narendra, Wang & Chen, ACC 2014, cited in the header) for indirect MRAC of companion-form plants with accessible states.",library/function,high,MATLAB/Apps/App Controle Adaptativo/Toolbox Adaptacao L2/make_struct.m,54ed2e2263d90ea902c571ee76ff7f3d3cd7e341
dissertation/code/2016-second-level-adaptation-toolbox/Toolbox Adaptacao L2/plot_adap_figures_L1.m,"Plot SLA/L1 results, 3-panel figure",Pedro,"Given the output struct, plots x_m(1) vs x_p(1) vs r/static gain, the alphas, and the control signal in a 3x1 subplot.","MSc (PPgEEC/UFRN, advisor Prof. Aldayr Dantas de Araujo), 2016: Narendra-style second-level adaptation (SLA, Han & Narendra 2012; Narendra, Wang & Chen, ACC 2014, cited in the header) for indirect MRAC of companion-form plants with accessible states.",library/function,high,MATLAB/Apps/App Controle Adaptativo/Toolbox Adaptacao L2/plot_adap_figures_L1.m,1d2cd5dea0bed5586abbb28885ea9d85c647fd78
dissertation/code/2016-second-level-adaptation-toolbox/Toolbox Adaptacao L2/plot_adap_figures_L2_VE.m,Plot SLA results in a single 4x2 dashboard,Pedro,"Header with 'Aluno: Pedro Yochinori Gushiken, Orientador: Aldayr'. One figure shows outputs/reference, alphas, control, ||e_o||, the parameter-space trajectory (models hull and theta_p_hat) and eta. Written for 2nd-order plants without zeros.","MSc (PPgEEC/UFRN, advisor Prof. Aldayr Dantas de Araujo), 2016: Narendra-style second-level adaptation (SLA, Han & Narendra 2012; Narendra, Wang & Chen, ACC 2014, cited in the header) for indirect MRAC of companion-form plants with accessible states. Possibly the source of slide figure pics/Ex_pics/Grafs_Sim1.png (Jul 15 2016 18:01) - not verified.",library/function,high,MATLAB/Apps/App Controle Adaptativo/Toolbox Adaptacao L2/plot_adap_figures_L2_VE.m,b739e6f81ef6dd34f42d49bf0cf6b4aa07bc32a9
dissertation/code/2016-second-level-adaptation-toolbox/Toolbox Adaptacao L2/preallocate_memory.m,Preallocation helper for SLA simulations,Pedro,"Preallocates all time-series arrays (tempo, r, eta, u, alpha, x_i, x_p, x_m, theta_i, A_i, E, e_i, …) for an n-th-order system with n+1 models.","MSc (PPgEEC/UFRN, advisor Prof. Aldayr Dantas de Araujo), 2016: Narendra-style second-level adaptation (SLA, Han & Narendra 2012; Narendra, Wang & Chen, ACC 2014, cited in the header) for indirect MRAC of companion-form plants with accessible states.",library/function,high,MATLAB/Apps/AC_Metodos.rar!/AC_Metodos/preallocate_memory.m,d551aaf5b053346abadb6ffef627a37a2cab907b
dissertation/code/2016-second-level-adaptation-toolbox/_outras versões/L2A_IO_CL_Ident (MATLAB 2016-10-25).m,"Output-only SLA identification with accumulated data (CL), early (MATLAB/ copy)",Pedro,"Open-loop SLA identification of a plant from its OUTPUT error (E is the scalar row y_i - y_N+1). Adds a memory matrix M=sum E'E and a vector vm=sum E'e, stored only when they increase the smallest singular value of M (an idea from concurrent learning / Chowdhary). It keeps two alpha laws, 'natural' and 'concorrente', and picks the one with the larger eta. Fixed first-level models.","'App Controle Adaptativo' (Sep-Nov 2016, MSc): an attempt to wrap Pedro's SLA toolbox and the June 2016 identification/AC methods in a tabbed MATLAB GUI; Nov 2016 work on output-only identification and accumulated-data (concurrent-learning-like) SLA, precursor of the 'SLA Modificada'/SLAFF of the 2018 dissertation (sec. 2.5, 4.4, citing Chowdhary et al. 2013).",experiment,high,MATLAB/Apps/App Controle Adaptativo/L2A_IO_CL_Ident.m,1f3734dc8982e8a43499ad61c266580785346ee9
dissertation/code/2016-second-level-adaptation-toolbox/_outras versões/L2A_IO_CL_Ident_V0 (MATLAB 2016-10-28).m,"Output-only SLA + concurrent memory, V0 (MATLAB/ copy, Oct 28)",Pedro,"Variant of L2A_IO_CL_Ident where the memory term is ADDED to the natural law (alpha'=gamma(-E'E alpha - E'e) + gamma(-M alpha - vm)) instead of switching between laws. M and vm are cleared once the memory term and eta are below 1e-5, and the final M is printed.","'App Controle Adaptativo' (Sep-Nov 2016, MSc): an attempt to wrap Pedro's SLA toolbox and the June 2016 identification/AC methods in a tabbed MATLAB GUI; Nov 2016 work on output-only identification and accumulated-data (concurrent-learning-like) SLA, precursor of the 'SLA Modificada'/SLAFF of the 2018 dissertation (sec. 2.5, 4.4, citing Chowdhary et al. 2013).",intermediate-version,high,MATLAB/Apps/App Controle Adaptativo/L2A_IO_CL_Ident_V0.m,4659122a90e60a8980cbde2fb4a515a544aa01ad
dissertation/code/2016-second-level-adaptation-toolbox/gen_randconvhull.asv,MATLAB editor autosave of gen_randconvhull.m (an earlier/unsaved version of that script),same as the code in this folder,,companion file,companion,high,Matlab_Current/Apps/App Controle Adaptativo/gen_randconvhull.asv,c321b8c6927a2c70d46a79ebc567895ba4c79970
dissertation/code/2016-second-level-adaptation-toolbox/gen_randconvhull.m,Random convex hull containing a parameter vector,Pedro,"Draws random (n+1)-vertex sets of radius about 2||theta|| until theta lies inside their convex hull (isinconvhull), and returns the hull and the barycentric alpha. Used to generate random identification models for testing the SLA identifiers.","'App Controle Adaptativo' (Sep-Nov 2016, MSc): an attempt to wrap Pedro's SLA toolbox and the June 2016 identification/AC methods in a tabbed MATLAB GUI; Nov 2016 work on output-only identification and accumulated-data (concurrent-learning-like) SLA, precursor of the 'SLA Modificada'/SLAFF of the 2018 dissertation (sec. 2.5, 4.4, citing Chowdhary et al. 2013).",library/function,high,Matlab_Current/Apps/App Controle Adaptativo/gen_randconvhull.m,242b6e680d8c13b68e114ead5d2e08ac2b7efce7
dissertation/code/2016-second-level-adaptation-toolbox/gen_randconvhull_minphase.m,Random convex hull with positive numerator coefficients,Pedro,"Like gen_randconvhull, for parameter vectors [b; a]: the numerator half is forced positive, probably meant to get minimum-phase models; this only guarantees it for low order.","'App Controle Adaptativo' (Sep-Nov 2016, MSc): an attempt to wrap Pedro's SLA toolbox and the June 2016 identification/AC methods in a tabbed MATLAB GUI; Nov 2016 work on output-only identification and accumulated-data (concurrent-learning-like) SLA, precursor of the 'SLA Modificada'/SLAFF of the 2018 dissertation (sec. 2.5, 4.4, citing Chowdhary et al. 2013).",library/function,medium,Matlab_Current/Apps/App Controle Adaptativo/gen_randconvhull_minphase.m,5583617acb309a5b066ad16e93ed1a5b451f9954
dissertation/code/2016-second-level-adaptation-toolbox/isinconvhull.m,Test whether a point lies inside a simplex (convex hull of n+1 points),Pedro,"Solves the barycentric system [V;1]alpha=[theta;1] and returns 1 if all alpha are in (0,1) and sum to 1. It suppresses singular-matrix warnings.","'App Controle Adaptativo' (Sep-Nov 2016, MSc): an attempt to wrap Pedro's SLA toolbox and the June 2016 identification/AC methods in a tabbed MATLAB GUI; Nov 2016 work on output-only identification and accumulated-data (concurrent-learning-like) SLA, precursor of the 'SLA Modificada'/SLAFF of the 2018 dissertation (sec. 2.5, 4.4, citing Chowdhary et al. 2013).",library/function,high,Matlab_Current/Apps/App Controle Adaptativo/isinconvhull.m,c7b5ea19da90752e1727d06becc2ea9c5f126057
dissertation/code/2016-second-level-adaptation-toolbox/tabbedGUI.m,Tabbed GUI for the 'App Controle Adaptativo',"Pedro. The skeleton ('%# create tabbed GUI', uitabgroup OldVersion warning, '%# button callback', uigetfile('*.mat','Load data')) closely follows a widely copied StackOverflow tabbed-GUI example (likely by user Amro); attribution not verified.","Programmatic uitabgroup GUI with 7 tabs: simulation parameters, parameter-space trajectory, control plots, identification plots, simulation diagram, options, animations. The edit boxes fill a Sim_Par struct whose field order matches L2AA's convert_struct. It has Save/Load (uisave/uigetfile .mat) and a Run button that dispatches on simulation type x method (SLA / integral-cost gradient) x measureme","'App Controle Adaptativo' (Sep-Nov 2016, MSc): an attempt to wrap Pedro's SLA toolbox and the June 2016 identification/AC methods in a tabbed MATLAB GUI; Nov 2016 work on output-only identification and accumulated-data (concurrent-learning-like) SLA, precursor of the 'SLA Modificada'/SLAFF of the 2018 dissertation (sec. 2.5, 4.4, citing Chowdhary et al. 2013).",gui,high,MATLAB/Apps/App Controle Adaptativo/tabbedGUI.m,f737771d12faaeacc7830191693edd3285d6410b
dissertation/code/Algoritmos Capítulo 2/L1_Filtragem_O1.m,"Ch2: first-level linear-regression (filtered) estimator, 1st-order plant",Pedro,"Conventional (first-level) gradient estimator for y'=-ap*y+kp*u (ap=1.5, kp=3) using the filtered linear-regression model z=y-λφ1, ẑ=-â φ1+k̂ φ2, with update â'=e*y and k̂'=-e*u. It starts at â=0.5, k̂=6 under u=sin t. It also integrates two Lyapunov-function bounds (lyap1v with V'=-(λ+yφ1+uφ2)e², lyap2v with V'=-λe²) and the signals yφ1 and uφ2. It returns (â, k̂, time). Unlike its siblings it us","Dissertation Ch. 2 'Estimação de Parâmetros, Ordem 1', Sec. 2.6 Resultados (dissertacao_p_gushiken_final.pdf (Documentos/Mestrado, Mar 2018)). Plant Σp: G(s)=3/(s+1.5), ap=1.5, kp=3, uncertainty box ap∈[0.5,4], kp∈[1,6], u=sin t, y(0)=0.2, λ=4, h=1e-3. It is the 'Nível 1 Reg. Linear' curve of Figs 2.4/2.5. The yφ1/uφ2/Lyapunov terms relate to Fig 2.1 (λ vs |yφ1|+|uφ2|) and to defense correction 'p",final,high,Dissertação/Algoritmos Capítulo 2/L1_Filtragem_O1.m,6ce2391b50722239856c5984de498e5dd1b6e306
dissertation/code/Algoritmos Capítulo 2/L2_3M_Filtragem_O1.m,"Ch2: second-level adaptation (SLA), N=3 linear-regression models",Pedro,"SLA for the 1st-order plant (ap=1.5, kp=3). Three first-level gradient estimators start at (0.5,1), (0.5,11) and (7,1). The convex coefficients follow α'=-EᵀEα-Eᵀe3 with E=[e1-e3, e2-e3] and α(0)=[0.5,0.5,0], so the initial second-level estimate is (0.5,6). It returns â_n2, k̂_n2 and time. u=sin t, λ=4. In this last version each ẑi is integrated dynamically (ż=-λẑ-â y+k̂ u) instead of being comput","Dissertation Ch. 2 'Estimação de Parâmetros, Ordem 1', Sec. 2.6 Resultados (dissertacao_p_gushiken_final.pdf (Documentos/Mestrado, Mar 2018)). Plant Σp: G(s)=3/(s+1.5), ap=1.5, kp=3, uncertainty box ap∈[0.5,4], kp∈[1,6], u=sin t, y(0)=0.2, λ=4, h=1e-3. Produces the 'Nível 2 Reg. Lin. N=3' curves of Figs 2.4/2.5 and the data behind Figs 2.2/2.3 (identification errors).",final,high,Dissertação/Algoritmos Capítulo 2/L2_3M_Filtragem_O1.m,3850140adaca4054fb9e2524d4edf9ff53ea18ff
dissertation/code/Algoritmos Capítulo 2/L2_3M_Filtragem_O1_DEFESA.m,Ch2: N=3 SLA convex-hull animation for the defense slides,Pedro,"Same 3-model SLA simulation as L2_3M_Filtragem_O1, using the algebraic ẑi=θiᵀφ. It then draws a full-screen animation of the three first-level estimates and their convex hull (triangle) moving in the (a,k) plane over the uncertainty box. Frames are written with gif('anim_fecho.gif'). It returns nothing.","MSc defense, Jan 31 2018 (ap-def-mestrado-pedro.pdf). The slide 'Propriedades de um conjunto de modelos de identificação, cont.' shows 'o fecho convexo formado por 3 modelos de identificação de uma planta de ordem 1 ... contém os parâmetros da planta para todo o tempo t'. The PDF can only hold a still image, so the gif was probably shown separately (inference).",experiment,high,Dissertação/Algoritmos Capítulo 2/L2_3M_Filtragem_O1_DEFESA.m,d07703b647daf2ce16dd9fe752a4c627e4cc6d42
dissertation/code/Algoritmos Capítulo 2/L2_3M_Filtragem_O1_Figs.m,"Ch2: N=3 SLA, figure/animation variant (parameter-space trajectory)",Pedro,"Same SLA N=3 simulation (algebraic ẑ). It then animates the second-level estimate (â_n2, k̂_n2) in the (a,k) plane against the true point and the uncertainty box, titled '3 Modelos por Regressão Linear'. It returns nothing.","Dissertation Ch. 2 'Estimação de Parâmetros, Ordem 1', Sec. 2.6 Resultados (dissertacao_p_gushiken_final.pdf (Documentos/Mestrado, Mar 2018)). Plant Σp: G(s)=3/(s+1.5), ap=1.5, kp=3, uncertainty box ap∈[0.5,4], kp∈[1,6], u=sin t, y(0)=0.2, λ=4, h=1e-3. A parameter-space trajectory figure. The printed dissertation shows such a plot only for the modified SLA (Fig 2.9), so this was probably made for ",experiment,medium,Dissertação/Algoritmos Capítulo 2/L2_3M_Filtragem_O1_Figs.m,88583cd38e740ac0e2b85e12e3f8563e08163326
dissertation/code/Algoritmos Capítulo 2/L2_4M_Filtragem_O1.m,Ch2: SLA with N=4 models at the vertices of the uncertainty box,Pedro,"Second-level adaptation with four first-level linear-regression estimators started at the box vertices (0.5,1), (4,1), (4,6), (0.5,6). α(0)=[0,0,0] and α4=1, so the initial estimate is (0.5,6). Same gradient laws, u=sin t, λ=4. It returns â_n2, k̂_n2 and time.","Dissertation Ch. 2 'Estimação de Parâmetros, Ordem 1', Sec. 2.6 Resultados (dissertacao_p_gushiken_final.pdf (Documentos/Mestrado, Mar 2018)). Plant Σp: G(s)=3/(s+1.5), ap=1.5, kp=3, uncertainty box ap∈[0.5,4], kp∈[1,6], u=sin t, y(0)=0.2, λ=4, h=1e-3. Section 'SLA, 4 Modelos por Regressão Linear', the 'N=4' curves of Figs 2.4/2.5.",final,high,Dissertação/Algoritmos Capítulo 2/L2_4M_Filtragem_O1.m,443ca0ff4918d081552a77ea01e33acd6c38d604
dissertation/code/Algoritmos Capítulo 2/L2_4M_Filtragem_O1_Figs.m,"Ch2: N=4 SLA, figure variant with ideal-α check",Pedro,"N=4 SLA like L2_4M_Filtragem_O1, but it integrates α4 through its own derivative instead of 1-Σα, and it filters ẑi dynamically. It also computes the 'ideal' convex coefficients alfa_estrela=[0.4071,0.1929,0.0929,0.3071] and the corresponding virtual-model errors e_alfa/e_alfa2 as a check. It ends with an animated (a,k) trajectory, titled '4 Modelos por Regressão Linear'. It returns alfe.","Dissertation Ch. 2 'Estimação de Parâmetros, Ordem 1', Sec. 2.6 Resultados (dissertacao_p_gushiken_final.pdf (Documentos/Mestrado, Mar 2018)). Plant Σp: G(s)=3/(s+1.5), ap=1.5, kp=3, uncertainty box ap∈[0.5,4], kp∈[1,6], u=sin t, y(0)=0.2, λ=4, h=1e-3. A support or figure script for the N=4 case, probably slides or checking. It is not a separate printed figure.",experiment,medium,Dissertação/Algoritmos Capítulo 2/L2_4M_Filtragem_O1_Figs.m,53960b5f15b30673002bb4457451119597601400
dissertation/code/Algoritmos Capítulo 2/L2_8M_Filtragem_O1.m,Ch2: SLA with N=8 models along the uncertainty-box perimeter,Pedro,"Second-level adaptation with eight first-level estimators started on the perimeter of the box: (0.5,1), (2,1), (4,1), (4,3), (4,6), (2.5,6), (0.5,4), (0.5,6). α_i(0)=0 and α8=1. Same laws, u=sin t, λ=4. It returns â_n2, k̂_n2 and time.","Dissertation Ch. 2 'Estimação de Parâmetros, Ordem 1', Sec. 2.6 Resultados (dissertacao_p_gushiken_final.pdf (Documentos/Mestrado, Mar 2018)). Plant Σp: G(s)=3/(s+1.5), ap=1.5, kp=3, uncertainty box ap∈[0.5,4], kp∈[1,6], u=sin t, y(0)=0.2, λ=4, h=1e-3. Section 'SLA, 8 Modelos', the 'N=8' curves of Figs 2.4/2.5.",final,high,Dissertação/Algoritmos Capítulo 2/L2_8M_Filtragem_O1.m,66da6190f405331dd0b417af2a00bc12f9c1248a
dissertation/code/Algoritmos Capítulo 2/L2_8M_Filtragem_O1_Figs.m,"Ch2: N=8 SLA, figure/animation variant",Pedro,"N=8 SLA with the 'true' regression z=-ap φ1+kp φ2 instead of y-λφ1, and with ẑ evaluated one step ahead. It ends with an animated (a,k) trajectory plot.","Dissertation Ch. 2 'Estimação de Parâmetros, Ordem 1', Sec. 2.6 Resultados (dissertacao_p_gushiken_final.pdf (Documentos/Mestrado, Mar 2018)). Plant Σp: G(s)=3/(s+1.5), ap=1.5, kp=3, uncertainty box ap∈[0.5,4], kp∈[1,6], u=sin t, y(0)=0.2, λ=4, h=1e-3. A figure or slide support script for the N=8 case.",experiment,medium,Dissertação/Algoritmos Capítulo 2/L2_8M_Filtragem_O1_Figs.m,ed0c9cbd7c69d8a8e195f9cba42c6df23192cf45
dissertation/code/Algoritmos Capítulo 2/L2mod_3M_Filtragem_O1.m,"Ch2: modified SLA (integral of transient information), N=3, step input – gif version",Pedro,"Proposed modified SLA law. It adds M'=EᵀE and v'=Eᵀe3, so α'=-(EᵀE+M)α-Eᵀe3-v. The plant is driven by a non-PE step u=1. Three first-level models start at (0.5,1), (0.5,11), (7,1). This copy starts with α(0)=[0,0,1], i.e. at model 3. It prints the final φ1, φ2 and animates the three first-level trajectories, the second-level trajectory and the moving convex hull, saving 'L2mod_3M_Filtragem_O1.gif'","Dissertation Sec. 2.5 'Adaptação de Segundo Nível Modificada' and Sec. 2.6 'Segundo Nível Modificado, 3 Modelos' (u=1, 36 s, Euler h=1e-3) (dissertacao_p_gushiken_final.pdf (Documentos/Mestrado, Mar 2018)). The animation corresponds to the Fig 2.9 idea (trajectory in parameter space).",experiment,high,Dissertação/Algoritmos Capítulo 2/L2mod_3M_Filtragem_O1.m,2f829f5eb4ffb17c303c30bc760cd2b554e4cc49
dissertation/code/Algoritmos Capítulo 2/L2mod_3M_Filtragem_O1_Figs.m,Ch2: modified SLA N=3 – generates Figs 2.6–2.9,Pedro,"Same modified-SLA simulation with α(0)=[0.5,0.5,0], so the initial estimate is (0.5,6) as in the text, and u=1. It plots ẑ1..3 against z (identification-error figure), â1..3 and â_n2 against ap=1.5, and k̂1..3 and k̂_n2 against kp=3 with axis 0–36 s. It then animates the parameter-space trajectory and hull.","Dissertation Sec. 2.6 'Segundo Nível Modificado, 3 Modelos': Figs 2.6 (errors), 2.7 (ap estimates, 36 s), 2.8 (kp estimates, 36 s), 2.9 (trajectory at 30 s) (dissertacao_p_gushiken_final.pdf (Documentos/Mestrado, Mar 2018)).",final,high,Dissertação/Algoritmos Capítulo 2/L2mod_3M_Filtragem_O1_Figs.m,d4e303583d9eca13ae0b5365418c2dc0bbc9a0b5
dissertation/code/Algoritmos Capítulo 2/Lista_de_Comandos_Ch2.m,Ch2 driver: command list to regenerate Figs 2.4/2.5,Pedro,"Driver script. It runs the 30-second, h=1e-3 simulations of seven estimators: parallel, series-parallel, filtered first-level, SLA N=3, N=4, N=8, and series-parallel SLA N=3. It passes all results to SISOPLOT_O1FONLY to plot the ap and kp estimate comparisons.","Dissertation Ch. 2, Figs 2.4 and 2.5 (dissertacao_p_gushiken_final.pdf (Documentos/Mestrado, Mar 2018)). It was written during the post-defense clean-up: 'Organizar os algoritmos no MATLAB' (Dissertação/Correções Defesa, Feb 20 2018).",final,high,Dissertação/Algoritmos Capítulo 2/Lista_de_Comandos_Ch2.m,1d25205c52a449a2b11e256ecc881d9321d3f1f1
dissertation/code/Algoritmos Capítulo 3/L1A_EST_O1.m,"Ch3: known-parameter (ideal) controller, 1st-order plant",Pedro,"Applies the matching-equation controller u=k1*y+k2*r with the true parameters, k1=(ap-am)/kp and k2=km/kp, to y'=-1.5y+3u, with reference model y_m'=-5y_m+5r and r=1. It returns y, y_m, u and time. This is the 'Parâmetros Conhecidos' baseline.","Dissertation Ch. 3 'Controle da Planta de Ordem 1', Sec. 3.5 Resultados (dissertacao_p_gushiken_final.pdf (Documentos/Mestrado, Mar 2018)): plant 3/(s+1.5), reference model 5/(s+5), r=1, y(0)=0.2, λ=4, h=1e-3 (1e-4 for VS-MRAC), 12-s plots. The 'Parametros Conhecidos' control signal in Fig 3.7.",final,high,Dissertação/Algoritmos Capítulo 3/L1A_EST_O1.m,62a56bf02796ec18d0755ec097d7e593ca1dae69
dissertation/code/Algoritmos Capítulo 3/L1A_Filtragem_O1.m,Ch3: indirect MRAC with first-level linear-regression estimator,Pedro,"Indirect MRAC (IMRAC) of the 1st-order plant. A first-level gradient estimator (filtered linear-regression model, â(0)=0.5, k̂(0)=6, λ=4) feeds the certainty-equivalence controller k1=(â-am)/k̂, k2=km/k̂, with u=k1y+k2r and r=1. It returns â, k̂, y, y_m, u and time. No projection keeps k̂ away from 0 in the code, although the text mentions one.","Dissertation Ch. 3 'Controle da Planta de Ordem 1', Sec. 3.5 Resultados (dissertacao_p_gushiken_final.pdf (Documentos/Mestrado, Mar 2018)): plant 3/(s+1.5), reference model 5/(s+5), r=1, y(0)=0.2, λ=4, h=1e-3 (1e-4 for VS-MRAC), 12-s plots. The 'Nível 1 Reg. Linear' curves in Figs 3.2–3.4 and 3.7.",final,high,Dissertação/Algoritmos Capítulo 3/L1A_Filtragem_O1.m,b9e0025a2f98374b38c9b248a82e041e0d16cfdf
dissertation/code/Algoritmos Capítulo 3/L1A_VS_O1.m,"Ch3: VS-MRAC (variable-structure MRAC), 1st-order plant",Pedro,"Direct VS-MRAC with switching gains k1=-k̄1*sign(kp*e0*y), k2=-k̄2*sign(kp*e0*r), where k̄1=4.5 and k̄2=5 (eq. 3.15/3.16). Plant 3/(s+1.5), model 5/(s+5), r=1. It returns y, y_m, u and time. The text says it is meant to run with h=1e-4.","Dissertation Ch. 3 'Controle da Planta de Ordem 1', Sec. 3.5 Resultados (dissertacao_p_gushiken_final.pdf (Documentos/Mestrado, Mar 2018)): plant 3/(s+1.5), reference model 5/(s+5), r=1, y(0)=0.2, λ=4, h=1e-3 (1e-4 for VS-MRAC), 12-s plots. Figs 3.4/3.5 (VS-MRAC output) and Fig 3.6 (chattering control signal).",final,high,Dissertação/Algoritmos Capítulo 3/L1A_VS_O1.m,5af315d93a6d14be061074daa92e87e4967224c8
dissertation/code/Algoritmos Capítulo 3/L2A_3M_Filtragem_O1.m,Ch3: indirect MRAC with second-level adaptation (N=3),Pedro,"IMRAC of the 1st-order plant whose controller uses the SLA N=3 estimates (models at (0.5,1), (0.5,11), (7,1), α(0)=[0.5,0.5,0], so the initial estimate is (0.5,6)), with the certainty-equivalence controller u=k1y+k2r, r=1, λ=4. It returns â_n2, k̂_n2, y, y_m, u and time.","Dissertation Ch. 3 'Controle da Planta de Ordem 1', Sec. 3.5 Resultados (dissertacao_p_gushiken_final.pdf (Documentos/Mestrado, Mar 2018)): plant 3/(s+1.5), reference model 5/(s+5), r=1, y(0)=0.2, λ=4, h=1e-3 (1e-4 for VS-MRAC), 12-s plots. The 'Nível 2 Reg. Lin. N=3' curves in Figs 3.2–3.4 and 3.7.",final,high,Dissertação/Algoritmos Capítulo 3/L2A_3M_Filtragem_O1.m,62f81c08d31f27942a6fe5f6b50bfe39fd26c2fb
dissertation/code/Algoritmos Capítulo 4/L1_SISOF_O2.m,"Ch4: first-level normalized-gradient estimator, 2nd-order SISO plant",Pedro,"Normalized-gradient (m²=1+φᵀφ) estimator for the 2nd-order plant ẋ=[-1 -2;0 -3]x+[2;3]u, y=x1, which is 2s/(s²+4s+3). It uses the filtered regressor φ=[φ1;φ2] with Λ(s)=s²+6s+9 and z=[6 9]φ1+y, Γ=100I, θ̂(0)=[3 1 -1 -3] (the box minimum), and rectangular projection onto the box. It returns θ1, z1, z_p and time.","Dissertation Ch. 4 'Estimação de Parâmetros, Ordem n', Sec. 4.5 Resultados (dissertacao_p_gushiken_final.pdf (Documentos/Mestrado, Mar 2018)): plant Gp=(2s+0)/(s²+4s+3), θp=[a1 a2 b1 b2]=[4 3 2 0], box a1∈[3,8], a2∈[1,6], b1∈[-1,7], b2∈[-3,3], Λ(s)=s²+6s+9, Γ=100I, xp(0)=[0.2 0.4], u=1+sin t+sin 1.7t+sin 3t, γn2=10, σ=0.2, N=5. The 'Nível 1' curves of Figs 4.1–4.6.",final,high,Dissertação/Algoritmos Capítulo 4/L1_SISOF_O2.m,3a68649a0efe32eacae604a3b66d7b8547e6121c
dissertation/code/Algoritmos Capítulo 4/L2_5M_SISOF_O2.m,"Ch4: second-level adaptation (SLA), N=5, 2nd-order SISO plant",Pedro,"SLA with five normalized-gradient first-level models. θ1(0) is the box minimum [3 1 -1 -3], and θ2..θ5 offset one coordinate each by 5×(interval width), giving [28 1 -1 -3], [3 26 -1 -3], [3 1 39 -3], [3 1 -1 27]. α'=10(-EᵀEα-Eᵀε5) with α(0)=e1, and θ̂_n2=Θ̄ᾱ is projected onto the box. Plant, Λ and input are as in L1_SISOF_O2. It returns θ_n2, z1, z_p and time.","Dissertation Ch. 4 'Estimação de Parâmetros, Ordem n', Sec. 4.5 Resultados (dissertacao_p_gushiken_final.pdf (Documentos/Mestrado, Mar 2018)): plant Gp=(2s+0)/(s²+4s+3), θp=[a1 a2 b1 b2]=[4 3 2 0], box a1∈[3,8], a2∈[1,6], b1∈[-1,7], b2∈[-3,3], Λ(s)=s²+6s+9, Γ=100I, xp(0)=[0.2 0.4], u=1+sin t+sin 1.7t+sin 3t, γn2=10, σ=0.2, N=5. The 'Nível 2' (SLA) curves of Figs 4.1–4.6.",final,high,Dissertação/Algoritmos Capítulo 4/L2_5M_SISOF_O2.m,1875ab0b45b8c40ff378b28501dd47885a1ec34a
dissertation/code/Algoritmos Capítulo 4/L2_5M_SISOF_O2_FE.m,"Ch4: SLA with forgetting factor (SLAFF), N=5, 2nd-order SISO plant",Pedro,"Identical to L2_5M_SISOF_O2 but uses the proposed SLAFF law. M'=-σM+EᵀE and v'=-σv+Eᵀε5 with σ=0.2, and α'=10(-(EᵀE+M)α-Eᵀε5-v) (eqs 4.66/4.67).","Dissertation Ch. 4 'Estimação de Parâmetros, Ordem n', Sec. 4.5 Resultados (dissertacao_p_gushiken_final.pdf (Documentos/Mestrado, Mar 2018)): plant Gp=(2s+0)/(s²+4s+3), θp=[a1 a2 b1 b2]=[4 3 2 0], box a1∈[3,8], a2∈[1,6], b1∈[-1,7], b2∈[-3,3], Λ(s)=s²+6s+9, Γ=100I, xp(0)=[0.2 0.4], u=1+sin t+sin 1.7t+sin 3t, γn2=10, σ=0.2, N=5. The 'Nível 2 FE' (SLAFF) curves of Figs 4.1–4.6.",final,high,Dissertação/Algoritmos Capítulo 4/L2_5M_SISOF_O2_FE.m,f85d54f63d0a998359991c8c5d7f8e58470fc100
dissertation/code/Algoritmos Capítulo 5/L1A_EST_SISOF_O2.m,"Ch5: known-parameter controller (ideal control signal), 2nd-order plant",Pedro,"Same loop as L1A_SISOF_O2, but the control u=θ*ᵀw uses the true controller parameters computed from θp=[-3 -4 2 1]. The estimator still runs in the loop, but its output is not used. It returns u and time, the reference 'Valor Correto' control signal.","Dissertation Ch. 5 'Controle da Planta de Ordem n', Sec. 5.5 Resultados (dissertacao_p_gushiken_final.pdf (Documentos/Mestrado, Mar 2018)): unstable plant Gp=(2s+1)/(s²-3s-4), θp=[a1 a2 b1 b2]=[-3 -4 2 1], reference model Wm=(s+4)/(s²+4s+4), Λw=s+4, r=1+sin t+sin 1.7t+sin 3t (Figs 5.1–5.9) or r=1 (Figs 5.10–5.18), N=5, h=1e-3 (1e-4 for VS-MRAC). The ideal-control curve in Figs 5.7 and 5.16.",final,high,Dissertação/Algoritmos Capítulo 5/L1A_EST_SISOF_O2.m,8fe5f18daf40d9f5f25ada5574c65ff0070b9078
dissertation/code/Algoritmos Capítulo 5/L1A_SISOF_O2.m,Ch5: indirect MRAC with first-level normalized-gradient estimator (2nd-order unstable plant),Pedro,"IMRAC of ẋ=[3 4;1 0]x+[1;0]u, y=[2 1]x, which is (2s+1)/(s²-3s-4). A normalized-gradient estimator (Γ=10I, θ̂(0)=[-8 -6 1 0.5]) feeds the matching equations θ1=4-b̂2/b̂1, θ2=(-4â1+â2+12)/b̂1, θ3=(â1-4)/b̂1, c0=1/b̂1. The control law is u=θᵀw, with w filters (s+4) and r PE. It returns θ1, y_p, y_m, u and time.","Dissertation Ch. 5 'Controle da Planta de Ordem n', Sec. 5.5 Resultados (dissertacao_p_gushiken_final.pdf (Documentos/Mestrado, Mar 2018)): unstable plant Gp=(2s+1)/(s²-3s-4), θp=[a1 a2 b1 b2]=[-3 -4 2 1], reference model Wm=(s+4)/(s²+4s+4), Λw=s+4, r=1+sin t+sin 1.7t+sin 3t (Figs 5.1–5.9) or r=1 (Figs 5.10–5.18), N=5, h=1e-3 (1e-4 for VS-MRAC). The 'Nível 1' curves of Figs 5.1–5.7.",final,high,Dissertação/Algoritmos Capítulo 5/L1A_SISOF_O2.m,4546323ca7b833f16dc114e326b044b8f02691f2
dissertation/code/Algoritmos Capítulo 5/L1A_VS_SISOF_O2.m,Ch5: VS-MRAC for the 2nd-order unstable plant,Pedro,"Direct VS-MRAC with relay laws θi=-θ̄i*sign(e0*wi), with θ̄=[3.93, 42.5, 12, 1] (eq. 5.40/5.48), applied to the same plant and reference model. It returns u, y_p, y_m and time. The text says it is meant to run with h=1e-4.","Dissertation Ch. 5 'Controle da Planta de Ordem n', Sec. 5.5 Resultados (dissertacao_p_gushiken_final.pdf (Documentos/Mestrado, Mar 2018)): unstable plant Gp=(2s+1)/(s²-3s-4), θp=[a1 a2 b1 b2]=[-3 -4 2 1], reference model Wm=(s+4)/(s²+4s+4), Λw=s+4, r=1+sin t+sin 1.7t+sin 3t (Figs 5.1–5.9) or r=1 (Figs 5.10–5.18), N=5, h=1e-3 (1e-4 for VS-MRAC). Figs 5.8/5.9 (PE reference) and Figs 5.17/5.18 (step",final,high,Dissertação/Algoritmos Capítulo 5/L1A_VS_SISOF_O2.m,6da5cdc0486980e75b4e418eaba5d2bfdb1a8a73
dissertation/code/Algoritmos Capítulo 5/L2A_5M_SISOF_O2.m,"Ch5: indirect MRAC with second-level adaptation (SLA, N=5)",Pedro,"IMRAC whose controller uses the SLA estimate θ̂_n2 from five normalized-gradient models. The models start at the box minimum plus 5×width offsets: [-8 -6 1 0.5], [29.5 …], [… 16.5 …], [… 31 …], [… 5.5]. α'=3(-EᵀEα-Eᵀε5), and θ̂_n2 is projected onto the box. Γ=10I. It returns θ_n2, y_p, y_m, u and time.","Dissertation Ch. 5 'Controle da Planta de Ordem n', Sec. 5.5 Resultados (dissertacao_p_gushiken_final.pdf (Documentos/Mestrado, Mar 2018)): unstable plant Gp=(2s+1)/(s²-3s-4), θp=[a1 a2 b1 b2]=[-3 -4 2 1], reference model Wm=(s+4)/(s²+4s+4), Λw=s+4, r=1+sin t+sin 1.7t+sin 3t (Figs 5.1–5.9) or r=1 (Figs 5.10–5.18), N=5, h=1e-3 (1e-4 for VS-MRAC). The 'Nível 2' (SLA, γn2=3) curves of Figs 5.1–5.7 an",final,high,Dissertação/Algoritmos Capítulo 5/L2A_5M_SISOF_O2.m,3c41fd12b26f97031e54a2c74f1c6ed814e1bf3d
dissertation/code/Algoritmos Capítulo 5/L2A_5M_SISOF_O2_FE.m,"Ch5: indirect MRAC with SLA + forgetting factor (SLAFF), N=5",Pedro,"Like L2A_5M_SISOF_O2 but with SLAFF: M'=-6M+EᵀE, v'=-6v+Eᵀε5, α'=10(-(EᵀE+M)α-Eᵀε5-v). Here Γ=100I and Λ_d=[1 7 12]. It returns θ_n2, y_p, y_m, u and time.","Dissertation Ch. 5 'Controle da Planta de Ordem n', Sec. 5.5 Resultados (dissertacao_p_gushiken_final.pdf (Documentos/Mestrado, Mar 2018)): unstable plant Gp=(2s+1)/(s²-3s-4), θp=[a1 a2 b1 b2]=[-3 -4 2 1], reference model Wm=(s+4)/(s²+4s+4), Λw=s+4, r=1+sin t+sin 1.7t+sin 3t (Figs 5.1–5.9) or r=1 (Figs 5.10–5.18), N=5, h=1e-3 (1e-4 for VS-MRAC). The 'Nível 2 FE' (SLAFF, γ=10, σ=6) curves of Figs 5",final,high,Dissertação/Algoritmos Capítulo 5/L2A_5M_SISOF_O2_FE.m,dd0545c1bee25b0a64925e5718aed0c196b855d7
dissertation/code/PLOT_VS_O2.m,Ch5 plotting helper for VS-MRAC results,Pedro,Plots the switched control signal ('Sinal de Controle Chaveado') and the output error y_p-y_m of the order-2 VS-MRAC run in two figures.,"Dissertation Figs 5.8/5.9 and 5.17/5.18 (dissertacao_p_gushiken_final.pdf (Documentos/Mestrado, Mar 2018)).",library/function,high,Dissertação/PLOT_VS_O2.m,20b5fc2ecde0d44af0720c1fea1d46671110dc31
dissertation/code/SISOPLOT_ACF.m,"Ch5 plotting helper: estimates, control signal and output error (L1 vs SLA vs SLAFF)",Pedro,"Plots the four θp estimates (a1, a2, b1, b2) of the first-level, SLA and SLAFF runs against the true values [-3 -4 2 1] and the box limits, then the control signals compared with the ideal u_est, then the output errors.","Dissertation Ch5 Figs 5.1–5.4, 5.6, 5.7 and the step-reference Figs 5.10–5.13, 5.15, 5.16 (dissertacao_p_gushiken_final.pdf (Documentos/Mestrado, Mar 2018)). Fig 5.5/5.14 (‖θ̃‖) is not in this helper, so it was made elsewhere or in an unsaved version.",library/function,high,Dissertação/SISOPLOT_ACF.m,790841d115b34f11a58bd8452d325aee4811c3fb
dissertation/code/SISOPLOT_F.m,Ch4 plotting helper: parameter estimates and identification error,Pedro,"Plots the four estimates of θp=[4 3 2 0] (first-level, SLA, SLAFF) within the box limits over 20 s, and the identification error z1-zp of the first-level model.","Dissertation Ch4 Figs 4.1–4.4 (estimates) and part of 4.5/4.6 (error) (dissertacao_p_gushiken_final.pdf (Documentos/Mestrado, Mar 2018)). The printed Figs 4.5/4.6 also show the SLA/SLAFF virtual-model errors, which this helper does not plot.",library/function,high,Dissertação/SISOPLOT_F.m,0f13c61ea1807de6409e008bcd4d784931aa6f65
dissertation/code/SISOPLOT_O1FONLY.asv,MATLAB editor autosave of SISOPLOT_O1FONLY.m (an earlier/unsaved version of that script),same as the code in this folder,,companion file,companion,high,Dissertação/SISOPLOT_O1FONLY.asv,3f54e1b5719d3a64cdebe4e5ae82815de4247a88
dissertation/code/SISOPLOT_O1FONLY.m,Ch2 plotting helper: ap/kp estimates for L1 and SLA N=3/4/8 (Figs 2.4/2.5),Pedro,"Takes the estimate histories of seven estimators but plots only the filtered ('F only') ones: first-level and SLA with N=3, 4, 8. Figure 1 shows ap with line styles plus sparse markers placed by VectorReduction, a custom legend, and the box limits. Figure 2 shows kp. 20-s axes.","Dissertation Figs 2.4 and 2.5 (dissertacao_p_gushiken_final.pdf (Documentos/Mestrado, Mar 2018)). The marker styling answers defense corrections 3/13 ('Padronização dos gráficos', 'Padronizar tamanho das figuras').",final,high,Dissertação/SISOPLOT_O1FONLY.m,bde988c825e3e95628809d481bf391840f44d3e0
dissertation/code/SISOPLOT_O1_A.m,"Ch3 plotting helper: estimates, outputs and control signals for order-1 control",Pedro,"Plots, over 12 s, the ap and kp estimates (first-level vs SLA N=3), the plant outputs for the reference model, first-level IMRAC, SLA IMRAC and VS-MRAC, the integral-law control signals against the known-parameter controller, and the VS-MRAC switched control.","Dissertation Ch3 Figs 3.2–3.7 (dissertacao_p_gushiken_final.pdf (Documentos/Mestrado, Mar 2018)). The captions of Figs 3.2/3.3 say 'ap=3' and 'kp=1.5', swapped relative to the code and text (ap=1.5, kp=3). That is a caption typo.",final,high,Dissertação/SISOPLOT_O1_A.m,e6e6c8d1a26b44edc6755b3dd8a604dbb6d9e906
dissertation/code/VectorReduction.asv,MATLAB editor autosave of VectorReduction.m (an earlier/unsaved version of that script),same as the code in this folder,,companion file,companion,high,Dissertação/VectorReduction.asv,7f4e978290017c94b869e3e99b2b206203ff4204
dissertation/code/VectorReduction.m,Utility: thin a curve to evenly spaced marker positions,Pedro,"Given x and y vectors, returns a subset of points whose axis-scaled Euclidean distance from the previous kept point exceeds a minimum. It is used to place sparse markers on dense simulation curves so they stay readable in black and white.","Dissertation figure standardisation after the defense (Feb 2018), used for Figs 2.4/2.5.",library/function,high,Dissertação/VectorReduction.m,b7d7adfdd6c79c83910f9d9c8f0ec9eff3a4fd68
dissertation/code/figures-2016/Adap_Seg_Nivel_PrettyFig.png,Exported image of a figure in this folder,same as the code in this folder,,companion file,companion,high,MATLAB/Figures/Adap_Seg_Nivel_PrettyFig.png,7f532a5a0069f58fd5474a32fe99242019c6497c
dissertation/code/figures-2016/LipschitzGlobal2.png,Exported image of a figure in this folder,same as the code in this folder,,companion file,companion,high,MATLAB/Figures/LipschitzGlobal2.png,233de8e60ea2b727585f78d30f3cade5c42c491c
dissertation/code/figures-2016/PNGSimetria.png,Exported image of a figure in this folder,same as the code in this folder,,companion file,companion,high,MATLAB/Figures/PNGSimetria.png,65c1e02240f4766568434095f979bab628e47e52
dissertation/code/figures-2016/Simetria_Trajetoria_Adap2N.png,Exported image of a figure in this folder,same as the code in this folder,,companion file,companion,high,MATLAB/Figures/Simetria_Trajetoria_Adap2N.png,3f01db9ea43dcd5b3508b8b5dcdac5adc8bb2bdd
dissertation/code/figures-2016/Trajetoria1.fig,Early 2-D trajectory plot with arrow annotation (May 2016),Pedro (probable),Small MATLAB figure (saved May 11 2016) with about 6 line objects and one arrow annotation. There are no text labels and the axis limits do not match the later symmetry plots. Its content could not be rendered without MATLAB. By date and name it is most likely a parameter-space trajectory from the second-level-adaptation scripts (L2A_Dif.m dates from May 12 2016).,"Second-level adaptation (Narendra) study at the start of Pedro's MSc (advisor Aldayr), Mar-Jul 2016. It led to the CBA2016 paper (Gushiken & Araujo). See Simulacoes MATLAB e PSIM/07 README (inferred from date and name only)",figure,low,MATLAB/Figures/Trajetoria1.fig,f4790988cd57723031d03203dd9f4734ffb3728e
dissertation/defense/defense-presentation-slides-2018-01-31.pdf,MSc defense presentation slides (Jan 31 2018),Pedro Yochinori Gushiken,Beamer slides; LaTeX source not found,PPgEEC/UFRN MSc defense,doc,high,Documentos/Mestrado/ap-def-mestrado-pedro.pdf,efe55ecc9595e658038a074999073d9b624c2e15
dissertation/defense/dissertation-committee-version-2018-01-13.pdf,"MSc dissertation, version sent to the examining committee (banca), Jan 13 2018",Pedro Yochinori Gushiken,,PPgEEC/UFRN MSc defense,doc,high,Documentos/Mestrado/dissertacao_p_gushiken_vbanca.pdf,26d56a88d6362e99f9aaf44540db16191f0496b6
dissertation/drafts/2016-early-draft-latex/TCC - Main.pdf,,,,,latex,,Documentos/Mestrado/TCC/TCC - Relatório - Latex/TCC - Main.pdf,d87a45f80b2ad40eb56e19e00bfc67523f559fd5
dissertation/drafts/2016-early-draft-latex/TCC - Main.tex,,,,,latex,,Documentos/Mestrado/TCC/TCC - Relatório - Latex/TCC - Main.tex,12a78d96eaf359ab7a0aff26d67aa8ad51dfc887
dissertation/drafts/2016-early-draft-latex/abntex2-modelo-references.bib,,,,,latex,,Documentos/Mestrado/TCC/TCC - Relatório - Latex/abntex2-modelo-references.bib,ff8f0318d4df2ebe7639e6422193436cafa9384f
dissertation/drafts/2016-early-draft-latex/bib-controleadaptativo.bib,,,,,latex,,Documentos/Mestrado/TCC/TCC - Relatório - Latex/bib-controleadaptativo.bib,55a0cef8aa311111c27d7ebfaa565fca0538e8cf
dissertation/drafts/2016-early-draft-latex/pics/PlantaPrimeiraOrdemSemZeroEpsilon.png,,,,,latex,,Documentos/Mestrado/TCC/TCC - Relatório - Latex/pics/PlantaPrimeiraOrdemSemZeroEpsilon.png,7f09a1555e0a7497f8603df0916d8e6ee466ffc6
dissertation/drafts/2016-early-draft-latex/pics/PlantaPrimeiraOrdemSemZeroEstimativas.png,,,,,latex,,Documentos/Mestrado/TCC/TCC - Relatório - Latex/pics/PlantaPrimeiraOrdemSemZeroEstimativas.png,405b8c3da129aab0d8008dcedd887d4265c5c7e2
dissertation/drafts/2016-early-draft-latex/pics/PlantaPrimeiraOrdemSemZeroModeloPlanta.png,,,,,latex,,Documentos/Mestrado/TCC/TCC - Relatório - Latex/pics/PlantaPrimeiraOrdemSemZeroModeloPlanta.png,afa70d38f2a98317a909621fb2ac49100a5749fb
dissertation/drafts/2016-early-draft-latex/pics/PlantaPrimeiraOrdemSemZeroPlanta.png,,,,,latex,,Documentos/Mestrado/TCC/TCC - Relatório - Latex/pics/PlantaPrimeiraOrdemSemZeroPlanta.png,0d521ad9125242e27c895db01809d7eb609a96ff
dissertation/drafts/2016-early-draft-latex/pics/PlantaPrimeiraOrdemSemZeroU.png,,,,,latex,,Documentos/Mestrado/TCC/TCC - Relatório - Latex/pics/PlantaPrimeiraOrdemSemZeroU.png,a7c296b6d19ecf9fb846d3042313a04211d3f30f
dissertation/drafts/2016-early-draft-latex/pics/PlantaSegundaOrdemEpsilon.png,,,,,latex,,Documentos/Mestrado/TCC/TCC - Relatório - Latex/pics/PlantaSegundaOrdemEpsilon.png,c1ff13250545575be508527a52abd711928c20ed
dissertation/drafts/2016-early-draft-latex/pics/PlantaSegundaOrdemEstimativas.png,,,,,latex,,Documentos/Mestrado/TCC/TCC - Relatório - Latex/pics/PlantaSegundaOrdemEstimativas.png,3a56c19e81a526a7315bbcb5b9f16e5229210492
dissertation/drafts/2016-early-draft-latex/pics/PlantaSegundaOrdemModeloPlanta.png,,,,,latex,,Documentos/Mestrado/TCC/TCC - Relatório - Latex/pics/PlantaSegundaOrdemModeloPlanta.png,f6f9c1b77933ac03bd356224a02aeb34e678a688
dissertation/drafts/2016-early-draft-latex/pics/PlantaSegundaOrdemPlanta.png,,,,,latex,,Documentos/Mestrado/TCC/TCC - Relatório - Latex/pics/PlantaSegundaOrdemPlanta.png,722b7e09e8ba52258fb03c708e2e89d1968f69d7
dissertation/drafts/2016-early-draft-latex/pics/PlantaSegundaOrdemU.png,,,,,latex,,Documentos/Mestrado/TCC/TCC - Relatório - Latex/pics/PlantaSegundaOrdemU.png,a7c296b6d19ecf9fb846d3042313a04211d3f30f
dissertation/drafts/2016-early-draft-latex/pics/ResultadoPrimeiraOrdemEstimativaE0RefA.png,,,,,latex,,Documentos/Mestrado/TCC/TCC - Relatório - Latex/pics/ResultadoPrimeiraOrdemEstimativaE0RefA.png,26e1506eb4842610520a50d5bec08e50b8e200fd
dissertation/drafts/2016-early-draft-latex/pics/ResultadoPrimeiraOrdemEstimativaE0RefB.png,,,,,latex,,Documentos/Mestrado/TCC/TCC - Relatório - Latex/pics/ResultadoPrimeiraOrdemEstimativaE0RefB.png,7a35a9890db548365b807cc411082d4394fa0575
dissertation/drafts/2016-early-draft-latex/pics/ResultadoPrimeiraOrdemEstimativaE0RefC.png,,,,,latex,,Documentos/Mestrado/TCC/TCC - Relatório - Latex/pics/ResultadoPrimeiraOrdemEstimativaE0RefC.png,ed61757f168417ce3e710239dc934e8b4a818d47
dissertation/drafts/2016-early-draft-latex/pics/ResultadoPrimeiraOrdemEstimativaEpsilonRefA.png,,,,,latex,,Documentos/Mestrado/TCC/TCC - Relatório - Latex/pics/ResultadoPrimeiraOrdemEstimativaEpsilonRefA.png,bdab39c1b52f5bed4083277d50cfe2e6e1d96c9b
dissertation/drafts/2016-early-draft-latex/pics/ResultadoPrimeiraOrdemEstimativaEpsilonRefB.png,,,,,latex,,Documentos/Mestrado/TCC/TCC - Relatório - Latex/pics/ResultadoPrimeiraOrdemEstimativaEpsilonRefB.png,526617c4ca32b89364cedfd57e372d39c9f9989a
dissertation/drafts/2016-early-draft-latex/pics/ResultadoPrimeiraOrdemEstimativaTheta1RefA.png,,,,,latex,,Documentos/Mestrado/TCC/TCC - Relatório - Latex/pics/ResultadoPrimeiraOrdemEstimativaTheta1RefA.png,ce936781e448ce57e928cff74e84e51cf61d0b4f
dissertation/drafts/2016-early-draft-latex/pics/ResultadoPrimeiraOrdemEstimativaTheta1RefB.png,,,,,latex,,Documentos/Mestrado/TCC/TCC - Relatório - Latex/pics/ResultadoPrimeiraOrdemEstimativaTheta1RefB.png,694c36af0ad0abab9f964a00b6f519951055f817
dissertation/drafts/2016-early-draft-latex/pics/ResultadoPrimeiraOrdemEstimativaTheta1RefC.png,,,,,latex,,Documentos/Mestrado/TCC/TCC - Relatório - Latex/pics/ResultadoPrimeiraOrdemEstimativaTheta1RefC.png,e80714d8ec6d3c2e196da8cb7147802630bb2c65
dissertation/drafts/2016-early-draft-latex/pics/ResultadoPrimeiraOrdemEstimativaTheta2RefA.png,,,,,latex,,Documentos/Mestrado/TCC/TCC - Relatório - Latex/pics/ResultadoPrimeiraOrdemEstimativaTheta2RefA.png,5a76a9c19e264a06afe39d7b43b4799590378d04
dissertation/drafts/2016-early-draft-latex/pics/ResultadoPrimeiraOrdemEstimativaTheta2RefB.png,,,,,latex,,Documentos/Mestrado/TCC/TCC - Relatório - Latex/pics/ResultadoPrimeiraOrdemEstimativaTheta2RefB.png,61fc230e5389d49bf38b3badd7f2aa2ad99c64c3
dissertation/drafts/2016-early-draft-latex/pics/ResultadoPrimeiraOrdemEstimativaTheta2RefC.png,,,,,latex,,Documentos/Mestrado/TCC/TCC - Relatório - Latex/pics/ResultadoPrimeiraOrdemEstimativaTheta2RefC.png,77673dfe6459f7e7a9962f794fde0b55ea1c38de
dissertation/drafts/2016-early-draft-latex/pics/ResultadoPrimeiraOrdemEstimativaYRefA.png,,,,,latex,,Documentos/Mestrado/TCC/TCC - Relatório - Latex/pics/ResultadoPrimeiraOrdemEstimativaYRefA.png,78e376b9ab28f2d49213a2549a31e2b720c69573
dissertation/drafts/2016-early-draft-latex/pics/ResultadoPrimeiraOrdemEstimativaYRefB.png,,,,,latex,,Documentos/Mestrado/TCC/TCC - Relatório - Latex/pics/ResultadoPrimeiraOrdemEstimativaYRefB.png,f64100ed30a640ff190f81a96b40ee99b516b4df
dissertation/drafts/2016-early-draft-latex/pics/ResultadoPrimeiraOrdemEstimativaYRefC.png,,,,,latex,,Documentos/Mestrado/TCC/TCC - Relatório - Latex/pics/ResultadoPrimeiraOrdemEstimativaYRefC.png,c509806d4858b79011bc3435b8252927bc0daf76
dissertation/drafts/2016-early-draft-latex/pics/ResultadoPrimeiraOrdemEstimativaYcRefA.png,,,,,latex,,Documentos/Mestrado/TCC/TCC - Relatório - Latex/pics/ResultadoPrimeiraOrdemEstimativaYcRefA.png,47c59cc1fdffa85747030b9519ff2007f710a742
dissertation/drafts/2016-early-draft-latex/pics/ResultadoPrimeiraOrdemEstimativaYcRefB.png,,,,,latex,,Documentos/Mestrado/TCC/TCC - Relatório - Latex/pics/ResultadoPrimeiraOrdemEstimativaYcRefB.png,82d4640e3c9308feeee3f8f6524cc4f42e599028
dissertation/drafts/2016-early-draft-latex/pics/ResultadoPrimeiraOrdemEstimativaYcRefC.png,,,,,latex,,Documentos/Mestrado/TCC/TCC - Relatório - Latex/pics/ResultadoPrimeiraOrdemEstimativaYcRefC.png,f70cbc199a45ecc82f8df7e8329883643e942e9a
dissertation/drafts/2016-early-draft-latex/pics/ResultadoSegundaOrdemEstimativaE0RefA.png,,,,,latex,,Documentos/Mestrado/TCC/TCC - Relatório - Latex/pics/ResultadoSegundaOrdemEstimativaE0RefA.png,addc469c6e235d71ee2b087e11defd0bf7eeb730
dissertation/drafts/2016-early-draft-latex/pics/ResultadoSegundaOrdemEstimativaE0RefB.png,,,,,latex,,Documentos/Mestrado/TCC/TCC - Relatório - Latex/pics/ResultadoSegundaOrdemEstimativaE0RefB.png,d5ab339fbb34c2a9df3ccc77921ee6c447d82319
dissertation/drafts/2016-early-draft-latex/pics/ResultadoSegundaOrdemEstimativaE0RefC.png,,,,,latex,,Documentos/Mestrado/TCC/TCC - Relatório - Latex/pics/ResultadoSegundaOrdemEstimativaE0RefC.png,8e5619c5dcc5f1826a3369848e903d16c8a20950
dissertation/drafts/2016-early-draft-latex/pics/ResultadoSegundaOrdemEstimativaEpsilonRefA.png,,,,,latex,,Documentos/Mestrado/TCC/TCC - Relatório - Latex/pics/ResultadoSegundaOrdemEstimativaEpsilonRefA.png,32ec8efc6eb0564f408a99d9c3b84179ee39476b
dissertation/drafts/2016-early-draft-latex/pics/ResultadoSegundaOrdemEstimativaEpsilonRefB.png,,,,,latex,,Documentos/Mestrado/TCC/TCC - Relatório - Latex/pics/ResultadoSegundaOrdemEstimativaEpsilonRefB.png,70656d66f02583b386e4dff761ad674e7f006e08
dissertation/drafts/2016-early-draft-latex/pics/ResultadoSegundaOrdemEstimativaTheta1RefA.png,,,,,latex,,Documentos/Mestrado/TCC/TCC - Relatório - Latex/pics/ResultadoSegundaOrdemEstimativaTheta1RefA.png,675fb6f5774c3c7ac03af6ee8fa615e558b72f54
dissertation/drafts/2016-early-draft-latex/pics/ResultadoSegundaOrdemEstimativaTheta1RefB.png,,,,,latex,,Documentos/Mestrado/TCC/TCC - Relatório - Latex/pics/ResultadoSegundaOrdemEstimativaTheta1RefB.png,60c511751bdd7291e2a96a37bf7aa9fbcea8abb7
dissertation/drafts/2016-early-draft-latex/pics/ResultadoSegundaOrdemEstimativaTheta1RefC.png,,,,,latex,,Documentos/Mestrado/TCC/TCC - Relatório - Latex/pics/ResultadoSegundaOrdemEstimativaTheta1RefC.png,c2ec405603a8380a2127d5a5353230fcc942f80a
dissertation/drafts/2016-early-draft-latex/pics/ResultadoSegundaOrdemEstimativaTheta2RefA.png,,,,,latex,,Documentos/Mestrado/TCC/TCC - Relatório - Latex/pics/ResultadoSegundaOrdemEstimativaTheta2RefA.png,e8b51ed6943519734764a2dbfa86ce347e5ba605
dissertation/drafts/2016-early-draft-latex/pics/ResultadoSegundaOrdemEstimativaTheta2RefB.png,,,,,latex,,Documentos/Mestrado/TCC/TCC - Relatório - Latex/pics/ResultadoSegundaOrdemEstimativaTheta2RefB.png,f310da65df6f354a2064e382f31653736983649e
dissertation/drafts/2016-early-draft-latex/pics/ResultadoSegundaOrdemEstimativaTheta2RefC.png,,,,,latex,,Documentos/Mestrado/TCC/TCC - Relatório - Latex/pics/ResultadoSegundaOrdemEstimativaTheta2RefC.png,1ecefbc0077f91d4377f2a226dc2e8cc2a2a2e80
dissertation/drafts/2016-early-draft-latex/pics/ResultadoSegundaOrdemEstimativaTheta3RefA.png,,,,,latex,,Documentos/Mestrado/TCC/TCC - Relatório - Latex/pics/ResultadoSegundaOrdemEstimativaTheta3RefA.png,b2757a73b01bf285bdba5c1213181e78230df853
dissertation/drafts/2016-early-draft-latex/pics/ResultadoSegundaOrdemEstimativaTheta3RefB.png,,,,,latex,,Documentos/Mestrado/TCC/TCC - Relatório - Latex/pics/ResultadoSegundaOrdemEstimativaTheta3RefB.png,7462df0a846e125323353e7c7ba0c8cad41aab34
dissertation/drafts/2016-early-draft-latex/pics/ResultadoSegundaOrdemEstimativaTheta3RefC.png,,,,,latex,,Documentos/Mestrado/TCC/TCC - Relatório - Latex/pics/ResultadoSegundaOrdemEstimativaTheta3RefC.png,4e7eeadf56142d7dabb1f3de3b3b6fd9107e10ea
dissertation/drafts/2016-early-draft-latex/pics/ResultadoSegundaOrdemEstimativaYRefA.png,,,,,latex,,Documentos/Mestrado/TCC/TCC - Relatório - Latex/pics/ResultadoSegundaOrdemEstimativaYRefA.png,22e11fd008bfa4c9a1859e6c207d355dcfc71e9c
dissertation/drafts/2016-early-draft-latex/pics/ResultadoSegundaOrdemEstimativaYRefB.png,,,,,latex,,Documentos/Mestrado/TCC/TCC - Relatório - Latex/pics/ResultadoSegundaOrdemEstimativaYRefB.png,82b6d8fdb5972238a46eebcada346fd689d3d676
dissertation/drafts/2016-early-draft-latex/pics/ResultadoSegundaOrdemEstimativaYRefC.png,,,,,latex,,Documentos/Mestrado/TCC/TCC - Relatório - Latex/pics/ResultadoSegundaOrdemEstimativaYRefC.png,f2054d596d1cd01034aa61ceff9d08ba2a3fd367
dissertation/drafts/2016-early-draft-latex/pics/ResultadoSegundaOrdemEstimativaYcRefA.png,,,,,latex,,Documentos/Mestrado/TCC/TCC - Relatório - Latex/pics/ResultadoSegundaOrdemEstimativaYcRefA.png,19e760b615e903ad99b434d46b71320fe7cc4451
dissertation/drafts/2016-early-draft-latex/pics/ResultadoSegundaOrdemEstimativaYcRefB.png,,,,,latex,,Documentos/Mestrado/TCC/TCC - Relatório - Latex/pics/ResultadoSegundaOrdemEstimativaYcRefB.png,71d2ca32988d887657d3f891a8e9420c239af6a0
dissertation/drafts/2016-early-draft-latex/pics/ResultadoSegundaOrdemEstimativaYcRefC.png,,,,,latex,,Documentos/Mestrado/TCC/TCC - Relatório - Latex/pics/ResultadoSegundaOrdemEstimativaYcRefC.png,d0cd3691f8014b6657674776b34175b98199e383
dissertation/drafts/abstract-draft-v1.docx,"Dissertation abstract (Resumo) draft v1, Word version, Dec 2017",Pedro Yochinori Gushiken,Same content as Resumo_PGush_v1.pdf (editable),PPgEEC/UFRN,doc,high,Documentos/Mestrado/Resumo_PGush_v1_word.docx,091c28541103f54ac6989247c94b9aa0c4e4bad7
dissertation/drafts/abstract-draft-v1.pdf,"Dissertation abstract (Resumo) draft v1, Dec 2017",Pedro Yochinori Gushiken,,PPgEEC/UFRN,doc,high,Documentos/Mestrado/Resumo_PGush_v1.pdf,a05521f695e469e37ab2f65bc5b1e130fe6eb5d2
dissertation/drafts/chapter-1-draft-v1.pdf,Dissertation chapter 1 draft v1,Pedro Yochinori Gushiken,Chapter draft PDF sent to the advisor (Aug-Nov 2017); LaTeX not found,PPgEEC/UFRN MSc,doc,high,Documentos/Mestrado/CH1_PGush_v1.pdf,c2f7ef8b0d71265ddae0457a53cc892cbe9c4a44
dissertation/drafts/chapter-1-draft-v1r.pdf,Dissertation chapter 1 draft v1r,Pedro Yochinori Gushiken,Chapter draft PDF sent to the advisor (Aug-Nov 2017); LaTeX not found,PPgEEC/UFRN MSc,doc,high,Documentos/Mestrado/CH1_PGush_v1r.pdf,13afee021c8cdd0d82b19d63f5387aea06fdcdea
dissertation/drafts/chapter-1-draft-v1r2.pdf,Dissertation chapter 1 draft v1r2,Pedro Yochinori Gushiken,Chapter draft PDF sent to the advisor (Aug-Nov 2017); LaTeX not found,PPgEEC/UFRN MSc,doc,high,Documentos/Mestrado/CH1_PGush_v1r2.pdf,b58cca0e2ee42ee4a6a7c1fc1e7d3e6ba903b99e
dissertation/drafts/chapter-1-draft-v1r3.pdf,Dissertation chapter 1 draft v1r3,Pedro Yochinori Gushiken,Chapter draft PDF sent to the advisor (Aug-Nov 2017); LaTeX not found,PPgEEC/UFRN MSc,doc,high,Documentos/Mestrado/CH1_PGush_v1r3.pdf,b6333a726468b661d7e719c95171a66cbe25410d
dissertation/drafts/chapter-1-draft-v2.pdf,Dissertation chapter 1 draft v2,Pedro Yochinori Gushiken,Chapter draft PDF sent to the advisor (Aug-Nov 2017); LaTeX not found,PPgEEC/UFRN MSc,doc,high,Documentos/Mestrado/CH1_PGush_v2.pdf,0a765f9611a6f1de5ae4f04a163a05e43c04e85b
dissertation/drafts/chapter-1-draft-v2r1.pdf,Dissertation chapter 1 draft v2r1,Pedro Yochinori Gushiken,Chapter draft PDF sent to the advisor (Aug-Nov 2017); LaTeX not found,PPgEEC/UFRN MSc,doc,high,Documentos/Mestrado/CH1_PGush_v2r1.pdf,b67cf657d5b440b9a5d73c3d45e96330c5ae6ef0
dissertation/drafts/chapter-1-draft-v3.pdf,Dissertation chapter 1 draft v3,Pedro Yochinori Gushiken,Chapter draft PDF sent to the advisor (Aug-Nov 2017); LaTeX not found,PPgEEC/UFRN MSc,doc,high,Documentos/Mestrado/CH1_PGush_v3.pdf,fcf717a2764ce911e9e2bffb602e1fa58533bcfb
dissertation/drafts/chapter-1-draft-v3r1.pdf,Dissertation chapter 1 draft v3r1,Pedro Yochinori Gushiken,Chapter draft PDF sent to the advisor (Aug-Nov 2017); LaTeX not found,PPgEEC/UFRN MSc,doc,high,Documentos/Mestrado/CH1_PGush_v3r1.pdf,42a98cfd90763710a2c61725c5ae1f9557ea325a
dissertation/drafts/chapter-2-draft-v1.pdf,Dissertation chapter 2 draft v1,Pedro Yochinori Gushiken,Chapter draft PDF sent to the advisor (Aug-Nov 2017); LaTeX not found,PPgEEC/UFRN MSc,doc,high,Documentos/Mestrado/CH2_PGush_v1.pdf,ce83f8ccbcca49d7b1560712b4860e166708406c
dissertation/drafts/chapter-2-draft-v1r1.pdf,Dissertation chapter 2 draft v1r1,Pedro Yochinori Gushiken,Chapter draft PDF sent to the advisor (Aug-Nov 2017); LaTeX not found,PPgEEC/UFRN MSc,doc,high,Documentos/Mestrado/CH2_PGush_v1r1.pdf,a5ce092cddd965e4d5f9df55bc32acf49c2770cb
dissertation/drafts/chapter-2-draft-v1r2.pdf,Dissertation chapter 2 draft v1r2,Pedro Yochinori Gushiken,Chapter draft PDF sent to the advisor (Aug-Nov 2017); LaTeX not found,PPgEEC/UFRN MSc,doc,high,Documentos/Mestrado/CH2_PGush_v1r2.pdf,8dc9e000fc65dab90b744638eb517e1be2daae7b
dissertation/drafts/chapter-2-draft-v1r3.pdf,Dissertation chapter 2 draft v1r3,Pedro Yochinori Gushiken,Chapter draft PDF sent to the advisor (Aug-Nov 2017); LaTeX not found,PPgEEC/UFRN MSc,doc,high,Documentos/Mestrado/CH2_PGush_v1r3.pdf,9e521679816e785fd6622fe8263025aa724abe26
dissertation/drafts/chapter-3-draft-v1.pdf,Dissertation chapter 3 draft v1,Pedro Yochinori Gushiken,Chapter draft PDF sent to the advisor (Aug-Nov 2017); LaTeX not found,PPgEEC/UFRN MSc,doc,high,Documentos/Mestrado/CH3_PGush_v1.pdf,c2c54c0954aaa0c3c81265d6554d0c704527f5f3
dissertation/drafts/chapter-3-draft-v2.pdf,Dissertation chapter 3 draft v2,Pedro Yochinori Gushiken,Chapter draft PDF sent to the advisor (Aug-Nov 2017); LaTeX not found,PPgEEC/UFRN MSc,doc,high,Documentos/Mestrado/CH3_PGush_v2.pdf,b578726b65ec9861add3f2b14411149c1cb467d8
dissertation/drafts/dissertation-full-draft-v1-2017-12-20.pdf,"MSc dissertation, first full draft (v1), Dec 20 2017",Pedro Yochinori Gushiken,,PPgEEC/UFRN MSc,doc,high,Documentos/Mestrado/dissertacao_pedro_v1.pdf,a13817ddc1695e3e7dd5b6b96b1c4393dc16900c
dissertation/drafts/dissertation-full-draft-v96-2018-01-02.pdf,"MSc dissertation, full draft ""v96"", Jan 2 2018",Pedro Yochinori Gushiken,,PPgEEC/UFRN MSc,doc,high,Documentos/Mestrado/dissertacao_pedro_v96.pdf,a0343edb4fb9809d98125fea8f7da137e042202c
dissertation/drafts/dissertation-post-defense-corrections-2018-03-18.pdf,"MSc dissertation, post-defense corrected version (before final)",Pedro Yochinori Gushiken,Superseded by the final version,PPgEEC/UFRN MSc,doc,high,Documentos/Mestrado/dissertacao_p_gushiken_vcorr.pdf,fa45878e839b76024a7497b748a49f2d383a0b01
dissertation/final/gushiken-2018-dissertacao-final-ficha-catalografica.pdf,"MSc dissertation, final version with library catalog card (ficha catalográfica, 146 f.)",Pedro Yochinori Gushiken (advisor: Aldayr Dantas de Araújo),"Deposit version (Mar 19 2018), the canonical published PDF",PPgEEC/UFRN MSc dissertation,doc,high,Documentos/Mestrado/dissertacao_p_gushiken_final_ficha_cat.pdf,c98753d9054ccf4429d8154ee05ecd1e117771e3
dissertation/final/gushiken-2018-dissertacao-final.pdf,"MSc dissertation (final version): ""Adaptação de Segundo Nível como Técnica de Estimação de Parâmetros e sua Aplicação ao Controle Adaptativo por Modelo de Referência""",Pedro Yochinori Gushiken (advisor: Aldayr Dantas de Araújo),"Final corrected PDF (Mar 18 2018), without catalog card. LaTeX source NOT found anywhere in the Dropbox",PPgEEC/UFRN MSc dissertation (defended Jan 31 2018),doc,high,Documentos/Mestrado/dissertacao_p_gushiken_final.pdf,9e1a2ea0f7122bc5164557a4844b6b02fdebef80
dissertation/notes/2016-10-paper-idea-alpha-projection.pdf,"Earlier version of the same idea note ('Projeção dos pesos alfa...'), 10 Oct 2016",Pedro Yochinori Gushiken,Earlier version of IFAC_Draft-ideia (no separate source).,MSc research notes,doc,high,Documentos/IFAC/Ideia_Artigo_Pedro.pdf,5fa315296c0443ef46437f762b8b8da7195e1103
dissertation/notes/IFAC_Draft-ideia.pdf,,,,,latex,,Documentos/IFAC/IFAC_Draft-ideia.pdf,e8189dd9f123f5cc0287abd97bbe00e22ce2833f
dissertation/notes/IFAC_Draft-ideia.tex,,,,,latex,,Documentos/IFAC/IFAC_Draft-ideia.tex,3a6b051b1806dd01e478cd4a154bdbc740c0517a
dissertation/notes/Prova de Estabilidade Aprendizado Paralelo.pdf,,,,,latex,,Documentos/IFAC/Prova de Estabilidade Aprendizado Paralelo.pdf,99c0fe2b0a561702eab183915ed97368257f7ac5
dissertation/notes/Prova de Estabilidade Aprendizado Paralelo.tex,,,,,latex,,Documentos/IFAC/Prova de Estabilidade Aprendizado Paralelo.tex,a874fd72c86245b2c751a805cfd97118cd2a9a17
dissertation/notes/defense-corrections.txt,"Notes: list of corrections requested by the defense committee (Francisco, Josenalde), plus a short personal to-do list",Pedro Yochinori Gushiken,"Plain text without extension. Names committee members by first name only. The last lines are a personal to-do list (""Organizar os documentos para inscrição"", etc.); consider trimming before publishing",PPgEEC/UFRN MSc defense,doc,high,Dissertação/Correções Defesa,d7c62de0c50cfef4e684242d6c1a78886b22cee9
dissertation/notes/idmarc-second-level-adaptation-notes.tex,Research notes (Portuguese) on IDMARC adaptive-law terms and an idea to combine IDMARC with second level adaptation ('a partir do artigo de Leonardo'),Pedro Yochinori Gushiken,NOT reviewer comments: Pedro's own notes; fragment without \documentclass. Companion 23-byte file 'comentarios_idmarc' (not in scope) is a stub.,MSc research notes (Mar 2018),doc,high,Documentos/CBA2018/comentarios_idmarc.tex,e9e62b84bb216b395c352fe4d6f91e8ad08888b5
dissertation/notes/matlab-algorithm-naming-notes.txt,"Notes: naming convention of the dissertation MATLAB algorithms (L1/L2, A, O, M, Filtragem/SP/Paralelo, FE, mod)",Pedro Yochinori Gushiken,Plain text without extension. Also useful as a README for the dissertation code folder,PPgEEC/UFRN MSc,doc,high,Dissertação/Notas de Nomenclatura,730aef0d4b654b0d8794a5ba6bdfd2a59b51fc77
dissertation/notes/pics/ilust.png,,,,,latex,,Documentos/IFAC/pics/ilust.png,f78e4e2db05d803f948d091c88cc4ab7f708faf5
dissertation/notes/slides/abntex2-modelo-slides.pdf,,,,,latex,,Documentos/Apresentação - Narendra/abntex2-modelo-slides.pdf,adbecf984af6706deb1fc2cabd81f08448402c78
dissertation/notes/slides/abntex2-modelo-slides.tex,,,,,latex,,Documentos/Apresentação - Narendra/abntex2-modelo-slides.tex,1231afcbd8e452ac7f77619dd4cbefecf177fd2d
dissertation/notes/slides/ap_Nar_Rev.pdf,,,,,latex,,Documentos/Apresentação - Narendra/ap_Nar_Rev.pdf,c572a162dd7270e60f24d2e781425d2f1c265d66
dissertation/notes/slides/ap_Nar_Rev.tex,,,,,latex,,Documentos/Apresentação - Narendra/ap_Nar_Rev.tex,3cbf91b1791c14a75dc3d89ebf250f6e47677633
dissertation/notes/slides/bib-controleadaptativo.bib,,,,,latex,,Documentos/Apresentação - Narendra/bib-controleadaptativo.bib | Documentos/Apresentação - Narendra/bib-controleadaptativo.bib,68cc439b4c6e1252a5bc4c96d001fd743c2fb6bf
dissertation/notes/slides/pics/Ex_pics/ES_SIM1.png,,,,,latex,,Documentos/Apresentação - Narendra/pics/Ex_pics/ES_SIM1.png,f72999270ffd92d15ea4ea5a323ed011c02be6fc
dissertation/notes/slides/pics/Ex_pics/ES_SIM2.png,,,,,latex,,Documentos/Apresentação - Narendra/pics/Ex_pics/ES_SIM2.png,e770a9056d61d339adb4635dd066b2c132b6e896
dissertation/notes/slides/pics/Ex_pics/ES_SIM3.png,,,,,latex,,Documentos/Apresentação - Narendra/pics/Ex_pics/ES_SIM3.png,b299da378803dd2d904261d6c0cb84a0ff3ba4dd
dissertation/notes/slides/pics/Ex_pics/ES_SIM4.png,,,,,latex,,Documentos/Apresentação - Narendra/pics/Ex_pics/ES_SIM4.png,4d00cc643072eaa0c9a14da45c9f1474a18af80c
dissertation/notes/slides/pics/Ex_pics/Ex_Regiao.png,,,,,latex,,Documentos/Apresentação - Narendra/pics/Ex_pics/Ex_Regiao.png,8a78d316ba69bb431b93ef3aceb2c6ad9e804f65
dissertation/notes/slides/pics/Ex_pics/Grafs_Sim1.png,,,,,latex,,Documentos/Apresentação - Narendra/pics/Ex_pics/Grafs_Sim1.png,41d2e69784b07e4de4af9479968d18385b189f60
dissertation/notes/slides/pics/Ex_pics/Norm2_ES_SIM1.png,,,,,latex,,Documentos/Apresentação - Narendra/pics/Ex_pics/Norm2_ES_SIM1.png,20662bc145dc1a95c50600f81b3bbc2f809adfdc
dissertation/notes/slides/pics/Ex_pics/Norm2_ES_SIM2.png,,,,,latex,,Documentos/Apresentação - Narendra/pics/Ex_pics/Norm2_ES_SIM2.png,1de2c43a142c25362ad2c59f2ae072079e754304
dissertation/notes/slides/pics/Ex_pics/Norm2_ES_SIM3.png,,,,,latex,,Documentos/Apresentação - Narendra/pics/Ex_pics/Norm2_ES_SIM3.png,3142644faac15d567a7cb4a93ff3b8ccd9e95bb2
dissertation/notes/slides/pics/Ex_pics/Norm2_ES_SIM4.png,,,,,latex,,Documentos/Apresentação - Narendra/pics/Ex_pics/Norm2_ES_SIM4.png,24cd7e2cf359d229f1d6b7323e3f464abab89d1d
dissertation/notes/slides/pics/Ex_pics/S_MeP_SIM1.png,,,,,latex,,Documentos/Apresentação - Narendra/pics/Ex_pics/S_MeP_SIM1.png,724b05e2c01dc540be2045f6ec3a79c802ff6601
dissertation/notes/slides/pics/Ex_pics/S_MeP_SIM2.png,,,,,latex,,Documentos/Apresentação - Narendra/pics/Ex_pics/S_MeP_SIM2.png,8ac7524f541cf538e8a3e65f85a27f5b1d4518a8
dissertation/notes/slides/pics/Ex_pics/S_MeP_SIM3.png,,,,,latex,,Documentos/Apresentação - Narendra/pics/Ex_pics/S_MeP_SIM3.png,4e0b80631a4997512da1a50e961963fbb42e0326
dissertation/notes/slides/pics/Ex_pics/S_MeP_SIM4.png,,,,,latex,,Documentos/Apresentação - Narendra/pics/Ex_pics/S_MeP_SIM4.png,0d3f4a09fdb463b4e6d3e2f1b8a3ade56d4d3c3b
dissertation/qualification/qualification-presentation-slides-2017-06-20.pdf,MSc qualification exam presentation slides (talk dated Jun 22 2017; file saved Jun 20),Pedro Yochinori Gushiken,Beamer slides; LaTeX source not found. Near-duplicate of the _N variant (not byte-identical),PPgEEC/UFRN qualification,doc,high,Documentos/Mestrado/Ap_Qualificação_Pedro_Gushiken.pdf,841a4c17a0238bfad936af0e7ed239f5158983b7
dissertation/qualification/qualification-presentation-slides-2017-06-21.pdf,"MSc qualification exam presentation slides, ""_N"" variant saved Jun 21 2017 (probably the version presented)",Pedro Yochinori Gushiken,"Near-duplicate of Ap_Qualificação_Pedro_Gushiken.pdf (592755 vs 592788 bytes); keeping both is harmless, or keep only this newer one",PPgEEC/UFRN qualification,doc,medium,Documentos/Mestrado/Ap_Qualificação_Pedro_Gushiken_N.pdf,834940c99be5906979af41fe7ec83d11edc0eba2
dissertation/qualification/qualification-text-2017-with-corrections.pdf,"MSc qualification text, version with corrections (Jun 8 2017)",Pedro Yochinori Gushiken,,PPgEEC/UFRN qualification,doc,high,Documentos/Mestrado/Qualificação_Pedro_Gushiken_com_correções.pdf,dc87c1b5a094e553ef1c70a00c40ce9b53facc14
dissertation/qualification/qualification-text-2017.pdf,"MSc qualification text: ""Sobre a Adaptação de Segundo Nível como Técnica de Estimação de Parâmetros em Plantas Lineares Parcialmente Conhecidas e sua Aplicação ao Controle Adaptativo"" (Jun 2017)",Pedro Yochinori Gushiken,LaTeX source not found,PPgEEC/UFRN qualification,doc,high,Documentos/Mestrado/Qualificação_Pedro_Gushiken.pdf,77f21b9f04b0e33a5e4aaff1fec6dbb261be1534
papers/2016-cba-second-level-adaptation-pe-switch-off/code/CBA1.mat,"GUI-saved second-level-adaptation parameter set (CBA1.mat, CBA-derived variant)","Pedro (probable; GUI and toolbox headers say ""Aluno: Pedro Gushiken"")","Parameters struct: t 0–90 s, h=0.05, modelos=[[-4 -3 -8];[-5 -2 -4]] (3 models, 2 params), planta=[-5.7 -3.6], modelo_ref=[-4 -4], x_m(0)=[0.2 0.3], α0=[0 0], Q=1e4·I, γ=10, P=1000·I, reference amplitudes [1 0.4 0.3] at frequencies [0 0.5 2], tol_eta=0.01, tau_ref=10. Except for the header timestamp, the content is identical to CBA1/2/3/92/cba5/CBA10. The plant is NOT the paper's. The paper uses θ","CBA2016 paper period (Gushiken & Araújo, 'XXI CBA', Vitória, Oct 3–7 2016, CBA2016-0420.pdf). The CBA presentation is ap_CBA2016.tex (Oct 5 2016). Saved after the paper's simulations, probably while testing the new GUI or preparing the talk (inference).",parameters,medium,MATLAB/CBA1.mat,f1e71e2443a6d58ace3a60ba29029c06ae6e9ec2
papers/2016-cba-second-level-adaptation-pe-switch-off/code/CBA10.mat,"GUI-saved second-level-adaptation parameter set (CBA10.mat, CBA-derived variant)","Pedro (probable; GUI and toolbox headers say ""Aluno: Pedro Gushiken"")","Parameters struct: t 0–90 s, h=0.05, modelos=[[-4 -3 -8];[-5 -2 -4]] (3 models, 2 params), planta=[-5.7 -3.6], modelo_ref=[-4 -4], x_m(0)=[0.2 0.3], α0=[0 0], Q=1e4·I, γ=10, P=1000·I, reference amplitudes [1 0.4 0.3] at frequencies [0 0.5 2], tol_eta=0.01, tau_ref=10. Except for the header timestamp, the content is identical to CBA1/2/3/92/cba5/CBA10. The plant is NOT the paper's. The paper uses θ","CBA2016 paper period (Gushiken & Araújo, 'XXI CBA', Vitória, Oct 3–7 2016, CBA2016-0420.pdf). The CBA presentation is ap_CBA2016.tex (Oct 5 2016). Saved after the paper's simulations, probably while testing the new GUI or preparing the talk (inference).",parameters,medium,MATLAB/CBA10.mat,1dd6facf0a5b5329dd1ad189f363c90e446d20f3
papers/2016-cba-second-level-adaptation-pe-switch-off/code/CBA2.mat,"GUI-saved second-level-adaptation parameter set (CBA2.mat, CBA-derived variant)","Pedro (probable; GUI and toolbox headers say ""Aluno: Pedro Gushiken"")","Parameters struct: t 0–90 s, h=0.05, modelos=[[-4 -3 -8];[-5 -2 -4]] (3 models, 2 params), planta=[-5.7 -3.6], modelo_ref=[-4 -4], x_m(0)=[0.2 0.3], α0=[0 0], Q=1e4·I, γ=10, P=1000·I, reference amplitudes [1 0.4 0.3] at frequencies [0 0.5 2], tol_eta=0.01, tau_ref=10. Except for the header timestamp, the content is identical to CBA1/2/3/92/cba5/CBA10. The plant is NOT the paper's. The paper uses θ","CBA2016 paper period (Gushiken & Araújo, 'XXI CBA', Vitória, Oct 3–7 2016, CBA2016-0420.pdf). The CBA presentation is ap_CBA2016.tex (Oct 5 2016). Saved after the paper's simulations, probably while testing the new GUI or preparing the talk (inference).",parameters,medium,MATLAB/CBA2.mat,94ae5ebc73031c0291c2ca846bdeeebd2fed5967
papers/2016-cba-second-level-adaptation-pe-switch-off/code/CBA3.mat,"GUI-saved second-level-adaptation parameter set (CBA3.mat, CBA-derived variant)","Pedro (probable; GUI and toolbox headers say ""Aluno: Pedro Gushiken"")","Parameters struct: t 0–90 s, h=0.05, modelos=[[-4 -3 -8];[-5 -2 -4]] (3 models, 2 params), planta=[-5.7 -3.6], modelo_ref=[-4 -4], x_m(0)=[0.2 0.3], α0=[0 0], Q=1e4·I, γ=10, P=1000·I, reference amplitudes [1 0.4 0.3] at frequencies [0 0.5 2], tol_eta=0.01, tau_ref=10. Except for the header timestamp, the content is identical to CBA1/2/3/92/cba5/CBA10. The plant is NOT the paper's. The paper uses θ","CBA2016 paper period (Gushiken & Araújo, 'XXI CBA', Vitória, Oct 3–7 2016, CBA2016-0420.pdf). The CBA presentation is ap_CBA2016.tex (Oct 5 2016). Saved after the paper's simulations, probably while testing the new GUI or preparing the talk (inference).",parameters,medium,MATLAB/CBA3.mat,6edfab0d1cfa3653f88c4f163a1050ce9324ac2f
papers/2016-cba-second-level-adaptation-pe-switch-off/code/CBA7.mat,Empty (all-NaN) GUI parameter save (CBA7.mat),Pedro (probable),"Contains a 'Parameters' struct with the 18 GUI fields (t_0 … tau_ref), all NaN. It is an empty or failed save from the tabbedGUI parameter tab, with no usable data.","CBA2016 paper period (Gushiken & Araújo, 'XXI CBA', Vitória, Oct 3–7 2016, CBA2016-0420.pdf). The CBA presentation is ap_CBA2016.tex (Oct 5 2016).",test/scratch,high,MATLAB/CBA7.mat,10aca948465ba33de50f37d1b57ed0b82e37eeae
papers/2016-cba-second-level-adaptation-pe-switch-off/code/CBA8.mat,Empty (all-NaN) GUI parameter save (CBA8.mat),Pedro (probable),"Contains a 'Sim_Par' struct with the 18 GUI fields (t_0 … tau_ref), all NaN. It is an empty or failed save from the tabbedGUI parameter tab, with no usable data. The variable is named Sim_Par (the GUI's internal name) rather than Parameters, so it was probably saved by hand from the workspace.","CBA2016 paper period (Gushiken & Araújo, 'XXI CBA', Vitória, Oct 3–7 2016, CBA2016-0420.pdf). The CBA presentation is ap_CBA2016.tex (Oct 5 2016).",test/scratch,high,MATLAB/CBA8.mat,9d982b30d43556f69a3c858c0d32a4c7e8cdb822
papers/2016-cba-second-level-adaptation-pe-switch-off/code/CBA9.mat,Empty (all-NaN) GUI parameter save (CBA9.mat),Pedro (probable),"Contains a 'Parameters' struct with the 18 GUI fields (t_0 … tau_ref), all NaN. It is an empty or failed save from the tabbedGUI parameter tab, with no usable data.","CBA2016 paper period (Gushiken & Araújo, 'XXI CBA', Vitória, Oct 3–7 2016, CBA2016-0420.pdf). The CBA presentation is ap_CBA2016.tex (Oct 5 2016).",test/scratch,high,MATLAB/CBA9.mat,15090fc5f6a85b246ec6eb0a7ffaed6ebbad0d23
papers/2016-cba-second-level-adaptation-pe-switch-off/code/CBA92.mat,"GUI-saved second-level-adaptation parameter set (CBA92.mat, CBA-derived variant)","Pedro (probable; GUI and toolbox headers say ""Aluno: Pedro Gushiken"")","Parameters struct: t 0–90 s, h=0.05, modelos=[[-4 -3 -8];[-5 -2 -4]] (3 models, 2 params), planta=[-5.7 -3.6], modelo_ref=[-4 -4], x_m(0)=[0.2 0.3], α0=[0 0], Q=1e4·I, γ=10, P=1000·I, reference amplitudes [1 0.4 0.3] at frequencies [0 0.5 2], tol_eta=0.01, tau_ref=10. Except for the header timestamp, the content is identical to CBA1/2/3/92/cba5/CBA10. The plant is NOT the paper's. The paper uses θ","CBA2016 paper period (Gushiken & Araújo, 'XXI CBA', Vitória, Oct 3–7 2016, CBA2016-0420.pdf). The CBA presentation is ap_CBA2016.tex (Oct 5 2016). Saved after the paper's simulations, probably while testing the new GUI or preparing the talk (inference).",parameters,medium,MATLAB/CBA92.mat,76a6451960a1d0d4cc3c12f4b497539857d888e7
papers/2016-cba-second-level-adaptation-pe-switch-off/code/CBA_Parametros_Simulacao.mat,Template GUI parameter file (defaults only),Pedro (probable),"A 'Parameters' struct with the GUI fields. All are NaN except the defaults γ=10, tol_eta=0.01 and tau_ref=10. It is the GUI's default state saved before any values were filled in.","CBA2016 paper period (Gushiken & Araújo, 'XXI CBA', Vitória, Oct 3–7 2016, CBA2016-0420.pdf). The CBA presentation is ap_CBA2016.tex (Oct 5 2016).",test/scratch,high,MATLAB/CBA_Parametros_Simulacao.mat,8a6eaf0e78c2e6a042a6085e408950150a4cfafb
papers/2016-cba-second-level-adaptation-pe-switch-off/code/ComLineDUMP17052016.m,"Command-window dump, May 17 2016: L2A_Dif_ModDes_SatAlfa(Alt) parameter sweeps",Pedro,"This is not a program. It is about 60 pasted command lines calling L2A_Dif_ModDes_SatAlfa(...) and L2A_Dif_ModDes_SatAlfaAlt(...) with varying stop time, step, initial alpha ([0 1],[1 0],[0.98 0.01],[0.5 0.5],...) and Q gains (1e2 up to 1e32), plus one 'Operation terminated by user' message. The plant is [-3 -2], the reference model [-6 -9], and the models are [-3 -2 -7; -6 -1 -3]. It records how ","Second-level adaptation (Narendra) study at the start of Pedro's MSc (advisor Aldayr), Mar-Jul 2016. It led to the CBA2016 paper (Gushiken & Araujo). See Simulacoes MATLAB e PSIM/07 README. Found in 'Projetos a Organizar' ('projects to sort out'). A copy is in MATLAB_Files_Old.rar/Projetos a Organizar",results-data,high,MATLAB/MATLAB_Files_Old.rar!/Projetos a Organizar/ComLineDUMP17052016.m,cd87d2245965d0c3e6bd219a85901c60715e5804
papers/2016-cba-second-level-adaptation-pe-switch-off/code/L2A_Dif_ModDes_SatAlfa.m,SLA fixed models + alpha projection + PE switch-off (CBA2016 simulations 1 & 2),Pedro,"ModDes plus the projection of alpha onto the simplex (alpha_i' zeroed at the bounds 0/1; the alpha_N+1 rule as in eqs. 28-29 of the paper). The reference is ref + 0.2ref sin t + 0.2ref sin 2t and the switch-off threshold is eta<=1e-2. Header examples are tagged '%artigo' (plant [2.3 -3.6], models [-4 -3 8; -5 -2 -4], theta_m [-4 -4], gamma 20) plus 'Terceira Ordem Estavel' and 'Terceira Ordem Inst","MSc (PPgEEC/UFRN, advisor Prof. Aldayr Dantas de Araujo), 2016: Narendra-style second-level adaptation (SLA, Han & Narendra 2012; Narendra, Wang & Chen, ACC 2014, cited in the header) for indirect MRAC of companion-form plants with accessible states. Pre-toolbox scripts kept in Toolbox Adaptacao L2/Old. CBA2016 paper 'Adaptacao de segundo nivel usando modelos fixos com desligamento do sinal persis",final,high,MATLAB/Apps/App Controle Adaptativo/Toolbox Adaptacao L2/Old/L2A_Dif_ModDes_SatAlfa.m,81f26e51630cfcc0165cb15165335276246dcaf9
papers/2016-cba-second-level-adaptation-pe-switch-off/code/L2A_Dif_ModDes_SatAlfaAlt.m,Alternative alpha saturation (SatAlfaAlt),Pedro,"First try at keeping alpha in the convex hull. It zeroes the components of alpha' whose sign disagrees with alpha_N+1', and clamps alpha to [0,1] after the Euler step. The switch-off threshold is eta<=1e-2.","MSc (PPgEEC/UFRN, advisor Prof. Aldayr Dantas de Araujo), 2016: Narendra-style second-level adaptation (SLA, Han & Narendra 2012; Narendra, Wang & Chen, ACC 2014, cited in the header) for indirect MRAC of companion-form plants with accessible states. Pre-toolbox scripts kept in Toolbox Adaptacao L2/Old.",experiment,high,MATLAB/Apps/App Controle Adaptativo/Toolbox Adaptacao L2/Old/L2A_Dif_ModDes_SatAlfaAlt.m,6b31883018b180682414e82c0866df1223a8e2c3
papers/2016-cba-second-level-adaptation-pe-switch-off/code/L2A_Dif_ModDes_SatAlfa_Pert.m,SatAlfa with input disturbance (CBA2016 simulation 3),Pedro,"SatAlfa with an input disturbance p=-1 between t=16 s and 22 s (x_p'=A_p x_p+b u+b p). The parameter trajectory is plotted in two colours, before and after 16 s. The header muses 'se a planta e LIT porque nao congelar alfa_ponto apos a adaptacao?', and a 'contador' for re-triggering is left commented out.","MSc (PPgEEC/UFRN, advisor Prof. Aldayr Dantas de Araujo), 2016: Narendra-style second-level adaptation (SLA, Han & Narendra 2012; Narendra, Wang & Chen, ACC 2014, cited in the header) for indirect MRAC of companion-form plants with accessible states. Pre-toolbox scripts kept in Toolbox Adaptacao L2/Old. CBA2016 paper 'Adaptacao de segundo nivel usando modelos fixos com desligamento do sinal persis",final,high,MATLAB/Apps/App Controle Adaptativo/Toolbox Adaptacao L2/Old/L2A_Dif_ModDes_SatAlfa_Pert.m,39478847f4eb7aa36b5ba97ee64b01fd1b053515
papers/2016-cba-second-level-adaptation-pe-switch-off/code/L2A_Dif_ModDes_SatAlfa_RMed.m,SatAlfa with measurement noise on model errors (RMed),Pedro,"Adds uniform noise 0.05*rand to the model errors e_i ('RMed' = ruido de medicao). The reference uses a single sine and eta<=1e-3, and the header has a different example plant.","MSc (PPgEEC/UFRN, advisor Prof. Aldayr Dantas de Araujo), 2016: Narendra-style second-level adaptation (SLA, Han & Narendra 2012; Narendra, Wang & Chen, ACC 2014, cited in the header) for indirect MRAC of companion-form plants with accessible states. Pre-toolbox scripts kept in Toolbox Adaptacao L2/Old.",experiment,medium,MATLAB/Apps/App Controle Adaptativo/Toolbox Adaptacao L2/Old/L2A_Dif_ModDes_SatAlfa_RMed.m,37b565f832ca67965fd14300a81413a00e40fab7
papers/2016-cba-second-level-adaptation-pe-switch-off/code/L2A_Dif_ModDes_SatAlfa_Rui.m,SatAlfa with multiplicative state noise (CBA2016 simulation 4),Pedro,"Feeds the identification models with a noisy state x_p(1+(0.5-rand)*0.2*rand). It uses one sine (0.15 ref) and a relaxed threshold eta<=0.2. This matches the paper's noise simulation ('eps_m=0.2, gamma=20'), with noise of about 7.5% of the steady-state output.","MSc (PPgEEC/UFRN, advisor Prof. Aldayr Dantas de Araujo), 2016: Narendra-style second-level adaptation (SLA, Han & Narendra 2012; Narendra, Wang & Chen, ACC 2014, cited in the header) for indirect MRAC of companion-form plants with accessible states. Pre-toolbox scripts kept in Toolbox Adaptacao L2/Old. CBA2016 paper 'Adaptacao de segundo nivel usando modelos fixos com desligamento do sinal persis",final,medium,MATLAB/Apps/App Controle Adaptativo/Toolbox Adaptacao L2/Old/L2A_Dif_ModDes_SatAlfa_Rui.m,305b2b923cd507b274066b5f8bd332a1209f2cd5
papers/2016-cba-second-level-adaptation-pe-switch-off/code/L2A_Dif_ModDes_SatAlfa_qo.m,SatAlfa with richer 4-sine reference (qo),Pedro,"Variant with a reference of four sines (0.8, 1, 1.2, 1.4 rad/s, each 0.1 ref), normalised by the reference-model static gain, and eta<=1e-2. The meaning of 'qo' is unknown.","MSc (PPgEEC/UFRN, advisor Prof. Aldayr Dantas de Araujo), 2016: Narendra-style second-level adaptation (SLA, Han & Narendra 2012; Narendra, Wang & Chen, ACC 2014, cited in the header) for indirect MRAC of companion-form plants with accessible states. Pre-toolbox scripts kept in Toolbox Adaptacao L2/Old.",experiment,medium,MATLAB/Apps/App Controle Adaptativo/Toolbox Adaptacao L2/Old/L2A_Dif_ModDes_SatAlfa_qo.m,8c1d1fb5f26bb0aa7278c38d0812adc80f38e8e4
papers/2016-cba-second-level-adaptation-pe-switch-off/code/Parametros de Simulacao/Param_sim.mat,"Old-format second-level adaptation parameter set (Jul 2016, unstable 2nd-order plant)",Pedro,"Param_sim struct: 90 s, h=0.05, three models [[1.5 3.5 3.2071];[-3 -3 -2.2929]] (coordinates with 1/√2 offsets), plant [2.7 -2.8] (unstable), reference model [-4 -4], x_m(0)=[0.2 0.3], 'referencia'=5, Q=1e4I, γ=300, P=4I, cor=0.2, PE reference amplitudes [1 .4 .3] at frequencies [0 .5 2]. The plant lies inside the model hull with α*≈[0.359 0.359 0.283].","Second-level adaptation with PE-signal switch-off (Narendra, Wang & Chen 2014 ACC), the work that became the CBA2016 paper. Precursor of param_sim_CBA.mat.",parameters,medium,MATLAB/MATLAB_Files_Old.rar!/Parametros de Simulacao/Param_sim.mat,bc279b5d306ccb190b7f2e93edded82a56c39ee2
papers/2016-cba-second-level-adaptation-pe-switch-off/code/Parametros de Simulacao/param_sim_CBA.mat,"CBA2016 paper, Simulation 1 parameter set (unstable 2nd-order plant)",Pedro,"Param_sim_CBA struct: plant θp=[2.3 -3.6] (G=1/(s²+3.6s-2.3)), models θ1=[-4 -5], θ2=[-3 -2], θ3=[8 -4], reference model θm=[-4 -4], x_m(0)=[0.2 0.3], plant and models starting at rest, Q=1e4·I (q=10⁴), P=1000I, γ=300, PE reference amplitudes [1 .4 .3] at frequencies [0 .5 2], tol_eta=0.01, tau_ref=10, 90 s, h=0.05. Plant, models, reference model, x_m(0) and q match the paper exactly. γ (300 vs 20","CBA2016 paper 'Gushiken & Araújo', Sec. 5.2 'Simulação 1 – Planta Instável de Segunda Ordem' (CBA2016-0420.pdf). Also the CBA talk (ap_CBA2016.tex, caption 'θp*=[2.3 -3.6], θm*=[-4 -4]').",parameters,high,MATLAB/Parametros de Simulacao/param_sim_CBA.mat,beed2014dfc3be03a2e45036884d6b6fcdead224
papers/2016-cba-second-level-adaptation-pe-switch-off/code/SIM_NARENDRA_1_METODO_INVERSA.slx,"Second-level adaptation, inverse method, Simulation 1, R2012a export (Apr 7 2016)",Pedro,"This is indirect MRAC of a 2nd-order companion-form plant with three fixed identification models. alpha is obtained by inverting the error matrix, theta_hat = Theta_bar*alpha_bar, and u = r + (theta_m - theta_hat)'x_p. Values: theta_p=[-2;-1], theta_m=[-1;-3], models [-2;-4],[-6;-6],[3;-6], reference 1+0.1 sin t, ode3 with 1e-4 step, 40 s. It is the slides' 'Simulacao 1' model saved down to the R2","Second-level adaptation (Narendra) study at the start of Pedro's MSc (advisor Aldayr), Mar-Jul 2016. It led to the CBA2016 paper (Gushiken & Araujo). See Simulacoes MATLAB e PSIM/07 README. Slides 'Apresentacao - Narendra/abntex2-modelo-slides.tex' (Apr 7 2016)",intermediate-version,high,MATLAB/MATLAB_Files_Old.rar!/SIM_NARENDRA_1_METODO_INVERSA.slx,7527d600a3fb076f6989735200b282693321b4eb
papers/2016-cba-second-level-adaptation-pe-switch-off/code/SIM_NARENDRA_3_METODO_DIFERENCIAL.slx,"Second-level adaptation, differential method, Simulation 3, R2012a export (Apr 7 2016)",Pedro,"Same architecture with alpha from the differential (gradient) law. theta_p=[5;3] (unstable), theta_m=[-24;-8], fixed models [-10;-10],[15;-10],[5;15], reference 10 sin(2t), uniform-noise disturbance on u. 60 s, ode3 with 1e-4 step.","Second-level adaptation (Narendra) study at the start of Pedro's MSc (advisor Aldayr), Mar-Jul 2016. It led to the CBA2016 paper (Gushiken & Araujo). See Simulacoes MATLAB e PSIM/07 README. Slides 'Simulacao 3' (Apr 7 2016)",intermediate-version,high,MATLAB/MATLAB_Files_Old.rar!/SIM_NARENDRA_3_METODO_DIFERENCIAL.slx,cab5676f9de84ca739b304ff3ad0126186570ab0
papers/2016-cba-second-level-adaptation-pe-switch-off/code/SIM_NARENDRA_4_METODO_DIFERENCIAL.slx,"Second-level adaptation, 3rd-order time-varying plant, Simulation 4, R2012a export",Pedro,"This is the 3rd-order extension with differential alpha estimation. Plant parameters vary in time through Sine blocks (amplitudes/frequencies [1 1 0]), theta_m=[-15 -23 -9], fixed models [5;3;3],[1;3;3],[3;6;3], b=[0;0;1], uniform noise on u. Run length is 2.5 s, ode3 with 1e-4 step.","Second-level adaptation (Narendra) study at the start of Pedro's MSc (advisor Aldayr), Mar-Jul 2016. It led to the CBA2016 paper (Gushiken & Araujo). See Simulacoes MATLAB e PSIM/07 README. Slides 'Simulacao 4' (Apr 7 2016)",intermediate-version,high,MATLAB/MATLAB_Files_Old.rar!/SIM_NARENDRA_4_METODO_DIFERENCIAL.slx,b6155aa6a52a7b33a4ca8a3198fc87cb2fca7cdf
papers/2016-cba-second-level-adaptation-pe-switch-off/code/anlinesample.m,animatedline / getframe test,Pedro,"It draws two reference lines, then animates 4-point animatedline updates for 400 frames, capturing each with getframe into M. It was a test of MATLAB's animation API.","Second-level adaptation (Narendra) study at the start of Pedro's MSc (advisor Aldayr), Mar-Jul 2016. It led to the CBA2016 paper (Gushiken & Araujo). See Simulacoes MATLAB e PSIM/07 README. It prepared the animated parameter-trajectory figures (Simetria*.fig, May 30 2016; L2AA_Dif_Anim*.m). Found in 'Projetos a Organizar' ('projects to sort out'). A copy is in MATLAB_Files_Old.rar/Projetos a Organ",test/scratch,medium,MATLAB/MATLAB_Files_Old.rar!/Projetos a Organizar/anlinesample.m,876431a1b7009e898ad708a0805cfd1c4fd53477
papers/2016-cba-second-level-adaptation-pe-switch-off/code/archived-versions/MATLAB_Files_Old.rar/Toolbox_adap_L2_acesso_var_estado/L2AA.m,"L2AA: second-level adaptation with automatic PE switch-off, state access (Jul 2016 version)",Pedro,"This is a struct-driven implementation of Narendra-Wang-Chen (ACC 2014) second-level adaptation with n+1 adaptive identification models, for a plant with measurable states in companion form. alpha is adapted by gradient with projection onto [0,1]. eta = alpha_dot'Q alpha_dot/(1+...) is the figure of merit. When eta <= tol_eta the PE reference is smoothly removed by a first-order law (tau_ref), the","Second-level adaptation (Narendra) study at the start of Pedro's MSc (advisor Aldayr), Mar-Jul 2016. It led to the CBA2016 paper (Gushiken & Araujo). See Simulacoes MATLAB e PSIM/07 README. The header says 'Simulacao referente ao artigo sobre adaptacao de segundo nivel: Proceedings of the 2014 American Control Conference, Narendra, Wang, Chen ... Aluno: Pedro Gushiken'",intermediate-version,high,MATLAB/MATLAB_Files_Old.rar!/Toolbox_adap_L2_acesso_var_estado/L2AA.m,2a73cee98c88000874621c5e4649b7080467d17a
papers/2016-cba-second-level-adaptation-pe-switch-off/code/cba5.mat,"GUI-saved second-level-adaptation parameter set (cba5.mat, CBA-derived variant)","Pedro (probable; GUI and toolbox headers say ""Aluno: Pedro Gushiken"")","Parameters struct: t 0–90 s, h=0.05, modelos=[[-4 -3 -8];[-5 -2 -4]] (3 models, 2 params), planta=[-5.7 -3.6], modelo_ref=[-4 -4], x_m(0)=[0.2 0.3], α0=[0 0], Q=1e4·I, γ=10, P=1000·I, reference amplitudes [1 0.4 0.3] at frequencies [0 0.5 2], tol_eta=0.01, tau_ref=10. Except for the header timestamp, the content is identical to CBA1/2/3/92/cba5/CBA10. The plant is NOT the paper's. The paper uses θ","CBA2016 paper period (Gushiken & Araújo, 'XXI CBA', Vitória, Oct 3–7 2016, CBA2016-0420.pdf). The CBA presentation is ap_CBA2016.tex (Oct 5 2016). Saved after the paper's simulations, probably while testing the new GUI or preparing the talk (inference).",parameters,medium,MATLAB/cba5.mat,c3ddd8ad580a0c60a0a0410eaff6506effceeeb4
papers/2016-cba-second-level-adaptation-pe-switch-off/code/ex.mat,Scratch workspace: CBA parameter structs + convex-hull matrix + test vectors,Pedro (probable),"Workspace containing: Param_sim_CBA (old-format struct, 3 models [[-4 -3 -8];[-5 -2 -4]], plant [-5.7 -3.6], γ=10, h=0.05, 90 s); Param_sim_Test (same with γ=1); A=[models;1 1 1], the matrix whose inverse gives the convex coefficients α; test vectors x, y1..y4 (ramps and constants on 0..1); and an MCOS object, probably a graphics or table handle.",Sep 2016 CBA-period experiments with the second-level adaptation toolbox (CBA2016-0420.pdf).,test/scratch,medium,MATLAB/ex.mat,32c7c4c2de75c021c82bc828f525e50cd0a65ff2
papers/2016-cba-second-level-adaptation-pe-switch-off/code/latest_params.mat,GUI parameter set: 4-parameter plant OUTSIDE the model hull (Oct 30 2016),Pedro (probable),"Parameters struct: 5 models (4×5), plant [1.5 2 -2 -1], reference model [1 1 -6 -9], 30 s, h=0.005, α0=0.1, γ=1, PE reference with amplitudes [1 1 1] at frequencies [0 0.829 3.37]. Solving for the convex coefficients gives negative values, so the plant is NOT inside the convex hull of the models. That is probably a deliberate robustness test or a mistake.","Oct–Nov 2016 work on input-output / unknown-b second-level adaptation (L2A_IO_*, L2AA_CL_Ident in Matlab_Current/Apps). It is the period between CBA2016 and the dissertation drafts.",parameters,medium,Matlab_Current/latest_params.mat,fbcdb90898bfb4a066ef1211a71f6517bd6959e2
papers/2016-cba-second-level-adaptation-pe-switch-off/code/plot_adap_figures.m,Plot routine for second-level adaptation result structs,Pedro,"It takes the struct returned by the L2A* simulators and plots x_m vs x_p (both states), the alpha values, the control signal, the error 2-norm, the figure of merit eta, and for 2nd-order plants the parameter-space picture (model hull, plant point, theta_hat trajectory). Titles say 'Metodo Diferencial'. In figure 3 set(leg1,...) reuses the previous legend handle.","Second-level adaptation (Narendra) study at the start of Pedro's MSc (advisor Aldayr), Mar-Jul 2016. It led to the CBA2016 paper (Gushiken & Araujo). See Simulacoes MATLAB e PSIM/07 README. Found in 'Projetos a Organizar' ('projects to sort out'). A copy is in MATLAB_Files_Old.rar/Projetos a Organizar",library/function,high,MATLAB/MATLAB_Files_Old.rar!/Projetos a Organizar/plot_adap_figures.m,ede2b6b7948ee5bfda5432a404644b369f51053d
papers/2016-cba-second-level-adaptation-pe-switch-off/paper/CBA2016-0420.pdf,,,,,latex,,Documentos/Concursos/CBA2016-0420.pdf,50e40a0c79bdcb54127db014b7590869482bebae
papers/2016-cba-second-level-adaptation-pe-switch-off/paper/artigopedro2016.pdf,,,,,latex,,Documentos/CBA2016/latex/artigopedro2016.pdf,31c758d2d266fc9258da1fb61bacf314be2ea02b
papers/2016-cba-second-level-adaptation-pe-switch-off/paper/artigopedro2016.tex,,,,,latex,,Documentos/CBA2016/latex/artigopedro2016.tex,8a545e64c0c8f2da9897b5a7fbb5367e5343e14e
papers/2016-cba-second-level-adaptation-pe-switch-off/paper/bib-controleadaptativo.bib,,,,,latex,,Documentos/CBA2016/latex/bib-controleadaptativo.bib,428dae472f3fc8942c49a9e73036abe6a0c8d549
papers/2016-cba-second-level-adaptation-pe-switch-off/paper/dcu.bst.txt,,,,,latex,,Documentos/CBA2016/latex/dcu.bst.txt,540d4da1b45962f9df490efbe815c0f3d9c9bc8e
papers/2016-cba-second-level-adaptation-pe-switch-off/paper/drafts/cba.pdf,,,,,latex,,Documentos/CBA2016/latex/cba.pdf,e0e175d2ee9f42a71e2f592a1f53fc711a9a045a
papers/2016-cba-second-level-adaptation-pe-switch-off/paper/drafts/cba.tex,,,,,latex,,Documentos/CBA2016/latex/cba.tex,89a504c042426123794253f629c77cf66b152bc3
papers/2016-cba-second-level-adaptation-pe-switch-off/paper/drafts/cba2016-submission-blind-review.pdf,"CBA2016 paper 0420, submitted blind-review version without author names (Aug 2016)",Pedro Yochinori Gushiken; Aldayr Dantas de Araújo,Submission version; author block emptied,CBA2016,doc,medium,Documentos/Mestrado/CBA2016-0420_038994.PDF,d17f142eea1f95b677b977aadbbe47434e6cc5c3
papers/2016-cba-second-level-adaptation-pe-switch-off/paper/drafts/exemplo.bib,,,,,latex,,Documentos/CBA2016/latex/exemplo.bib,f2a8c5b9ddf45fed9ef29df3915e568b151c4744
papers/2016-cba-second-level-adaptation-pe-switch-off/paper/drafts/harvard.sty,,,,,latex,,Documentos/CBA2016/latex/harvard.sty,c95c6dc9002f9d43ae1c9e072f0bff190d337f50
papers/2016-cba-second-level-adaptation-pe-switch-off/paper/drafts/sbatex.cls,,,,,latex,,Documentos/CBA2016/latex/sbatex.cls,ffdea5ea4772ee64b13212b2ddcf85df38a03f55
papers/2016-cba-second-level-adaptation-pe-switch-off/paper/gushiken-araujo-cba2016-second-level-adaptation-pe-switch-off.pdf,"Adaptação de Segundo Nível Usando Modelos Fixos com Desligamento do Sinal Persistentemente Excitante (CBA2016 paper 0420, published version)",Pedro Yochinori Gushiken; Aldayr Dantas de Araújo,"Proceedings version (ISSN 2525-8311, p.1422). Byte-identical to CBA2016-0420.pdf. Prints the authors' own emails (pedrogush@gmail.com, aldayr@dca.ufrn.br), as published, which is acceptable. The LaTeX project is probably in Documentos/CBA2016 (other scope)","XXI Congresso Brasileiro de Automática (CBA2016), Vitória-ES, Oct 3-7 2016",doc,high,Documentos/Mestrado/Artigo_CBA2016-0420.pdf,50e40a0c79bdcb54127db014b7590869482bebae
papers/2016-cba-second-level-adaptation-pe-switch-off/paper/harvard.sty,,,,,latex,,Documentos/CBA2016/latex/harvard.sty,c95c6dc9002f9d43ae1c9e072f0bff190d337f50
papers/2016-cba-second-level-adaptation-pe-switch-off/paper/pics/SIM1_E0.png,,,,,latex,,Documentos/CBA2016/latex/pics/SIM1_E0.png,0ce0b00b3862e217c0e1f2e034278fc4ea94bb25
papers/2016-cba-second-level-adaptation-pe-switch-off/paper/pics/SIM1_ETA.png,,,,,latex,,Documentos/CBA2016/latex/pics/SIM1_ETA.png,71330650b69af6e34dac8a2b13c374b1bbe30deb
papers/2016-cba-second-level-adaptation-pe-switch-off/paper/pics/SIM1_Saida.png,,,,,latex,,Documentos/CBA2016/latex/pics/SIM1_Saida.png,c68eebc7b9e8dc47d9c918f8deee292ab1773945
papers/2016-cba-second-level-adaptation-pe-switch-off/paper/pics/SIM1_SinalCont.png,,,,,latex,,Documentos/CBA2016/latex/pics/SIM1_SinalCont.png,f945c3b9f83779226bf92b509ce55daf7271b79e
papers/2016-cba-second-level-adaptation-pe-switch-off/paper/pics/SIM1_Traj.png,,,,,latex,,Documentos/CBA2016/latex/pics/SIM1_Traj.png,6c1e0a0a3ad53ac72408f350a1e80c7624ad6e6b
papers/2016-cba-second-level-adaptation-pe-switch-off/paper/pics/SIM2_E0.png,,,,,latex,,Documentos/CBA2016/latex/pics/SIM2_E0.png,456714d421aa531c8050fc5e337ddcf747ecf53a
papers/2016-cba-second-level-adaptation-pe-switch-off/paper/pics/SIM2_ETA.png,,,,,latex,,Documentos/CBA2016/latex/pics/SIM2_ETA.png,d0378aa7ad628ef4cbabe172973df2c5d7559c2d
papers/2016-cba-second-level-adaptation-pe-switch-off/paper/pics/SIM2_Saida.png,,,,,latex,,Documentos/CBA2016/latex/pics/SIM2_Saida.png,7202976a736592a01d58cd0e722143ad9e7a88cc
papers/2016-cba-second-level-adaptation-pe-switch-off/paper/pics/SIM2_SinalCont.png,,,,,latex,,Documentos/CBA2016/latex/pics/SIM2_SinalCont.png,33adac695ba3b5f9ae5f0bb52a834e9eaeaabe1a
papers/2016-cba-second-level-adaptation-pe-switch-off/paper/pics/SIM2_Traj.png,,,,,latex,,Documentos/CBA2016/latex/pics/SIM2_Traj.png,adac7380f5d42263b043b6954ecdf637145b7eec
papers/2016-cba-second-level-adaptation-pe-switch-off/paper/pics/SIM3_E0.png,,,,,latex,,Documentos/CBA2016/latex/pics/SIM3_E0.png,25449d15eed02f2ad1dc1acab98539cd5fd3c5f0
papers/2016-cba-second-level-adaptation-pe-switch-off/paper/pics/SIM3_ETA.png,,,,,latex,,Documentos/CBA2016/latex/pics/SIM3_ETA.png,d6e5e1ab0e1b953a41222dbe7647633a6ce6286d
papers/2016-cba-second-level-adaptation-pe-switch-off/paper/pics/SIM3_Saida.png,,,,,latex,,Documentos/CBA2016/latex/pics/SIM3_Saida.png,c00c9fa5055797ef6958bed1195b2bdf6b8ca608
papers/2016-cba-second-level-adaptation-pe-switch-off/paper/pics/SIM3_SinalCont.png,,,,,latex,,Documentos/CBA2016/latex/pics/SIM3_SinalCont.png,e27d3ef1d1d83a93cf7d1000e6cca5d62bb9921b
papers/2016-cba-second-level-adaptation-pe-switch-off/paper/pics/SIM3_Traj.png,,,,,latex,,Documentos/CBA2016/latex/pics/SIM3_Traj.png,693a9863d138c000cbb9591176c38d8553712cd8
papers/2016-cba-second-level-adaptation-pe-switch-off/paper/pics/SIM4_E0.png,,,,,latex,,Documentos/CBA2016/latex/pics/SIM4_E0.png,7748dea6453e6a5d7666494f2ce2077a67d1322c
papers/2016-cba-second-level-adaptation-pe-switch-off/paper/pics/SIM4_ETA.png,,,,,latex,,Documentos/CBA2016/latex/pics/SIM4_ETA.png,3182094fd4ecac2959a4696432ad719e2fa3bc6f
papers/2016-cba-second-level-adaptation-pe-switch-off/paper/pics/SIM4_SinalCont.png,,,,,latex,,Documentos/CBA2016/latex/pics/SIM4_SinalCont.png,f0fd7ec0b6aeadd433cab5d1d58c7d4c3555d93b
papers/2016-cba-second-level-adaptation-pe-switch-off/paper/pics/SIM4_Traj.png,,,,,latex,,Documentos/CBA2016/latex/pics/SIM4_Traj.png,6db0fdddcc18abf48737626939e1167bac99b29e
papers/2016-cba-second-level-adaptation-pe-switch-off/paper/pics/Sim4_Saida.png,,,,,latex,,Documentos/CBA2016/latex/pics/Sim4_Saida.png,2feea52b5321dcab1238b272cb63713ce04d8440
papers/2016-cba-second-level-adaptation-pe-switch-off/paper/sbatex.cls,,,,,latex,,Documentos/CBA2016/latex/sbatex.cls,ffdea5ea4772ee64b13212b2ddcf85df38a03f55
papers/2016-cba-second-level-adaptation-pe-switch-off/slides/Background.jpg,,,,,latex,,Documentos/Apresentação - Narendra/Background.jpg,0dd98a3974950f1dc1ac3ee16c88d134e3de991a
papers/2016-cba-second-level-adaptation-pe-switch-off/slides/BackgroundPages.jpg,,,,,latex,,Documentos/Apresentação - Narendra/BackgroundPages.jpg,8a5ea26ee631f0ad5c4186a0091a087d5e2f29d0
papers/2016-cba-second-level-adaptation-pe-switch-off/slides/BackgroundTitle.jpg,,,,,latex,,Documentos/Apresentação - Narendra/BackgroundTitle.jpg,ab40a317895ece3157c19ba5de5077028bd1ee53
papers/2016-cba-second-level-adaptation-pe-switch-off/slides/ap_CBA2016_com_Template.pdf,,,,,latex,,Documentos/Apresentação - Narendra/ap_CBA2016_com_Template.pdf,fd378f4ddcbdb0c9b2ab329b45434e41f1ce003e
papers/2016-cba-second-level-adaptation-pe-switch-off/slides/ap_CBA2016_com_Template.tex,,,,,latex,,Documentos/Apresentação - Narendra/ap_CBA2016_com_Template.tex,3e72ad1942c75276e4e5cbfaa5b28ae3add6e30a
papers/2016-cba-second-level-adaptation-pe-switch-off/slides/bib-controleadaptativo.bib,,,,,latex,,Documentos/Apresentação - Narendra/bib-controleadaptativo.bib,68cc439b4c6e1252a5bc4c96d001fd743c2fb6bf
papers/2016-cba-second-level-adaptation-pe-switch-off/slides/drafts/Background.jpg,,,,,latex,,Documentos/Apresentação - Narendra/Background.jpg,0dd98a3974950f1dc1ac3ee16c88d134e3de991a
papers/2016-cba-second-level-adaptation-pe-switch-off/slides/drafts/BackgroundPages.jpg,,,,,latex,,Documentos/Apresentação - Narendra/BackgroundPages.jpg,8a5ea26ee631f0ad5c4186a0091a087d5e2f29d0
papers/2016-cba-second-level-adaptation-pe-switch-off/slides/drafts/BackgroundTitle.jpg,,,,,latex,,Documentos/Apresentação - Narendra/BackgroundTitle.jpg,ab40a317895ece3157c19ba5de5077028bd1ee53
papers/2016-cba-second-level-adaptation-pe-switch-off/slides/drafts/CBA2016_Template.pdf,,,,,latex,,Documentos/Apresentação - Narendra/CBA2016_Template.pdf,fcddecf44c46eedec2548b00b9eec03be14b6a7b
papers/2016-cba-second-level-adaptation-pe-switch-off/slides/drafts/CBA2016_Template.tex,,,,,latex,,Documentos/Apresentação - Narendra/CBA2016_Template.tex,536323bb1df4bec6b62a9f9d22f7ce866cc29250
papers/2016-cba-second-level-adaptation-pe-switch-off/slides/drafts/ap_CBA2016.pdf,,,,,latex,,Documentos/Apresentação - Narendra/ap_CBA2016.pdf,946190582793ca4b50713b7ba9a50e2448e762ba
papers/2016-cba-second-level-adaptation-pe-switch-off/slides/drafts/ap_CBA2016.tex,,,,,latex,,Documentos/Apresentação - Narendra/ap_CBA2016.tex,cda100f6f885dae3d61d77ba90ae6c622b48a21e
papers/2016-cba-second-level-adaptation-pe-switch-off/slides/drafts/bib-controleadaptativo.bib,,,,,latex,,Documentos/Apresentação - Narendra/bib-controleadaptativo.bib,68cc439b4c6e1252a5bc4c96d001fd743c2fb6bf
papers/2016-cba-second-level-adaptation-pe-switch-off/slides/drafts/pics/Ex_pics/ES_SIM1.png,,,,,latex,,Documentos/Apresentação - Narendra/pics/Ex_pics/ES_SIM1.png | Documentos/Apresentação - Narendra/pics/Ex_pics/ES_SIM1.png,f72999270ffd92d15ea4ea5a323ed011c02be6fc
papers/2016-cba-second-level-adaptation-pe-switch-off/slides/drafts/pics/Ex_pics/ES_SIM2.png,,,,,latex,,Documentos/Apresentação - Narendra/pics/Ex_pics/ES_SIM2.png | Documentos/Apresentação - Narendra/pics/Ex_pics/ES_SIM2.png,e770a9056d61d339adb4635dd066b2c132b6e896
papers/2016-cba-second-level-adaptation-pe-switch-off/slides/drafts/pics/Ex_pics/ES_SIM3.png,,,,,latex,,Documentos/Apresentação - Narendra/pics/Ex_pics/ES_SIM3.png | Documentos/Apresentação - Narendra/pics/Ex_pics/ES_SIM3.png,b299da378803dd2d904261d6c0cb84a0ff3ba4dd
papers/2016-cba-second-level-adaptation-pe-switch-off/slides/drafts/pics/Ex_pics/ES_SIM4.png,,,,,latex,,Documentos/Apresentação - Narendra/pics/Ex_pics/ES_SIM4.png | Documentos/Apresentação - Narendra/pics/Ex_pics/ES_SIM4.png,4d00cc643072eaa0c9a14da45c9f1474a18af80c
papers/2016-cba-second-level-adaptation-pe-switch-off/slides/drafts/pics/Ex_pics/Ex_Regiao.png,,,,,latex,,Documentos/Apresentação - Narendra/pics/Ex_pics/Ex_Regiao.png | Documentos/Apresentação - Narendra/pics/Ex_pics/Ex_Regiao.png,8a78d316ba69bb431b93ef3aceb2c6ad9e804f65
papers/2016-cba-second-level-adaptation-pe-switch-off/slides/drafts/pics/Ex_pics/Grafs_Sim1.png,,,,,latex,,Documentos/Apresentação - Narendra/pics/Ex_pics/Grafs_Sim1.png | Documentos/Apresentação - Narendra/pics/Ex_pics/Grafs_Sim1.png,41d2e69784b07e4de4af9479968d18385b189f60
papers/2016-cba-second-level-adaptation-pe-switch-off/slides/drafts/pics/Ex_pics/Norm2_ES_SIM1.png,,,,,latex,,Documentos/Apresentação - Narendra/pics/Ex_pics/Norm2_ES_SIM1.png | Documentos/Apresentação - Narendra/pics/Ex_pics/Norm2_ES_SIM1.png,20662bc145dc1a95c50600f81b3bbc2f809adfdc
papers/2016-cba-second-level-adaptation-pe-switch-off/slides/drafts/pics/Ex_pics/Norm2_ES_SIM2.png,,,,,latex,,Documentos/Apresentação - Narendra/pics/Ex_pics/Norm2_ES_SIM2.png | Documentos/Apresentação - Narendra/pics/Ex_pics/Norm2_ES_SIM2.png,1de2c43a142c25362ad2c59f2ae072079e754304
papers/2016-cba-second-level-adaptation-pe-switch-off/slides/drafts/pics/Ex_pics/Norm2_ES_SIM3.png,,,,,latex,,Documentos/Apresentação - Narendra/pics/Ex_pics/Norm2_ES_SIM3.png | Documentos/Apresentação - Narendra/pics/Ex_pics/Norm2_ES_SIM3.png,3142644faac15d567a7cb4a93ff3b8ccd9e95bb2
papers/2016-cba-second-level-adaptation-pe-switch-off/slides/drafts/pics/Ex_pics/Norm2_ES_SIM4.png,,,,,latex,,Documentos/Apresentação - Narendra/pics/Ex_pics/Norm2_ES_SIM4.png | Documentos/Apresentação - Narendra/pics/Ex_pics/Norm2_ES_SIM4.png,24cd7e2cf359d229f1d6b7323e3f464abab89d1d
papers/2016-cba-second-level-adaptation-pe-switch-off/slides/drafts/pics/Ex_pics/S_MeP_SIM1.png,,,,,latex,,Documentos/Apresentação - Narendra/pics/Ex_pics/S_MeP_SIM1.png | Documentos/Apresentação - Narendra/pics/Ex_pics/S_MeP_SIM1.png,724b05e2c01dc540be2045f6ec3a79c802ff6601
papers/2016-cba-second-level-adaptation-pe-switch-off/slides/drafts/pics/Ex_pics/S_MeP_SIM2.png,,,,,latex,,Documentos/Apresentação - Narendra/pics/Ex_pics/S_MeP_SIM2.png | Documentos/Apresentação - Narendra/pics/Ex_pics/S_MeP_SIM2.png,8ac7524f541cf538e8a3e65f85a27f5b1d4518a8
papers/2016-cba-second-level-adaptation-pe-switch-off/slides/drafts/pics/Ex_pics/S_MeP_SIM3.png,,,,,latex,,Documentos/Apresentação - Narendra/pics/Ex_pics/S_MeP_SIM3.png | Documentos/Apresentação - Narendra/pics/Ex_pics/S_MeP_SIM3.png,4e0b80631a4997512da1a50e961963fbb42e0326
papers/2016-cba-second-level-adaptation-pe-switch-off/slides/drafts/pics/Ex_pics/S_MeP_SIM4.png,,,,,latex,,Documentos/Apresentação - Narendra/pics/Ex_pics/S_MeP_SIM4.png | Documentos/Apresentação - Narendra/pics/Ex_pics/S_MeP_SIM4.png,0d3f4a09fdb463b4e6d3e2f1b8a3ade56d4d3c3b
papers/2016-cba-second-level-adaptation-pe-switch-off/slides/drafts/pics/SIM1_E0.png,,,,,latex,,Documentos/Apresentação - Narendra/pics/SIM1_E0.png | Documentos/Apresentação - Narendra/pics/SIM1_E0.png,0ce0b00b3862e217c0e1f2e034278fc4ea94bb25
papers/2016-cba-second-level-adaptation-pe-switch-off/slides/drafts/pics/SIM1_ETA.png,,,,,latex,,Documentos/Apresentação - Narendra/pics/SIM1_ETA.png | Documentos/Apresentação - Narendra/pics/SIM1_ETA.png,71330650b69af6e34dac8a2b13c374b1bbe30deb
papers/2016-cba-second-level-adaptation-pe-switch-off/slides/drafts/pics/SIM1_L1AA.png,,,,,latex,,Documentos/Apresentação - Narendra/pics/SIM1_L1AA.png | Documentos/Apresentação - Narendra/pics/SIM1_L1AA.png,7ff74ae3904eb5ef52764d8ff1e61ff9252c0535
papers/2016-cba-second-level-adaptation-pe-switch-off/slides/drafts/pics/SIM1_Saida.png,,,,,latex,,Documentos/Apresentação - Narendra/pics/SIM1_Saida.png | Documentos/Apresentação - Narendra/pics/SIM1_Saida.png,c68eebc7b9e8dc47d9c918f8deee292ab1773945
papers/2016-cba-second-level-adaptation-pe-switch-off/slides/drafts/pics/SIM1_SinalCont.png,,,,,latex,,Documentos/Apresentação - Narendra/pics/SIM1_SinalCont.png | Documentos/Apresentação - Narendra/pics/SIM1_SinalCont.png,f945c3b9f83779226bf92b509ce55daf7271b79e
papers/2016-cba-second-level-adaptation-pe-switch-off/slides/drafts/pics/SIM1_Traj.png,,,,,latex,,Documentos/Apresentação - Narendra/pics/SIM1_Traj.png | Documentos/Apresentação - Narendra/pics/SIM1_Traj.png,6c1e0a0a3ad53ac72408f350a1e80c7624ad6e6b
papers/2016-cba-second-level-adaptation-pe-switch-off/slides/drafts/pics/SIM2_E0.png,,,,,latex,,Documentos/Apresentação - Narendra/pics/SIM2_E0.png | Documentos/Apresentação - Narendra/pics/SIM2_E0.png,456714d421aa531c8050fc5e337ddcf747ecf53a
papers/2016-cba-second-level-adaptation-pe-switch-off/slides/drafts/pics/SIM2_ETA.png,,,,,latex,,Documentos/Apresentação - Narendra/pics/SIM2_ETA.png | Documentos/Apresentação - Narendra/pics/SIM2_ETA.png,d0378aa7ad628ef4cbabe172973df2c5d7559c2d
papers/2016-cba-second-level-adaptation-pe-switch-off/slides/drafts/pics/SIM2_Saida.png,,,,,latex,,Documentos/Apresentação - Narendra/pics/SIM2_Saida.png | Documentos/Apresentação - Narendra/pics/SIM2_Saida.png,7202976a736592a01d58cd0e722143ad9e7a88cc
papers/2016-cba-second-level-adaptation-pe-switch-off/slides/drafts/pics/SIM2_SinalCont.png,,,,,latex,,Documentos/Apresentação - Narendra/pics/SIM2_SinalCont.png | Documentos/Apresentação - Narendra/pics/SIM2_SinalCont.png,33adac695ba3b5f9ae5f0bb52a834e9eaeaabe1a
papers/2016-cba-second-level-adaptation-pe-switch-off/slides/drafts/pics/SIM2_Traj.png,,,,,latex,,Documentos/Apresentação - Narendra/pics/SIM2_Traj.png | Documentos/Apresentação - Narendra/pics/SIM2_Traj.png,adac7380f5d42263b043b6954ecdf637145b7eec
papers/2016-cba-second-level-adaptation-pe-switch-off/slides/drafts/pics/SIM3_E0.png,,,,,latex,,Documentos/Apresentação - Narendra/pics/SIM3_E0.png | Documentos/Apresentação - Narendra/pics/SIM3_E0.png,25449d15eed02f2ad1dc1acab98539cd5fd3c5f0
papers/2016-cba-second-level-adaptation-pe-switch-off/slides/drafts/pics/SIM3_ETA.png,,,,,latex,,Documentos/Apresentação - Narendra/pics/SIM3_ETA.png | Documentos/Apresentação - Narendra/pics/SIM3_ETA.png,d6e5e1ab0e1b953a41222dbe7647633a6ce6286d
papers/2016-cba-second-level-adaptation-pe-switch-off/slides/drafts/pics/SIM3_Saida.png,,,,,latex,,Documentos/Apresentação - Narendra/pics/SIM3_Saida.png | Documentos/Apresentação - Narendra/pics/SIM3_Saida.png,c00c9fa5055797ef6958bed1195b2bdf6b8ca608
papers/2016-cba-second-level-adaptation-pe-switch-off/slides/drafts/pics/SIM3_SinalCont.png,,,,,latex,,Documentos/Apresentação - Narendra/pics/SIM3_SinalCont.png | Documentos/Apresentação - Narendra/pics/SIM3_SinalCont.png,e27d3ef1d1d83a93cf7d1000e6cca5d62bb9921b
papers/2016-cba-second-level-adaptation-pe-switch-off/slides/drafts/pics/SIM3_Traj.png,,,,,latex,,Documentos/Apresentação - Narendra/pics/SIM3_Traj.png | Documentos/Apresentação - Narendra/pics/SIM3_Traj.png,693a9863d138c000cbb9591176c38d8553712cd8
papers/2016-cba-second-level-adaptation-pe-switch-off/slides/drafts/pics/SIM4_E0.png,,,,,latex,,Documentos/Apresentação - Narendra/pics/SIM4_E0.png | Documentos/Apresentação - Narendra/pics/SIM4_E0.png,7748dea6453e6a5d7666494f2ce2077a67d1322c
papers/2016-cba-second-level-adaptation-pe-switch-off/slides/drafts/pics/SIM4_ETA.png,,,,,latex,,Documentos/Apresentação - Narendra/pics/SIM4_ETA.png | Documentos/Apresentação - Narendra/pics/SIM4_ETA.png,3182094fd4ecac2959a4696432ad719e2fa3bc6f
papers/2016-cba-second-level-adaptation-pe-switch-off/slides/drafts/pics/SIM4_SinalCont.png,,,,,latex,,Documentos/Apresentação - Narendra/pics/SIM4_SinalCont.png | Documentos/Apresentação - Narendra/pics/SIM4_SinalCont.png,f0fd7ec0b6aeadd433cab5d1d58c7d4c3555d93b
papers/2016-cba-second-level-adaptation-pe-switch-off/slides/drafts/pics/SIM4_Traj.png,,,,,latex,,Documentos/Apresentação - Narendra/pics/SIM4_Traj.png | Documentos/Apresentação - Narendra/pics/SIM4_Traj.png,6db0fdddcc18abf48737626939e1167bac99b29e
papers/2016-cba-second-level-adaptation-pe-switch-off/slides/drafts/pics/Sim4_Saida.png,,,,,latex,,Documentos/Apresentação - Narendra/pics/Sim4_Saida.png | Documentos/Apresentação - Narendra/pics/Sim4_Saida.png,2feea52b5321dcab1238b272cb63713ce04d8440
papers/2016-cba-second-level-adaptation-pe-switch-off/slides/pics/SIM1_E0.png,,,,,latex,,Documentos/Apresentação - Narendra/pics/SIM1_E0.png,0ce0b00b3862e217c0e1f2e034278fc4ea94bb25
papers/2016-cba-second-level-adaptation-pe-switch-off/slides/pics/SIM1_ETA.png,,,,,latex,,Documentos/Apresentação - Narendra/pics/SIM1_ETA.png,71330650b69af6e34dac8a2b13c374b1bbe30deb
papers/2016-cba-second-level-adaptation-pe-switch-off/slides/pics/SIM1_L1AA.png,,,,,latex,,Documentos/Apresentação - Narendra/pics/SIM1_L1AA.png,7ff74ae3904eb5ef52764d8ff1e61ff9252c0535
papers/2016-cba-second-level-adaptation-pe-switch-off/slides/pics/SIM1_Saida.png,,,,,latex,,Documentos/Apresentação - Narendra/pics/SIM1_Saida.png,c68eebc7b9e8dc47d9c918f8deee292ab1773945
papers/2016-cba-second-level-adaptation-pe-switch-off/slides/pics/SIM1_SinalCont.png,,,,,latex,,Documentos/Apresentação - Narendra/pics/SIM1_SinalCont.png,f945c3b9f83779226bf92b509ce55daf7271b79e
papers/2016-cba-second-level-adaptation-pe-switch-off/slides/pics/SIM1_Traj.png,,,,,latex,,Documentos/Apresentação - Narendra/pics/SIM1_Traj.png,6c1e0a0a3ad53ac72408f350a1e80c7624ad6e6b
papers/2016-cba-second-level-adaptation-pe-switch-off/slides/pics/SIM3_E0.png,,,,,latex,,Documentos/Apresentação - Narendra/pics/SIM3_E0.png,25449d15eed02f2ad1dc1acab98539cd5fd3c5f0
papers/2016-cba-second-level-adaptation-pe-switch-off/slides/pics/SIM3_ETA.png,,,,,latex,,Documentos/Apresentação - Narendra/pics/SIM3_ETA.png,d6e5e1ab0e1b953a41222dbe7647633a6ce6286d
papers/2016-cba-second-level-adaptation-pe-switch-off/slides/pics/SIM3_Saida.png,,,,,latex,,Documentos/Apresentação - Narendra/pics/SIM3_Saida.png,c00c9fa5055797ef6958bed1195b2bdf6b8ca608
papers/2016-cba-second-level-adaptation-pe-switch-off/slides/pics/SIM3_SinalCont.png,,,,,latex,,Documentos/Apresentação - Narendra/pics/SIM3_SinalCont.png,e27d3ef1d1d83a93cf7d1000e6cca5d62bb9921b
papers/2016-cba-second-level-adaptation-pe-switch-off/slides/pics/SIM3_Traj.png,,,,,latex,,Documentos/Apresentação - Narendra/pics/SIM3_Traj.png,693a9863d138c000cbb9591176c38d8553712cd8
papers/2016-cba-second-level-adaptation-pe-switch-off/slides/pics/SIM4_E0.png,,,,,latex,,Documentos/Apresentação - Narendra/pics/SIM4_E0.png,7748dea6453e6a5d7666494f2ce2077a67d1322c
papers/2016-cba-second-level-adaptation-pe-switch-off/slides/pics/SIM4_ETA.png,,,,,latex,,Documentos/Apresentação - Narendra/pics/SIM4_ETA.png,3182094fd4ecac2959a4696432ad719e2fa3bc6f
papers/2016-cba-second-level-adaptation-pe-switch-off/slides/pics/SIM4_SinalCont.png,,,,,latex,,Documentos/Apresentação - Narendra/pics/SIM4_SinalCont.png,f0fd7ec0b6aeadd433cab5d1d58c7d4c3555d93b
papers/2016-cba-second-level-adaptation-pe-switch-off/slides/pics/SIM4_Traj.png,,,,,latex,,Documentos/Apresentação - Narendra/pics/SIM4_Traj.png,6db0fdddcc18abf48737626939e1167bac99b29e
papers/2016-cba-second-level-adaptation-pe-switch-off/slides/pics/Sim4_Saida.png,,,,,latex,,Documentos/Apresentação - Narendra/pics/Sim4_Saida.png,2feea52b5321dcab1238b272cb63713ce04d8440
papers/2018-cba-second-level-adaptation-forgetting-factor/paper/bib-controleadaptativo.bib,,,,,latex,,Documentos/CBA2018/bib-controleadaptativo.bib,d338c38ca10bcceae5e6c30500191e883f057302
papers/2018-cba-second-level-adaptation-forgetting-factor/paper/cba.bbl,,,,,latex,,Documentos/CBA2018/cba.bbl,dfac734dcbbe1b048f6436bab2ad5ad8e9bb5743
papers/2018-cba-second-level-adaptation-forgetting-factor/paper/cba.pdf,,,,,latex,,Documentos/CBA2018/cba.pdf,1201cd8e8e8e3d8b4673b7c624485ed83086157d
papers/2018-cba-second-level-adaptation-forgetting-factor/paper/cba.tex,,,,,latex,,Documentos/CBA2018/cba.tex,1f95ebf91a1498ade9606594d2a96e3befe41f98
papers/2018-cba-second-level-adaptation-forgetting-factor/paper/drafts/cba - rascunho.tex,,,,,latex,,Documentos/CBA2018/cba - rascunho.tex,966c63b9b64b9ae77f71dcba0c820f027af373ff
papers/2018-cba-second-level-adaptation-forgetting-factor/paper/drafts/cba2018-submission/bib-controleadaptativo.bib,,,,,latex,,Documentos/CBA2018/CBA2018.rar!/bib-controleadaptativo.bib,d338c38ca10bcceae5e6c30500191e883f057302
papers/2018-cba-second-level-adaptation-forgetting-factor/paper/drafts/cba2018-submission/cba.pdf,,,,,latex,,Documentos/CBA2018/CBA2018.rar!/cba.pdf,d03379f87fa04562f29c747b2dbcce0ebc573bc6
papers/2018-cba-second-level-adaptation-forgetting-factor/paper/drafts/cba2018-submission/cba.tex,,,,,latex,,Documentos/CBA2018/CBA2018.rar!/cba.tex,0802c3988e976d6e2b0c000e55fc2677b85eae25
papers/2018-cba-second-level-adaptation-forgetting-factor/paper/drafts/cba2018-submission/harvard.sty,,,,,latex,,Documentos/CBA2018/CBA2018.rar!/harvard.sty,c95c6dc9002f9d43ae1c9e072f0bff190d337f50
papers/2018-cba-second-level-adaptation-forgetting-factor/paper/drafts/cba2018-submission/pics/SIM_1.png,,,,,latex,,Documentos/CBA2018/CBA2018.rar!/pics//SIM_1.png,bf321fe1778183b792a6b1b145e8a922bdf7813d
papers/2018-cba-second-level-adaptation-forgetting-factor/paper/drafts/cba2018-submission/pics/SIM_2.png,,,,,latex,,Documentos/CBA2018/CBA2018.rar!/pics//SIM_2.png,2dc19367842e43b50026ec2f7eb3fbfb2f5aaf09
papers/2018-cba-second-level-adaptation-forgetting-factor/paper/drafts/cba2018-submission/pics/SIM_3.png,,,,,latex,,Documentos/CBA2018/CBA2018.rar!/pics//SIM_3.png,ffe6c8992e09b10d0290703a609aeeadd6601825
papers/2018-cba-second-level-adaptation-forgetting-factor/paper/drafts/cba2018-submission/pics/SIM_4.png,,,,,latex,,Documentos/CBA2018/CBA2018.rar!/pics//SIM_4.png,66c5f4ac2d9d76c6d101eda911b75c8880d53fd2
papers/2018-cba-second-level-adaptation-forgetting-factor/paper/drafts/cba2018-submission/sbatex.cls,,,,,latex,,Documentos/CBA2018/CBA2018.rar!/sbatex.cls,ffdea5ea4772ee64b13212b2ddcf85df38a03f55
papers/2018-cba-second-level-adaptation-forgetting-factor/paper/drafts/cba2018.pdf,,,,,latex,,Documentos/CBA2018/cba2018.pdf,73ffc8f2691bed1c5d14680f33dc16750b68d45c
papers/2018-cba-second-level-adaptation-forgetting-factor/paper/drafts/cba2018.tex,,,,,latex,,Documentos/CBA2018/cba2018.tex,8d0c2b1b5842edbf5e397169380616c986a7bab2
papers/2018-cba-second-level-adaptation-forgetting-factor/paper/drafts/sbai_2019_a2n.pdf,,,,,latex,,Documentos/CBA2018/sbai_2019_a2n.pdf,412dbf2ae69f331b735dc69400dfc8295161ac1e
papers/2018-cba-second-level-adaptation-forgetting-factor/paper/harvard.sty,,,,,latex,,Documentos/CBA2018/harvard.sty,c95c6dc9002f9d43ae1c9e072f0bff190d337f50
papers/2018-cba-second-level-adaptation-forgetting-factor/paper/pics/SIM_1.png,,,,,latex,,Documentos/CBA2018/pics/SIM_1.png,844f7b12ded6ab5e012d8a5a5a2e5e37e5a415bc
papers/2018-cba-second-level-adaptation-forgetting-factor/paper/pics/SIM_2.png,,,,,latex,,Documentos/CBA2018/pics/SIM_2.png,267f7586862887af93515d3af21590074c5ebf19
papers/2018-cba-second-level-adaptation-forgetting-factor/paper/pics/SIM_3.png,,,,,latex,,Documentos/CBA2018/pics/SIM_3.png,f349fbd82bf836c84ef9f3ee71d0a935088cd356
papers/2018-cba-second-level-adaptation-forgetting-factor/paper/pics/SIM_4.png,,,,,latex,,Documentos/CBA2018/pics/SIM_4.png,e9cada25d572f0741e92010a8b9810a6c9308de0
papers/2018-cba-second-level-adaptation-forgetting-factor/paper/sbatex.cls,,,,,latex,,Documentos/CBA2018/sbatex.cls,ffdea5ea4772ee64b13212b2ddcf85df38a03f55
